Granule Name,Platform,Sensor,Beam Mode,Beam Mode Description,Orbit,Path Number,Frame Number,Acquisition Date,Processing Date,Processing Level,Start Time,End Time,Center Lat,Center Lon,Near Start Lat,Near Start Lon,Far Start Lat,Far Start Lon,Near End Lat,Near End Lon,Far End Lat,Far End Lon,Faraday Rotation,Ascending or Descending?,URL,Size (MB),Off Nadir Angle,Stack Size,Doppler,GroupID,Pointing Angle,relativeBurstID,absoluteBurstID,fullBurstID,burstIndex,azimuthTime,azimuthAnxTime,samplesPerBurst,subswath
S1A_IW_SLC__1SDV_20170620T181015_20170620T181042_017121_01C8AC_785A,Sentinel-1A,C-SAR,IW,"Interferometric Wide. 250 km swath, 5 m x 20 m spatial resolution and burst synchronization for interferometry. IW is considered to be the standard mode over land masses.",17121,74,1206,2017-06-20T18:10:42.818720Z,2017-06-20T18:10:15.876543Z,SLC,2017-06-20T18:10:15.876543Z,2017-06-20T18:10:42.818720Z,8.3024,0.9175,7.2593,-0.036352,7.714992,2.203691,8.88917,-0.371382,9.340402,1.87814,None,ASCENDING,https://datapool.asf.alaska.edu/SLC/SA/S1A_IW_SLC__1SDV_20170620T181015_20170620T181042_017121_01C8AC_785A.zip,4646.62296581268,None,None,0,S1A_IWDV_0022_0027_017121_074,,,,,,,,,
S1A_IW_SLC__1SDV_20170608T181015_20170608T181042_016946_01C346_7DCA,Sentinel-1A,C-SAR,IW,"Interferometric Wide. 250 km swath, 5 m x 20 m spatial resolution and burst synchronization for interferometry. IW is considered to be the standard mode over land masses.",16946,74,1206,2017-06-08T18:10:42.175216Z,2017-06-08T18:10:15.230984Z,SLC,2017-06-08T18:10:15.230984Z,2017-06-08T18:10:42.175216Z,8.3014,0.9178,7.258229,-0.036043,7.713889,2.203922,8.88823,-0.371088,9.339429,1.878357,None,ASCENDING,https://datapool.asf.alaska.edu/SLC/SA/S1A_IW_SLC__1SDV_20170608T181015_20170608T181042_016946_01C346_7DCA.zip,4542.26480960846,None,None,0,S1A_IWDV_0022_0027_016946_074,,,,,,,,,
S1A_IW_SLC__1SDV_20170527T181014_20170527T181041_016771_01BDD8_80AF,Sentinel-1A,C-SAR,IW,"Interferometric Wide. 250 km swath, 5 m x 20 m spatial resolution and burst synchronization for interferometry. IW is considered to be the standard mode over land masses.",16771,74,1206,2017-05-27T18:10:41.231506Z,2017-05-27T18:10:14.287274Z,SLC,2017-05-27T18:10:14.287274Z,2017-05-27T18:10:41.231506Z,8.3019,0.9187,7.258696,-0.035087,7.714364,2.204806,8.888701,-0.370147,9.339908,1.879225,None,ASCENDING,https://datapool.asf.alaska.edu/SLC/SA/S1A_IW_SLC__1SDV_20170527T181014_20170527T181041_016771_01BDD8_80AF.zip,4533.59770202637,None,None,0,S1A_IWDV_0022_0027_016771_074,,,,,,,,,
S1A_IW_SLC__1SDV_20170515T181013_20170515T181040_016596_01B877_3EF7,Sentinel-1A,C-SAR,IW,"Interferometric Wide. 250 km swath, 5 m x 20 m spatial resolution and burst synchronization for interferometry. IW is considered to be the standard mode over land masses.",16596,74,1206,2017-05-15T18:10:40.785247Z,2017-05-15T18:10:13.836904Z,SLC,2017-05-15T18:10:13.836904Z,2017-05-15T18:10:40.785247Z,8.3017,0.9176,7.258384,-0.036177,7.714073,2.203751,8.888632,-0.3713,9.33986,1.878109,None,ASCENDING,https://datapool.asf.alaska.edu/SLC/SA/S1A_IW_SLC__1SDV_20170515T181013_20170515T181040_016596_01B877_3EF7.zip,4469.32150840759,None,None,0,S1A_IWDV_0022_0027_016596_074,,,,,,,,,
S1A_IW_SLC__1SDV_20170503T181013_20170503T181040_016421_01B324_7B34,Sentinel-1A,C-SAR,IW,"Interferometric Wide. 250 km swath, 5 m x 20 m spatial resolution and burst synchronization for interferometry. IW is considered to be the standard mode over land masses.",16421,74,1206,2017-05-03T18:10:40.191661Z,2017-05-03T18:10:13.249484Z,SLC,2017-05-03T18:10:13.249484Z,2017-05-03T18:10:40.191661Z,8.3023,0.917,7.259124,-0.036893,7.714839,2.203162,8.888991,-0.371938,9.340246,1.877596,None,ASCENDING,https://datapool.asf.alaska.edu/SLC/SA/S1A_IW_SLC__1SDV_20170503T181013_20170503T181040_016421_01B324_7B34.zip,4451.52519416809,None,None,0,S1A_IWDV_0022_0027_016421_074,,,,,,,,,
S1A_IW_SLC__1SDV_20170421T181012_20170421T181039_016246_01ADD6_5913,Sentinel-1A,C-SAR,IW,"Interferometric Wide. 250 km swath, 5 m x 20 m spatial resolution and burst synchronization for interferometry. IW is considered to be the standard mode over land masses.",16246,74,1206,2017-04-21T18:10:39.533995Z,2017-04-21T18:10:12.589763Z,SLC,2017-04-21T18:10:12.589763Z,2017-04-21T18:10:39.533995Z,8.3021,0.9174,7.258948,-0.036369,7.714652,2.203604,8.888944,-0.371444,9.340187,1.878009,None,ASCENDING,https://datapool.asf.alaska.edu/SLC/SA/S1A_IW_SLC__1SDV_20170421T181012_20170421T181039_016246_01ADD6_5913.zip,4417.50364780426,None,None,0,S1A_IWDV_0022_0027_016246_074,,,,,,,,,
S1A_IW_SLC__1SDV_20170409T181011_20170409T181038_016071_01A87B_4F8E,Sentinel-1A,C-SAR,IW,"Interferometric Wide. 250 km swath, 5 m x 20 m spatial resolution and burst synchronization for interferometry. IW is considered to be the standard mode over land masses.",16071,74,1206,2017-04-09T18:10:38.932943Z,2017-04-09T18:10:11.990767Z,SLC,2017-04-09T18:10:11.990767Z,2017-04-09T18:10:38.932943Z,8.3019,0.9174,7.258819,-0.036405,7.714499,2.203573,8.888694,-0.371434,9.339912,1.878021,None,ASCENDING,https://datapool.asf.alaska.edu/SLC/SA/S1A_IW_SLC__1SDV_20170409T181011_20170409T181038_016071_01A87B_4F8E.zip,4419.24412822723,None,None,0,S1A_IWDV_0022_0027_016071_074,,,,,,,,,
S1A_IW_SLC__1SDV_20170328T181011_20170328T181038_015896_01A33D_07BB,Sentinel-1A,C-SAR,IW,"Interferometric Wide. 250 km swath, 5 m x 20 m spatial resolution and burst synchronization for interferometry. IW is considered to be the standard mode over land masses.",15896,74,1206,2017-03-28T18:10:38.403125Z,2017-03-28T18:10:11.456838Z,SLC,2017-03-28T18:10:11.456838Z,2017-03-28T18:10:38.403125Z,8.3021,0.9175,7.258852,-0.036414,7.71455,2.203739,8.888963,-0.371489,9.340199,1.878148,None,ASCENDING,https://datapool.asf.alaska.edu/SLC/SA/S1A_IW_SLC__1SDV_20170328T181011_20170328T181038_015896_01A33D_07BB.zip,4378.40069961548,None,None,0,S1A_IWDV_0022_0027_015896_074,,,,,,,,,
S1A_IW_SLC__1SDV_20170316T181011_20170316T181038_015721_019DFF_E81E,Sentinel-1A,C-SAR,IW,"Interferometric Wide. 250 km swath, 5 m x 20 m spatial resolution and burst synchronization for interferometry. IW is considered to be the standard mode over land masses.",15721,74,1206,2017-03-16T18:10:38.182219Z,2017-03-16T18:10:11.237987Z,SLC,2017-03-16T18:10:11.237987Z,2017-03-16T18:10:38.182219Z,8.3024,0.9173,7.259198,-0.036569,7.714928,2.20355,8.88918,-0.371654,9.34045,1.877952,None,ASCENDING,https://datapool.asf.alaska.edu/SLC/SA/S1A_IW_SLC__1SDV_20170316T181011_20170316T181038_015721_019DFF_E81E.zip,4388.41494464874,None,None,0,S1A_IWDV_0022_0027_015721_074,,,,,,,,,
S1A_IW_SLC__1SDV_20170304T181010_20170304T181037_015546_0198C4_B167,Sentinel-1A,C-SAR,IW,"Interferometric Wide. 250 km swath, 5 m x 20 m spatial resolution and burst synchronization for interferometry. IW is considered to be the standard mode over land masses.",15546,74,1206,2017-03-04T18:10:37.850747Z,2017-03-04T18:10:10.902404Z,SLC,2017-03-04T18:10:10.902404Z,2017-03-04T18:10:37.850747Z,8.3021,0.9184,7.258812,-0.035476,7.714566,2.204628,8.889039,-0.370638,9.340334,1.878957,None,ASCENDING,https://datapool.asf.alaska.edu/SLC/SA/S1A_IW_SLC__1SDV_20170304T181010_20170304T181037_015546_0198C4_B167.zip,4389.79430007935,None,None,0,S1A_IWDV_0022_0027_015546_074,,,,,,,,,
S1A_IW_SLC__1SDV_20170220T181011_20170220T181038_015371_01937B_6604,Sentinel-1A,C-SAR,IW,"Interferometric Wide. 250 km swath, 5 m x 20 m spatial resolution and burst synchronization for interferometry. IW is considered to be the standard mode over land masses.",15371,74,1206,2017-02-20T18:10:38.004194Z,2017-02-20T18:10:11.059962Z,SLC,2017-02-20T18:10:11.059962Z,2017-02-20T18:10:38.004194Z,8.303,0.9177,7.259848,-0.036145,7.715576,2.203926,8.889828,-0.371251,9.341098,1.878312,None,ASCENDING,https://datapool.asf.alaska.edu/SLC/SA/S1A_IW_SLC__1SDV_20170220T181011_20170220T181038_015371_01937B_6604.zip,4387.44835090637,None,None,0,S1A_IWDV_0022_0027_015371_074,,,,,,,,,
S1A_IW_SLC__1SDV_20170208T181011_20170208T181038_015196_018E08_CE10,Sentinel-1A,C-SAR,IW,"Interferometric Wide. 250 km swath, 5 m x 20 m spatial resolution and burst synchronization for interferometry. IW is considered to be the standard mode over land masses.",15196,74,1206,2017-02-08T18:10:38.202667Z,2017-02-08T18:10:11.258435Z,SLC,2017-02-08T18:10:11.258435Z,2017-02-08T18:10:38.202667Z,8.3022,0.9178,7.258998,-0.036086,7.714673,2.203959,8.888987,-0.371164,9.340203,1.878375,None,ASCENDING,https://datapool.asf.alaska.edu/SLC/SA/S1A_IW_SLC__1SDV_20170208T181011_20170208T181038_015196_018E08_CE10.zip,4378.08500480652,None,None,0,S1A_IWDV_0022_0027_015196_074,,,,,,,,,
S1A_IW_SLC__1SDV_20170127T181009_20170127T181037_015021_018897_12E8,Sentinel-1A,C-SAR,IW,"Interferometric Wide. 250 km swath, 5 m x 20 m spatial resolution and burst synchronization for interferometry. IW is considered to be the standard mode over land masses.",15021,74,21,2017-01-27T18:10:37.477511Z,2017-01-27T18:10:09.595946Z,SLC,2017-01-27T18:10:09.595946Z,2017-01-27T18:10:37.477511Z,8.2157,0.933,7.144497,-0.012972,7.599748,2.222746,8.831191,-0.359744,9.281832,1.885671,None,ASCENDING,https://datapool.asf.alaska.edu/SLC/SA/S1A_IW_SLC__1SDV_20170127T181009_20170127T181037_015021_018897_12E8.zip,4545.51038074493,None,None,0,S1A_IWDV_0021_0026_015021_074,,,,,,,,,
S1A_IW_SLC__1SDV_20170115T181009_20170115T181037_014846_018331_D86B,Sentinel-1A,C-SAR,IW,"Interferometric Wide. 250 km swath, 5 m x 20 m spatial resolution and burst synchronization for interferometry. IW is considered to be the standard mode over land masses.",14846,74,21,2017-01-15T18:10:37.621576Z,2017-01-15T18:10:09.737955Z,SLC,2017-01-15T18:10:09.737955Z,2017-01-15T18:10:37.621576Z,8.2148,0.9333,7.143484,-0.012597,7.598759,2.223124,8.830301,-0.359414,9.280967,1.886004,None,ASCENDING,https://datapool.asf.alaska.edu/SLC/SA/S1A_IW_SLC__1SDV_20170115T181009_20170115T181037_014846_018331_D86B.zip,4550.83237266541,None,None,0,S1A_IWDV_0021_0026_014846_074,,,,,,,,,
S1A_IW_SLC__1SDV_20170103T181010_20170103T181038_014671_017DD4_B30B,Sentinel-1A,C-SAR,IW,"Interferometric Wide. 250 km swath, 5 m x 20 m spatial resolution and burst synchronization for interferometry. IW is considered to be the standard mode over land masses.",14671,74,21,2017-01-03T18:10:38.051845Z,2017-01-03T18:10:10.176446Z,SLC,2017-01-03T18:10:10.176446Z,2017-01-03T18:10:38.051845Z,8.216,0.9332,7.144917,-0.012726,7.600192,2.222925,8.831237,-0.359456,9.281902,1.885892,None,ASCENDING,https://datapool.asf.alaska.edu/SLC/SA/S1A_IW_SLC__1SDV_20170103T181010_20170103T181038_014671_017DD4_B30B.zip,4573.86624240875,None,None,0,S1A_IWDV_0021_0026_014671_074,,,,,,,,,
S1A_IW_SLC__1SDV_20161222T181011_20161222T181039_014496_017876_DDAF,Sentinel-1A,C-SAR,IW,"Interferometric Wide. 250 km swath, 5 m x 20 m spatial resolution and burst synchronization for interferometry. IW is considered to be the standard mode over land masses.",14496,74,21,2016-12-22T18:10:39.600226Z,2016-12-22T18:10:11.714550Z,SLC,2016-12-22T18:10:11.714550Z,2016-12-22T18:10:39.600226Z,8.2149,0.9333,7.143493,-0.012637,7.598793,2.223097,8.830431,-0.359495,9.28112,1.885937,None,ASCENDING,https://datapool.asf.alaska.edu/SLC/SA/S1A_IW_SLC__1SDV_20161222T181011_20161222T181039_014496_017876_DDAF.zip,4594.86677742004,None,None,0,S1A_IWDV_0021_0026_014496_074,,,,,,,,,
S1A_IW_SLC__1SDV_20161210T181012_20161210T181040_014321_017304_4C41,Sentinel-1A,C-SAR,IW,"Interferometric Wide. 250 km swath, 5 m x 20 m spatial resolution and burst synchronization for interferometry. IW is considered to be the standard mode over land masses.",14321,74,21,2016-12-10T18:10:40.055207Z,2016-12-10T18:10:12.175697Z,SLC,2016-12-10T18:10:12.175697Z,2016-12-10T18:10:40.055207Z,8.2157,0.9334,7.144526,-0.012555,7.599798,2.223168,8.831094,-0.359321,9.281756,1.886099,None,ASCENDING,https://datapool.asf.alaska.edu/SLC/SA/S1A_IW_SLC__1SDV_20161210T181012_20161210T181040_014321_017304_4C41.zip,4613.2663974762,None,None,0,S1A_IWDV_0021_0026_014321_074,,,,,,,,,
S1A_IW_SLC__1SDV_20161128T181012_20161128T181040_014146_016D75_A627,Sentinel-1A,C-SAR,IW,"Interferometric Wide. 250 km swath, 5 m x 20 m spatial resolution and burst synchronization for interferometry. IW is considered to be the standard mode over land masses.",14146,74,21,2016-11-28T18:10:40.455038Z,2016-11-28T18:10:12.571417Z,SLC,2016-11-28T18:10:12.571417Z,2016-11-28T18:10:40.455038Z,8.2158,0.9333,7.144493,-0.012586,7.599731,2.223118,8.831312,-0.35938,9.28194,1.886023,None,ASCENDING,https://datapool.asf.alaska.edu/SLC/SA/S1A_IW_SLC__1SDV_20161128T181012_20161128T181040_014146_016D75_A627.zip,4660.7303237915,None,None,0,S1A_IWDV_0021_0026_014146_074,,,,,,,,,
S1A_IW_SLC__1SDV_20161116T181012_20161116T181040_013971_016815_1ADA,Sentinel-1A,C-SAR,IW,"Interferometric Wide. 250 km swath, 5 m x 20 m spatial resolution and burst synchronization for interferometry. IW is considered to be the standard mode over land masses.",13971,74,21,2016-11-16T18:10:40.629273Z,2016-11-16T18:10:12.747708Z,SLC,2016-11-16T18:10:12.747708Z,2016-11-16T18:10:40.629273Z,8.2151,0.9334,7.143867,-0.01247,7.599127,2.223232,8.830564,-0.35925,9.281213,1.886148,None,ASCENDING,https://datapool.asf.alaska.edu/SLC/SA/S1A_IW_SLC__1SDV_20161116T181012_20161116T181040_013971_016815_1ADA.zip,4660.30310630798,None,None,0,S1A_IWDV_0021_0026_013971_074,,,,,,,,,
S1A_IW_SLC__1SDV_20161104T181012_20161104T181040_013796_0162A3_BBD2,Sentinel-1A,C-SAR,IW,"Interferometric Wide. 250 km swath, 5 m x 20 m spatial resolution and burst synchronization for interferometry. IW is considered to be the standard mode over land masses.",13796,74,21,2016-11-04T18:10:40.854522Z,2016-11-04T18:10:12.975012Z,SLC,2016-11-04T18:10:12.975012Z,2016-11-04T18:10:40.854522Z,8.2144,0.9332,7.1432,-0.012702,7.598474,2.222985,8.829773,-0.359465,9.280437,1.885915,None,ASCENDING,https://datapool.asf.alaska.edu/SLC/SA/S1A_IW_SLC__1SDV_20161104T181012_20161104T181040_013796_0162A3_BBD2.zip,4701.87234210968,None,None,0,S1A_IWDV_0021_0026_013796_074,,,,,,,,,
S1A_IW_SLC__1SDV_20161023T181013_20161023T181040_013621_015D2E_D1F3,Sentinel-1A,C-SAR,IW,"Interferometric Wide. 250 km swath, 5 m x 20 m spatial resolution and burst synchronization for interferometry. IW is considered to be the standard mode over land masses.",13621,74,21,2016-10-23T18:10:40.972356Z,2016-10-23T18:10:13.096957Z,SLC,2016-10-23T18:10:13.096957Z,2016-10-23T18:10:40.972356Z,8.2148,0.9332,7.143684,-0.012738,7.598987,2.222939,8.830007,-0.359468,9.2807,1.885899,None,ASCENDING,https://datapool.asf.alaska.edu/SLC/SA/S1A_IW_SLC__1SDV_20161023T181013_20161023T181040_013621_015D2E_D1F3.zip,4734.57527160645,None,None,0,S1A_IWDV_0021_0026_013621_074,,,,,,,,,
S1A_IW_SLC__1SDV_20161011T181013_20161011T181040_013446_0157B1_A121,Sentinel-1A,C-SAR,IW,"Interferometric Wide. 250 km swath, 5 m x 20 m spatial resolution and burst synchronization for interferometry. IW is considered to be the standard mode over land masses.",13446,74,21,2016-10-11T18:10:40.952632Z,2016-10-11T18:10:13.073122Z,SLC,2016-10-11T18:10:13.073122Z,2016-10-11T18:10:40.952632Z,8.2149,0.9333,7.143671,-0.012571,7.598936,2.223076,8.830248,-0.359326,9.280902,1.886011,None,ASCENDING,https://datapool.asf.alaska.edu/SLC/SA/S1A_IW_SLC__1SDV_20161011T181013_20161011T181040_013446_0157B1_A121.zip,4794.91125202179,None,None,0,S1A_IWDV_0021_0026_013446_074,,,,,,,,,
S1A_IW_SLC__1SDV_20160929T181013_20160929T181040_013271_01522C_2A1F,Sentinel-1A,C-SAR,IW,"Interferometric Wide. 250 km swath, 5 m x 20 m spatial resolution and burst synchronization for interferometry. IW is considered to be the standard mode over land masses.",13271,74,21,2016-09-29T18:10:40.989181Z,2016-09-29T18:10:13.107616Z,SLC,2016-09-29T18:10:13.107616Z,2016-09-29T18:10:40.989181Z,8.215,0.9335,7.143743,-0.012363,7.598958,2.223247,8.830454,-0.359105,9.281057,1.886192,None,ASCENDING,https://datapool.asf.alaska.edu/SLC/SA/S1A_IW_SLC__1SDV_20160929T181013_20160929T181040_013271_01522C_2A1F.zip,4754.32070064545,None,None,0,S1A_IWDV_0021_0026_013271_074,,,,,,,,,
S1A_IW_SLC__1SDV_20160917T181012_20160917T181040_013096_014C7A_399D,Sentinel-1A,C-SAR,IW,"Interferometric Wide. 250 km swath, 5 m x 20 m spatial resolution and burst synchronization for interferometry. IW is considered to be the standard mode over land masses.",13096,74,21,2016-09-17T18:10:40.639163Z,2016-09-17T18:10:12.757598Z,SLC,2016-09-17T18:10:12.757598Z,2016-09-17T18:10:40.639163Z,8.2151,0.9326,7.14416,-0.012018,7.598864,2.220998,8.830873,-0.358758,9.280971,1.883929,None,ASCENDING,https://datapool.asf.alaska.edu/SLC/SA/S1A_IW_SLC__1SDV_20160917T181012_20160917T181040_013096_014C7A_399D.zip,4764.33328056335,None,None,0,S1A_IWDV_0024_0029_013096_074,,,,,,,,,
S1A_IW_SLC__1SDV_20160824T181011_20160824T181039_012746_014101_DE2D,Sentinel-1A,C-SAR,IW,"Interferometric Wide. 250 km swath, 5 m x 20 m spatial resolution and burst synchronization for interferometry. IW is considered to be the standard mode over land masses.",12746,74,21,2016-08-24T18:10:39.750128Z,2016-08-24T18:10:11.866507Z,SLC,2016-08-24T18:10:11.866507Z,2016-08-24T18:10:39.750128Z,8.215,0.9339,7.143536,-0.012473,7.599034,2.224204,8.830371,-0.359277,9.281252,1.887087,None,ASCENDING,https://datapool.asf.alaska.edu/SLC/SA/S1A_IW_SLC__1SDV_20160824T181011_20160824T181039_012746_014101_DE2D.zip,4755.7788028717,None,None,0,S1A_IWDV_0023_0028_012746_074,,,,,,,,,
S1A_IW_SLC__1SDV_20160812T181011_20160812T181039_012571_013B21_C2EB,Sentinel-1A,C-SAR,IW,"Interferometric Wide. 250 km swath, 5 m x 20 m spatial resolution and burst synchronization for interferometry. IW is considered to be the standard mode over land masses.",12571,74,21,2016-08-12T18:10:39.072561Z,2016-08-12T18:10:11.188940Z,SLC,2016-08-12T18:10:11.188940Z,2016-08-12T18:10:39.072561Z,8.215,0.9318,7.144018,-0.012153,7.598528,2.219673,8.830855,-0.358945,9.280761,1.882545,None,ASCENDING,https://datapool.asf.alaska.edu/SLC/SA/S1A_IW_SLC__1SDV_20160812T181011_20160812T181039_012571_013B21_C2EB.zip,4730.37266159058,None,None,0,S1A_IWDV_0021_0026_012571_074,,,,,,,,,
S1A_IW_SLC__1SDV_20160731T181010_20160731T181038_012396_013552_C5DE,Sentinel-1A,C-SAR,IW,"Interferometric Wide. 250 km swath, 5 m x 20 m spatial resolution and burst synchronization for interferometry. IW is considered to be the standard mode over land masses.",12396,74,21,2016-07-31T18:10:38.583577Z,2016-07-31T18:10:10.704067Z,SLC,2016-07-31T18:10:10.704067Z,2016-07-31T18:10:38.583577Z,8.2146,0.9313,7.143738,-0.012817,7.598252,2.219183,8.830317,-0.359536,9.280228,1.882127,None,ASCENDING,https://datapool.asf.alaska.edu/SLC/SA/S1A_IW_SLC__1SDV_20160731T181010_20160731T181038_012396_013552_C5DE.zip,4737.61710643768,None,None,0,S1A_IWDV_0021_0026_012396_074,,,,,,,,,
S1A_IW_SLC__1SDV_20160719T181009_20160719T181037_012221_012F93_7C14,Sentinel-1A,C-SAR,IW,"Interferometric Wide. 250 km swath, 5 m x 20 m spatial resolution and burst synchronization for interferometry. IW is considered to be the standard mode over land masses.",12221,74,21,2016-07-19T18:10:37.770433Z,2016-07-19T18:10:09.888867Z,SLC,2016-07-19T18:10:09.888867Z,2016-07-19T18:10:37.770433Z,8.2138,0.9324,7.142967,-0.011649,7.597441,2.220196,8.829682,-0.358383,9.279552,1.883124,None,ASCENDING,https://datapool.asf.alaska.edu/SLC/SA/S1A_IW_SLC__1SDV_20160719T181009_20160719T181037_012221_012F93_7C14.zip,4712.75736236572,None,None,0,S1A_IWDV_0021_0026_012221_074,,,,,,,,,
S1A_IW_SLC__1SDV_20160707T181009_20160707T181037_012046_0129E1_9596,Sentinel-1A,C-SAR,IW,"Interferometric Wide. 250 km swath, 5 m x 20 m spatial resolution and burst synchronization for interferometry. IW is considered to be the standard mode over land masses.",12046,74,21,2016-07-07T18:10:37.243523Z,2016-07-07T18:10:09.366069Z,SLC,2016-07-07T18:10:09.366069Z,2016-07-07T18:10:37.243523Z,8.215,0.9314,7.144245,-0.012707,7.598744,2.219209,8.830705,-0.3594,9.280601,1.882178,None,ASCENDING,https://datapool.asf.alaska.edu/SLC/SA/S1A_IW_SLC__1SDV_20160707T181009_20160707T181037_012046_0129E1_9596.zip,4701.07918453217,None,None,0,S1A_IWDV_0021_0026_012046_074,,,,,,,,,
S1A_IW_SLC__1SDV_20160613T181007_20160613T181035_011696_011EB4_E87D,Sentinel-1A,C-SAR,IW,"Interferometric Wide. 250 km swath, 5 m x 20 m spatial resolution and burst synchronization for interferometry. IW is considered to be the standard mode over land masses.",11696,74,21,2016-06-13T18:10:35.850376Z,2016-06-13T18:10:07.968811Z,SLC,2016-06-13T18:10:07.968811Z,2016-06-13T18:10:35.850376Z,8.2142,0.9318,7.143221,-0.012856,7.597993,2.220274,8.829922,-0.359617,9.280087,1.883181,None,ASCENDING,https://datapool.asf.alaska.edu/SLC/SA/S1A_IW_SLC__1SDV_20160613T181007_20160613T181035_011696_011EB4_E87D.zip,4698.8894329071,None,None,0,S1A_IWDV_0023_0028_011696_074,,,,,,,,,
S1A_IW_SLC__1SDV_20160601T181007_20160601T181035_011521_01193C_95BC,Sentinel-1A,C-SAR,IW,"Interferometric Wide. 250 km swath, 5 m x 20 m spatial resolution and burst synchronization for interferometry. IW is considered to be the standard mode over land masses.",11521,74,21,2016-06-01T18:10:35.044096Z,2016-06-01T18:10:07.160475Z,SLC,2016-06-01T18:10:07.160475Z,2016-06-01T18:10:35.044096Z,8.2137,0.9316,7.142759,-0.012488,7.597267,2.219497,8.829587,-0.359248,9.279491,1.882399,None,ASCENDING,https://datapool.asf.alaska.edu/SLC/SA/S1A_IW_SLC__1SDV_20160601T181007_20160601T181035_011521_01193C_95BC.zip,4678.58809566498,None,None,0,S1A_IWDV_0022_0027_011521_074,,,,,,,,,
S1A_IW_SLC__1SDV_20160520T181006_20160520T181034_011346_011385_28D0,Sentinel-1A,C-SAR,IW,"Interferometric Wide. 250 km swath, 5 m x 20 m spatial resolution and burst synchronization for interferometry. IW is considered to be the standard mode over land masses.",11346,74,21,2016-05-20T18:10:34.327771Z,2016-05-20T18:10:06.444150Z,SLC,2016-05-20T18:10:06.444150Z,2016-05-20T18:10:34.327771Z,8.2139,0.9327,7.14281,-0.011891,7.597527,2.221195,8.829644,-0.358644,9.279754,1.88411,None,ASCENDING,https://datapool.asf.alaska.edu/SLC/SA/S1A_IW_SLC__1SDV_20160520T181006_20160520T181034_011346_011385_28D0.zip,4664.25108242035,None,None,0,S1A_IWDV_0022_0027_011346_074,,,,,,,,,
S1A_IW_SLC__1SDV_20160508T181003_20160508T181031_011171_010DDD_224D,Sentinel-1A,C-SAR,IW,"Interferometric Wide. 250 km swath, 5 m x 20 m spatial resolution and burst synchronization for interferometry. IW is considered to be the standard mode over land masses.",11171,74,20,2016-05-08T18:10:31.063320Z,2016-05-08T18:10:03.183810Z,SLC,2016-05-08T18:10:03.183810Z,2016-05-08T18:10:31.063320Z,8.0472,0.9649,6.976128,0.021302,7.431138,2.252561,8.662724,-0.32548,9.113115,1.915228,None,ASCENDING,https://datapool.asf.alaska.edu/SLC/SA/S1A_IW_SLC__1SDV_20160508T181003_20160508T181031_011171_010DDD_224D.zip,4617.28856182098,None,None,0,S1A_IWDV_0022_0027_011171_074,,,,,,,,,
S1A_IW_SLC__1SDV_20160426T181002_20160426T181030_010996_010855_D347,Sentinel-1A,C-SAR,IW,"Interferometric Wide. 250 km swath, 5 m x 20 m spatial resolution and burst synchronization for interferometry. IW is considered to be the standard mode over land masses.",10996,74,20,2016-04-26T18:10:30.369240Z,2016-04-26T18:10:02.481508Z,SLC,2016-04-26T18:10:02.481508Z,2016-04-26T18:10:30.369240Z,8.0476,0.9659,6.976156,0.021679,7.431405,2.254098,8.663247,-0.325212,9.113874,1.916664,None,ASCENDING,https://datapool.asf.alaska.edu/SLC/SA/S1A_IW_SLC__1SDV_20160426T181002_20160426T181030_010996_010855_D347.zip,4625.76762771606,None,None,0,S1A_IWDV_0021_0026_010996_074,,,,,,,,,
S1A_IW_SLC__1SDV_20160414T181002_20160414T181029_010821_0102F2_4274,Sentinel-1A,C-SAR,IW,"Interferometric Wide. 250 km swath, 5 m x 20 m spatial resolution and burst synchronization for interferometry. IW is considered to be the standard mode over land masses.",10821,74,20,2016-04-14T18:10:29.955037Z,2016-04-14T18:10:02.073472Z,SLC,2016-04-14T18:10:02.073472Z,2016-04-14T18:10:29.955037Z,8.0477,0.9649,6.976608,0.02126,7.431655,2.252515,8.663324,-0.325577,9.113753,1.915128,None,ASCENDING,https://datapool.asf.alaska.edu/SLC/SA/S1A_IW_SLC__1SDV_20160414T181002_20160414T181029_010821_0102F2_4274.zip,4646.23697280884,None,None,0,S1A_IWDV_0021_0026_010821_074,,,,,,,,,
S1A_IW_SLC__1SDV_20160402T181001_20160402T181029_010646_00FDAD_711F,Sentinel-1A,C-SAR,IW,"Interferometric Wide. 250 km swath, 5 m x 20 m spatial resolution and burst synchronization for interferometry. IW is considered to be the standard mode over land masses.",10646,74,20,2016-04-02T18:10:29.456554Z,2016-04-02T18:10:01.577044Z,SLC,2016-04-02T18:10:01.577044Z,2016-04-02T18:10:29.456554Z,8.0472,0.9651,6.975992,0.020872,7.431277,2.253398,8.662576,-0.325924,9.113239,1.916056,None,ASCENDING,https://datapool.asf.alaska.edu/SLC/SA/S1A_IW_SLC__1SDV_20160402T181001_20160402T181029_010646_00FDAD_711F.zip,4611.42034721375,None,None,0,S1A_IWDV_0021_0026_010646_074,,,,,,,,,
S1A_IW_SLC__1SDV_20160321T181001_20160321T181029_010471_00F8A9_4D29,Sentinel-1A,C-SAR,IW,"Interferometric Wide. 250 km swath, 5 m x 20 m spatial resolution and burst synchronization for interferometry. IW is considered to be the standard mode over land masses.",10471,74,20,2016-03-21T18:10:29.063195Z,2016-03-21T18:10:01.181630Z,SLC,2016-03-21T18:10:01.181630Z,2016-03-21T18:10:29.063195Z,8.0474,0.9646,6.976319,0.020869,7.43134,2.252254,8.66303,-0.325933,9.113433,1.914904,None,ASCENDING,https://datapool.asf.alaska.edu/SLC/SA/S1A_IW_SLC__1SDV_20160321T181001_20160321T181029_010471_00F8A9_4D29.zip,4550.01675796509,None,None,0,S1A_IWDV_0021_0026_010471_074,,,,,,,,,
S1A_IW_SLC__1SDV_20160309T181000_20160309T181028_010296_00F3B3_07AC,Sentinel-1A,C-SAR,IW,"Interferometric Wide. 250 km swath, 5 m x 20 m spatial resolution and burst synchronization for interferometry. IW is considered to be the standard mode over land masses.",10296,74,20,2016-03-09T18:10:28.553615Z,2016-03-09T18:10:00.676161Z,SLC,2016-03-09T18:10:00.676161Z,2016-03-09T18:10:28.553615Z,8.0472,0.9661,6.976148,0.021824,7.43139,2.254316,8.662611,-0.324937,9.113234,1.917015,None,ASCENDING,https://datapool.asf.alaska.edu/SLC/SA/S1A_IW_SLC__1SDV_20160309T181000_20160309T181028_010296_00F3B3_07AC.zip,4489.29008102417,None,None,0,S1A_IWDV_0021_0026_010296_074,,,,,,,,,
S1A_IW_SLC__1SDV_20160226T181000_20160226T181028_010121_00EEBE_8BD1,Sentinel-1A,C-SAR,IW,"Interferometric Wide. 250 km swath, 5 m x 20 m spatial resolution and burst synchronization for interferometry. IW is considered to be the standard mode over land masses.",10121,74,20,2016-02-26T18:10:28.591953Z,2016-02-26T18:10:00.710388Z,SLC,2016-02-26T18:10:00.710388Z,2016-02-26T18:10:28.591953Z,8.0482,0.9646,6.977051,0.020906,7.432093,2.252269,8.663756,-0.325932,9.114182,1.91489,None,ASCENDING,https://datapool.asf.alaska.edu/SLC/SA/S1A_IW_SLC__1SDV_20160226T181000_20160226T181028_010121_00EEBE_8BD1.zip,4488.42377376556,None,None,0,S1A_IWDV_0021_0026_010121_074,,,,,,,,,
S1A_IW_SLC__1SDV_20160214T181000_20160214T181028_009946_00E9A2_C853,Sentinel-1A,C-SAR,IW,"Interferometric Wide. 250 km swath, 5 m x 20 m spatial resolution and burst synchronization for interferometry. IW is considered to be the standard mode over land masses.",9946,74,20,2016-02-14T18:10:28.620185Z,2016-02-14T18:10:00.738620Z,SLC,2016-02-14T18:10:00.738620Z,2016-02-14T18:10:28.620185Z,8.0477,0.9649,6.976653,0.021554,7.431611,2.252381,8.663355,-0.325308,9.113699,1.914979,None,ASCENDING,https://datapool.asf.alaska.edu/SLC/SA/S1A_IW_SLC__1SDV_20160214T181000_20160214T181028_009946_00E9A2_C853.zip,4488.34599685669,None,None,0,S1A_IWDV_0021_0026_009946_074,,,,,,,,,
S1A_IW_SLC__1SDV_20160202T181000_20160202T181028_009771_00E48D_C47E,Sentinel-1A,C-SAR,IW,"Interferometric Wide. 250 km swath, 5 m x 20 m spatial resolution and burst synchronization for interferometry. IW is considered to be the standard mode over land masses.",9771,74,20,2016-02-02T18:10:28.872687Z,2016-02-02T18:10:00.991122Z,SLC,2016-02-02T18:10:00.991122Z,2016-02-02T18:10:28.872687Z,8.0478,0.9652,6.976647,0.02152,7.431688,2.252852,8.663351,-0.325335,9.113777,1.915462,None,ASCENDING,https://datapool.asf.alaska.edu/SLC/SA/S1A_IW_SLC__1SDV_20160202T181000_20160202T181028_009771_00E48D_C47E.zip,4509.11198425293,None,None,0,S1A_IWDV_0021_0026_009771_074,,,,,,,,,
S1A_IW_SLC__1SDV_20160121T181001_20160121T181029_009596_00DF74_EF39,Sentinel-1A,C-SAR,IW,"Interferometric Wide. 250 km swath, 5 m x 20 m spatial resolution and burst synchronization for interferometry. IW is considered to be the standard mode over land masses.",9596,74,20,2016-01-21T18:10:29.123666Z,2016-01-21T18:10:01.237990Z,SLC,2016-01-21T18:10:01.237990Z,2016-01-21T18:10:29.123666Z,8.0476,0.9652,6.976367,0.021529,7.431394,2.252909,8.663319,-0.325359,9.11373,1.915486,None,ASCENDING,https://datapool.asf.alaska.edu/SLC/SA/S1A_IW_SLC__1SDV_20160121T181001_20160121T181029_009596_00DF74_EF39.zip,4510.36430263519,None,None,0,S1A_IWDV_0021_0026_009596_074,,,,,,,,,
S1A_IW_SLC__1SDV_20160109T181001_20160109T181029_009421_00DA64_41AE,Sentinel-1A,C-SAR,IW,"Interferometric Wide. 250 km swath, 5 m x 20 m spatial resolution and burst synchronization for interferometry. IW is considered to be the standard mode over land masses.",9421,74,20,2016-01-09T18:10:29.433205Z,2016-01-09T18:10:01.553695Z,SLC,2016-01-09T18:10:01.553695Z,2016-01-09T18:10:29.433205Z,8.0479,0.9651,6.97684,0.021364,7.431843,2.252743,8.66342,-0.325436,9.113808,1.915409,None,ASCENDING,https://datapool.asf.alaska.edu/SLC/SA/S1A_IW_SLC__1SDV_20160109T181001_20160109T181029_009421_00DA64_41AE.zip,4526.28903102875,None,None,0,S1A_IWDV_0021_0026_009421_074,,,,,,,,,
S1A_IW_SLC__1SDV_20151216T181002_20151216T181030_009071_00D06B_4ABB,Sentinel-1A,C-SAR,IW,"Interferometric Wide. 250 km swath, 5 m x 20 m spatial resolution and burst synchronization for interferometry. IW is considered to be the standard mode over land masses.",9071,74,20,2015-12-16T18:10:30.115445Z,2015-12-16T18:10:02.235935Z,SLC,2015-12-16T18:10:02.235935Z,2015-12-16T18:10:30.115445Z,8.048,0.9657,6.976932,0.022071,7.431951,2.253276,8.663518,-0.324774,9.113923,1.915899,None,ASCENDING,https://datapool.asf.alaska.edu/SLC/SA/S1A_IW_SLC__1SDV_20151216T181002_20151216T181030_009071_00D06B_4ABB.zip,4565.06776237488,None,None,0,S1A_IWDV_0021_0026_009071_074,,,,,,,,,
S1A_IW_SLC__1SDV_20151204T181002_20151204T181030_008896_00CB98_9DCC,Sentinel-1A,C-SAR,IW,"Interferometric Wide. 250 km swath, 5 m x 20 m spatial resolution and burst synchronization for interferometry. IW is considered to be the standard mode over land masses.",8896,74,20,2015-12-04T18:10:30.806657Z,2015-12-04T18:10:02.920981Z,SLC,2015-12-04T18:10:02.920981Z,2015-12-04T18:10:30.806657Z,8.048,0.9649,6.976773,0.021312,7.431802,2.252578,8.66373,-0.325599,9.114143,1.915133,None,ASCENDING,https://datapool.asf.alaska.edu/SLC/SA/S1A_IW_SLC__1SDV_20151204T181002_20151204T181030_008896_00CB98_9DCC.zip,4604.55910587311,None,None,0,S1A_IWDV_0022_0027_008896_074,,,,,,,,,
S1A_IW_SLC__1SDV_20151122T181003_20151122T181030_008721_00C6A9_B06B,Sentinel-1A,C-SAR,IW,"Interferometric Wide. 250 km swath, 5 m x 20 m spatial resolution and burst synchronization for interferometry. IW is considered to be the standard mode over land masses.",8721,74,20,2015-11-22T18:10:30.351698Z,2015-11-22T18:10:03.294411Z,SLC,2015-11-22T18:10:03.294411Z,2015-11-22T18:10:30.351698Z,8.0231,0.9707,6.976964,0.022147,7.431936,2.253231,8.613812,-0.31445,9.064303,1.925787,None,ASCENDING,https://datapool.asf.alaska.edu/SLC/SA/S1A_IW_SLC__1SDV_20151122T181003_20151122T181030_008721_00C6A9_B06B.zip,4518.23425579071,None,None,0,S1A_IWDV_0022_0027_008721_074,,,,,,,,,
S1A_IW_SLC__1SDV_20151110T181008_20151110T181035_008546_00C1B2_5627,Sentinel-1A,C-SAR,IW,"Interferometric Wide. 250 km swath, 5 m x 20 m spatial resolution and burst synchronization for interferometry. IW is considered to be the standard mode over land masses.",8546,74,21,2015-11-10T18:10:35.819340Z,2015-11-10T18:10:08.762053Z,SLC,2015-11-10T18:10:08.762053Z,2015-11-10T18:10:35.819340Z,8.3558,0.9049,7.310059,-0.044507,7.764028,2.187979,8.946891,-0.380976,9.396407,1.861075,None,ASCENDING,https://datapool.asf.alaska.edu/SLC/SA/S1A_IW_SLC__1SDV_20151110T181008_20151110T181035_008546_00C1B2_5627.zip,4572.27083587647,None,None,0,S1A_IWDV_0023_0028_008546_074,,,,,,,,,
S1A_IW_SLC__1SDV_20151017T181009_20151017T181036_008196_00B863_0BBE,Sentinel-1A,C-SAR,IW,"Interferometric Wide. 250 km swath, 5 m x 20 m spatial resolution and burst synchronization for interferometry. IW is considered to be the standard mode over land masses.",8196,74,21,2015-10-17T18:10:36.378503Z,2015-10-17T18:10:09.323271Z,SLC,2015-10-17T18:10:09.323271Z,2015-10-17T18:10:36.378503Z,8.3566,0.9029,7.310924,-0.046554,7.764921,2.185968,8.947635,-0.382994,9.397178,1.859085,None,ASCENDING,https://datapool.asf.alaska.edu/SLC/SA/S1A_IW_SLC__1SDV_20151017T181009_20151017T181036_008196_00B863_0BBE.zip,4593.28705501556,None,None,0,S1A_IWDV_0023_0028_008196_074,,,,,,,,,
S1A_IW_SLC__1SDV_20150923T181008_20150923T181036_007846_00AEEF_18BF,Sentinel-1A,C-SAR,IW,"Interferometric Wide. 250 km swath, 5 m x 20 m spatial resolution and burst synchronization for interferometry. IW is considered to be the standard mode over land masses.",7846,74,21,2015-09-23T18:10:36.017511Z,2015-09-23T18:10:08.962279Z,SLC,2015-09-23T18:10:08.962279Z,2015-09-23T18:10:36.017511Z,8.3557,0.9032,7.310047,-0.046041,7.76397,2.18602,8.946752,-0.38248,9.39622,1.85913,None,ASCENDING,https://datapool.asf.alaska.edu/SLC/SA/S1A_IW_SLC__1SDV_20150923T181008_20150923T181036_007846_00AEEF_18BF.zip,4599.87102222443,None,None,0,S1A_IWDV_0023_0028_007846_074,,,,,,,,,
S1A_IW_SLC__1SDV_20150911T181008_20150911T181035_007671_00AA54_603F,Sentinel-1A,C-SAR,IW,"Interferometric Wide. 250 km swath, 5 m x 20 m spatial resolution and burst synchronization for interferometry. IW is considered to be the standard mode over land masses.",7671,74,21,2015-09-11T18:10:35.757238Z,2015-09-11T18:10:08.704062Z,SLC,2015-09-11T18:10:08.704062Z,2015-09-11T18:10:35.757238Z,8.3561,0.9031,7.310479,-0.046476,7.764491,2.186188,8.947056,-0.382867,9.396613,1.859349,None,ASCENDING,https://datapool.asf.alaska.edu/SLC/SA/S1A_IW_SLC__1SDV_20150911T181008_20150911T181035_007671_00AA54_603F.zip,4627.32769203186,None,None,0,S1A_IWDV_0023_0028_007671_074,,,,,,,,,
S1A_IW_SLC__1SDV_20150830T181008_20150830T181035_007496_00A58E_0A66,Sentinel-1A,C-SAR,IW,"Interferometric Wide. 250 km swath, 5 m x 20 m spatial resolution and burst synchronization for interferometry. IW is considered to be the standard mode over land masses.",7496,74,21,2015-08-30T18:10:35.289048Z,2015-08-30T18:10:08.231761Z,SLC,2015-08-30T18:10:08.231761Z,2015-08-30T18:10:35.289048Z,8.3552,0.9033,7.309502,-0.046202,7.76349,2.186438,8.946332,-0.382627,9.395863,1.859565,None,ASCENDING,https://datapool.asf.alaska.edu/SLC/SA/S1A_IW_SLC__1SDV_20150830T181008_20150830T181035_007496_00A58E_0A66.zip,4617.05758094788,None,None,0,S1A_IWDV_0023_0028_007496_074,,,,,,,,,
S1A_IW_SLC__1SDV_20150818T181007_20150818T181034_007321_00A0C7_57EF,Sentinel-1A,C-SAR,IW,"Interferometric Wide. 250 km swath, 5 m x 20 m spatial resolution and burst synchronization for interferometry. IW is considered to be the standard mode over land masses.",7321,74,21,2015-08-18T18:10:34.788027Z,2015-08-18T18:10:07.736907Z,SLC,2015-08-18T18:10:07.736907Z,2015-08-18T18:10:34.788027Z,8.3559,0.9029,7.310265,-0.046713,7.764314,2.186021,8.94671,-0.383092,9.396305,1.859192,None,ASCENDING,https://datapool.asf.alaska.edu/SLC/SA/S1A_IW_SLC__1SDV_20150818T181007_20150818T181034_007321_00A0C7_57EF.zip,4608.43138027191,None,None,0,S1A_IWDV_0023_0028_007321_074,,,,,,,,,
S1A_IW_SLC__1SDV_20150806T181007_20150806T181034_007146_009C04_C161,Sentinel-1A,C-SAR,IW,"Interferometric Wide. 250 km swath, 5 m x 20 m spatial resolution and burst synchronization for interferometry. IW is considered to be the standard mode over land masses.",7146,74,21,2015-08-06T18:10:34.074083Z,2015-08-06T18:10:07.020907Z,SLC,2015-08-06T18:10:07.020907Z,2015-08-06T18:10:34.074083Z,8.3564,0.903,7.310708,-0.046508,7.764758,2.186115,8.947282,-0.38294,9.396878,1.859238,None,ASCENDING,https://datapool.asf.alaska.edu/SLC/SA/S1A_IW_SLC__1SDV_20150806T181007_20150806T181034_007146_009C04_C161.zip,4551.19364738464,None,None,0,S1A_IWDV_0022_0027_007146_074,,,,,,,,,
S1A_IW_SLC__1SDV_20150725T181006_20150725T181033_006971_009731_DD3C,Sentinel-1A,C-SAR,IW,"Interferometric Wide. 250 km swath, 5 m x 20 m spatial resolution and burst synchronization for interferometry. IW is considered to be the standard mode over land masses.",6971,74,21,2015-07-25T18:10:33.543856Z,2015-07-25T18:10:06.484513Z,SLC,2015-07-25T18:10:06.484513Z,2015-07-25T18:10:33.543856Z,8.3571,0.9024,7.311236,-0.04696,7.765247,2.185524,8.948195,-0.383463,9.397751,1.858577,None,ASCENDING,https://datapool.asf.alaska.edu/SLC/SA/S1A_IW_SLC__1SDV_20150725T181006_20150725T181033_006971_009731_DD3C.zip,4570.13281345367,None,None,0,S1A_IWDV_0022_0027_006971_074,,,,,,,,,
S1A_IW_SLC__1SDV_20150713T181005_20150713T181032_006796_009237_EF3F,Sentinel-1A,C-SAR,IW,"Interferometric Wide. 250 km swath, 5 m x 20 m spatial resolution and burst synchronization for interferometry. IW is considered to be the standard mode over land masses.",6796,74,21,2015-07-13T18:10:32.636650Z,2015-07-13T18:10:05.581418Z,SLC,2015-07-13T18:10:05.581418Z,2015-07-13T18:10:32.636650Z,8.3564,0.9032,7.310651,-0.04639,7.764686,2.18635,8.947345,-0.382815,9.396926,1.859479,None,ASCENDING,https://datapool.asf.alaska.edu/SLC/SA/S1A_IW_SLC__1SDV_20150713T181005_20150713T181032_006796_009237_EF3F.zip,4576.98297405243,None,None,0,S1A_IWDV_0022_0027_006796_074,,,,,,,,,
S1A_IW_SLC__1SDV_20150701T181005_20150701T181032_006621_008D49_5540,Sentinel-1A,C-SAR,IW,"Interferometric Wide. 250 km swath, 5 m x 20 m spatial resolution and burst synchronization for interferometry. IW is considered to be the standard mode over land masses.",6621,74,21,2015-07-01T18:10:32.176336Z,2015-07-01T18:10:05.123160Z,SLC,2015-07-01T18:10:05.123160Z,2015-07-01T18:10:32.176336Z,8.3561,0.9021,7.310433,-0.047431,7.764431,2.185248,8.947011,-0.383817,9.396554,1.858417,None,ASCENDING,https://datapool.asf.alaska.edu/SLC/SA/S1A_IW_SLC__1SDV_20150701T181005_20150701T181032_006621_008D49_5540.zip,4539.72473526001,None,None,0,S1A_IWDV_0022_0027_006621_074,,,,,,,,,
S1A_IW_SLC__1SDV_20150619T181005_20150619T181032_006446_008877_2CD7,Sentinel-1A,C-SAR,IW,"Interferometric Wide. 250 km swath, 5 m x 20 m spatial resolution and burst synchronization for interferometry. IW is considered to be the standard mode over land masses.",6446,74,21,2015-06-19T18:10:32.245647Z,2015-06-19T18:10:05.194527Z,SLC,2015-06-19T18:10:05.194527Z,2015-06-19T18:10:32.245647Z,8.3555,0.9032,7.309974,-0.046318,7.763989,2.186349,8.946427,-0.382693,9.395988,1.859527,None,ASCENDING,https://datapool.asf.alaska.edu/SLC/SA/S1A_IW_SLC__1SDV_20150619T181005_20150619T181032_006446_008877_2CD7.zip,4564.10066223145,None,None,0,S1A_IWDV_0022_0027_006446_074,,,,,,,,,
S1A_IW_SLC__1SDV_20150607T181004_20150607T181031_006271_008372_5634,Sentinel-1A,C-SAR,IW,"Interferometric Wide. 250 km swath, 5 m x 20 m spatial resolution and burst synchronization for interferometry. IW is considered to be the standard mode over land masses.",6271,74,21,2015-06-07T18:10:31.665338Z,2015-06-07T18:10:04.605996Z,SLC,2015-06-07T18:10:04.605996Z,2015-06-07T18:10:31.665338Z,8.3564,0.9027,7.310621,-0.046736,7.764635,2.185788,8.947577,-0.383246,9.397137,1.858839,None,ASCENDING,https://datapool.asf.alaska.edu/SLC/SA/S1A_IW_SLC__1SDV_20150607T181004_20150607T181031_006271_008372_5634.zip,4571.34575176239,None,None,0,S1A_IWDV_0022_0027_006271_074,,,,,,,,,
S1A_IW_SLC__1SDV_20150526T181003_20150526T181030_006096_007E6C_B165,Sentinel-1A,C-SAR,IW,"Interferometric Wide. 250 km swath, 5 m x 20 m spatial resolution and burst synchronization for interferometry. IW is considered to be the standard mode over land masses.",6096,74,21,2015-05-26T18:10:30.871727Z,2015-05-26T18:10:03.824718Z,SLC,2015-05-26T18:10:03.824718Z,2015-05-26T18:10:30.871727Z,8.3559,0.9026,7.310411,-0.046907,7.764457,2.185704,8.946613,-0.383271,9.396206,1.858895,None,ASCENDING,https://datapool.asf.alaska.edu/SLC/SA/S1A_IW_SLC__1SDV_20150526T181003_20150526T181030_006096_007E6C_B165.zip,4538.34430408478,None,None,0,S1A_IWDV_0022_0027_006096_074,,,,,,,,,
S1A_IW_SLC__1SDV_20150514T181002_20150514T181029_005921_007A0A_3561,Sentinel-1A,C-SAR,IW,"Interferometric Wide. 250 km swath, 5 m x 20 m spatial resolution and burst synchronization for interferometry. IW is considered to be the standard mode over land masses.",5921,74,21,2015-05-14T18:10:29.629387Z,2015-05-14T18:10:02.580322Z,SLC,2015-05-14T18:10:02.580322Z,2015-05-14T18:10:29.629387Z,8.3573,0.9044,7.311782,-0.044865,7.765695,2.187193,8.94813,-0.38124,9.39759,1.860372,None,ASCENDING,https://datapool.asf.alaska.edu/SLC/SA/S1A_IW_SLC__1SDV_20150514T181002_20150514T181029_005921_007A0A_3561.zip,4514.6549911499,None,None,0,S1A_IWDV_0021_0026_005921_074,,,,,,,,,
S1A_IW_SLC__1SDV_20150420T181001_20150420T181029_005571_007208_A970,Sentinel-1A,C-SAR,IW,"Interferometric Wide. 250 km swath, 5 m x 20 m spatial resolution and burst synchronization for interferometry. IW is considered to be the standard mode over land masses.",5571,74,21,2015-04-20T18:10:29.332652Z,2015-04-20T18:10:01.449031Z,SLC,2015-04-20T18:10:01.449031Z,2015-04-20T18:10:29.332652Z,8.3816,0.8978,7.3109,-0.046682,7.76493,2.186006,8.997717,-0.393419,9.447159,1.849153,None,ASCENDING,https://datapool.asf.alaska.edu/SLC/SA/S1A_IW_SLC__1SDV_20150420T181001_20150420T181029_005571_007208_A970.zip,4611.33278656006,None,None,0,S1A_IWDV_0021_0026_005571_074,,,,,,,,,
S1A_IW_SLC__1SDV_20150408T181000_20150408T181028_005396_006DB7_D558,Sentinel-1A,C-SAR,IW,"Interferometric Wide. 250 km swath, 5 m x 20 m spatial resolution and burst synchronization for interferometry. IW is considered to be the standard mode over land masses.",5396,74,21,2015-04-08T18:10:28.560746Z,2015-04-08T18:10:00.685347Z,SLC,2015-04-08T18:10:00.685347Z,2015-04-08T18:10:28.560746Z,8.3808,0.9014,7.309813,-0.045739,7.764908,2.192219,8.996123,-0.392376,9.446619,1.855487,None,ASCENDING,https://datapool.asf.alaska.edu/SLC/SA/S1A_IW_SLC__1SDV_20150408T181000_20150408T181028_005396_006DB7_D558.zip,4676.31923103333,None,None,0,S1A_IWDV_0021_0026_005396_074,,,,,,,,,
S1A_IW_SLC__1SDV_20150327T181000_20150327T181028_005221_00697A_8494,Sentinel-1A,C-SAR,IW,"Interferometric Wide. 250 km swath, 5 m x 20 m spatial resolution and burst synchronization for interferometry. IW is considered to be the standard mode over land masses.",5221,74,21,2015-03-27T18:10:28.528179Z,2015-03-27T18:10:00.648669Z,SLC,2015-03-27T18:10:00.648669Z,2015-03-27T18:10:28.528179Z,8.3805,0.8977,7.309833,-0.046812,7.763911,2.185923,8.996393,-0.393524,9.445884,1.849092,None,ASCENDING,https://datapool.asf.alaska.edu/SLC/SA/S1A_IW_SLC__1SDV_20150327T181000_20150327T181028_005221_00697A_8494.zip,4643.20194339752,None,None,0,S1A_IWDV_0021_0026_005221_074,,,,,,,,,
