master,slave,path,Bperp,delta_days
S1A_IW_SLC__1SDV_20230104T171448_20230104T171516_046637_0596FA_36D4,S1A_IW_SLC__1SDV_20230104T171513_20230104T171540_046637_0596FA_90EB,15,0,0
S1A_IW_SLC__1SDV_20230104T171448_20230104T171516_046637_0596FA_36D4,S1A_IW_SLC__1SDV_20230104T171538_20230104T171605_046637_0596FA_01B7,15,0,0
S1A_IW_SLC__1SDV_20230104T171513_20230104T171540_046637_0596FA_90EB,S1A_IW_SLC__1SDV_20230104T171538_20230104T171605_046637_0596FA_01B7,15,0,0
S1A_IW_SLC__1SDV_20230116T171448_20230116T171515_046812_059CDB_3F6D,S1A_IW_SLC__1SDV_20230116T171513_20230116T171540_046812_059CDB_4195,15,0,0
S1A_IW_SLC__1SDV_20230116T171448_20230116T171515_046812_059CDB_3F6D,S1A_IW_SLC__1SDV_20230116T171537_20230116T171604_046812_059CDB_4BBC,15,0,0
S1A_IW_SLC__1SDV_20230116T171513_20230116T171540_046812_059CDB_4195,S1A_IW_SLC__1SDV_20230116T171537_20230116T171604_046812_059CDB_4BBC,15,0,0
S1A_IW_SLC__1SDV_20230128T171447_20230128T171515_046987_05A2C2_4EDA,S1A_IW_SLC__1SDV_20230128T171513_20230128T171540_046987_05A2C2_895C,15,0,0
S1A_IW_SLC__1SDV_20230128T171447_20230128T171515_046987_05A2C2_4EDA,S1A_IW_SLC__1SDV_20230128T171538_20230128T171605_046987_05A2C2_1DD2,15,0,0
S1A_IW_SLC__1SDV_20230128T171513_20230128T171540_046987_05A2C2_895C,S1A_IW_SLC__1SDV_20230128T171538_20230128T171605_046987_05A2C2_1DD2,15,0,0
S1A_IW_SLC__1SDV_20230209T171446_20230209T171514_047162_05A897_D819,S1A_IW_SLC__1SDV_20230209T171512_20230209T171539_047162_05A897_7D03,15,0,0
S1A_IW_SLC__1SDV_20230209T171446_20230209T171514_047162_05A897_D819,S1A_IW_SLC__1SDV_20230209T171537_20230209T171604_047162_05A897_DFAE,15,0,0
S1A_IW_SLC__1SDV_20230209T171512_20230209T171539_047162_05A897_7D03,S1A_IW_SLC__1SDV_20230209T171537_20230209T171604_047162_05A897_DFAE,15,0,0
S1A_IW_SLC__1SDV_20230221T171447_20230221T171514_047337_05AE8C_3F77,S1A_IW_SLC__1SDV_20230221T171512_20230221T171539_047337_05AE8C_9498,15,0,0
S1A_IW_SLC__1SDV_20230221T171447_20230221T171514_047337_05AE8C_3F77,S1A_IW_SLC__1SDV_20230221T171536_20230221T171603_047337_05AE8C_B8E5,15,0,0
S1A_IW_SLC__1SDV_20230221T171512_20230221T171539_047337_05AE8C_9498,S1A_IW_SLC__1SDV_20230221T171536_20230221T171603_047337_05AE8C_B8E5,15,0,0
S1A_IW_SLC__1SDV_20230305T171446_20230305T171514_047512_05B476_2FD7,S1A_IW_SLC__1SDV_20230305T171512_20230305T171539_047512_05B476_389F,15,0,0
S1A_IW_SLC__1SDV_20230305T171446_20230305T171514_047512_05B476_2FD7,S1A_IW_SLC__1SDV_20230305T171537_20230305T171604_047512_05B476_4853,15,0,0
S1A_IW_SLC__1SDV_20230305T171512_20230305T171539_047512_05B476_389F,S1A_IW_SLC__1SDV_20230305T171537_20230305T171604_047512_05B476_4853,15,0,0
S1A_IW_SLC__1SDV_20230317T171447_20230317T171514_047687_05BA62_AA46,S1A_IW_SLC__1SDV_20230317T171512_20230317T171539_047687_05BA62_B837,15,0,0
S1A_IW_SLC__1SDV_20230317T171447_20230317T171514_047687_05BA62_AA46,S1A_IW_SLC__1SDV_20230317T171537_20230317T171603_047687_05BA62_2E6F,15,0,0
S1A_IW_SLC__1SDV_20230317T171512_20230317T171539_047687_05BA62_B837,S1A_IW_SLC__1SDV_20230317T171537_20230317T171603_047687_05BA62_2E6F,15,0,0
S1A_IW_SLC__1SDV_20230329T171447_20230329T171514_047862_05C048_FC29,S1A_IW_SLC__1SDV_20230329T171512_20230329T171539_047862_05C048_A6BC,15,0,0
S1A_IW_SLC__1SDV_20230329T171447_20230329T171514_047862_05C048_FC29,S1A_IW_SLC__1SDV_20230329T171537_20230329T171604_047862_05C048_CB03,15,0,0
S1A_IW_SLC__1SDV_20230329T171512_20230329T171539_047862_05C048_A6BC,S1A_IW_SLC__1SDV_20230329T171537_20230329T171604_047862_05C048_CB03,15,0,0
S1A_IW_SLC__1SDV_20230410T171448_20230410T171515_048037_05C630_A302,S1A_IW_SLC__1SDV_20230410T171513_20230410T171540_048037_05C630_23A5,15,0,0
S1A_IW_SLC__1SDV_20230410T171448_20230410T171515_048037_05C630_A302,S1A_IW_SLC__1SDV_20230410T171538_20230410T171605_048037_05C630_444F,15,0,0
S1A_IW_SLC__1SDV_20230410T171513_20230410T171540_048037_05C630_23A5,S1A_IW_SLC__1SDV_20230410T171538_20230410T171605_048037_05C630_444F,15,0,0
S1A_IW_SLC__1SDV_20230422T171448_20230422T171515_048212_05CC09_F979,S1A_IW_SLC__1SDV_20230422T171513_20230422T171540_048212_05CC09_C315,15,0,0
S1A_IW_SLC__1SDV_20230422T171448_20230422T171515_048212_05CC09_F979,S1A_IW_SLC__1SDV_20230422T171538_20230422T171605_048212_05CC09_1A1C,15,0,0
S1A_IW_SLC__1SDV_20230422T171513_20230422T171540_048212_05CC09_C315,S1A_IW_SLC__1SDV_20230422T171538_20230422T171605_048212_05CC09_1A1C,15,0,0
S1A_IW_SLC__1SDV_20230504T171449_20230504T171516_048387_05D1E8_A1E5,S1A_IW_SLC__1SDV_20230504T171513_20230504T171540_048387_05D1E8_09E7,15,0,0
S1A_IW_SLC__1SDV_20230504T171449_20230504T171516_048387_05D1E8_A1E5,S1A_IW_SLC__1SDV_20230504T171538_20230504T171605_048387_05D1E8_EEC1,15,0,0
S1A_IW_SLC__1SDV_20230504T171513_20230504T171540_048387_05D1E8_09E7,S1A_IW_SLC__1SDV_20230504T171538_20230504T171605_048387_05D1E8_EEC1,15,0,0
S1A_IW_SLC__1SDV_20230516T171449_20230516T171516_048562_05D752_140B,S1A_IW_SLC__1SDV_20230516T171514_20230516T171541_048562_05D752_F442,15,0,0
S1A_IW_SLC__1SDV_20230516T171449_20230516T171516_048562_05D752_140B,S1A_IW_SLC__1SDV_20230516T171539_20230516T171606_048562_05D752_1EFB,15,0,0
S1A_IW_SLC__1SDV_20230516T171514_20230516T171541_048562_05D752_F442,S1A_IW_SLC__1SDV_20230516T171539_20230516T171606_048562_05D752_1EFB,15,0,0
S1A_IW_SLC__1SDV_20230528T171450_20230528T171517_048737_05DC83_F3CC,S1A_IW_SLC__1SDV_20230528T171515_20230528T171542_048737_05DC83_CE40,15,0,0
S1A_IW_SLC__1SDV_20230528T171450_20230528T171517_048737_05DC83_F3CC,S1A_IW_SLC__1SDV_20230528T171540_20230528T171607_048737_05DC83_05B1,15,0,0
S1A_IW_SLC__1SDV_20230528T171515_20230528T171542_048737_05DC83_CE40,S1A_IW_SLC__1SDV_20230528T171540_20230528T171607_048737_05DC83_05B1,15,0,0
S1A_IW_SLC__1SDV_20230609T171450_20230609T171517_048912_05E1C6_844B,S1A_IW_SLC__1SDV_20230609T171515_20230609T171542_048912_05E1C6_4636,15,0,0
S1A_IW_SLC__1SDV_20230609T171450_20230609T171517_048912_05E1C6_844B,S1A_IW_SLC__1SDV_20230609T171540_20230609T171607_048912_05E1C6_B76E,15,0,0
S1A_IW_SLC__1SDV_20230609T171515_20230609T171542_048912_05E1C6_4636,S1A_IW_SLC__1SDV_20230609T171540_20230609T171607_048912_05E1C6_B76E,15,0,0
S1A_IW_SLC__1SDV_20230621T171451_20230621T171518_049087_05E71D_3515,S1A_IW_SLC__1SDV_20230621T171516_20230621T171543_049087_05E71D_48FC,15,0,0
S1A_IW_SLC__1SDV_20230621T171451_20230621T171518_049087_05E71D_3515,S1A_IW_SLC__1SDV_20230621T171541_20230621T171607_049087_05E71D_7EA2,15,0,0
S1A_IW_SLC__1SDV_20230621T171516_20230621T171543_049087_05E71D_48FC,S1A_IW_SLC__1SDV_20230621T171541_20230621T171607_049087_05E71D_7EA2,15,0,0
S1A_IW_SLC__1SDV_20230703T171452_20230703T171519_049262_05EC71_5BE3,S1A_IW_SLC__1SDV_20230703T171517_20230703T171544_049262_05EC71_1E30,15,0,0
S1A_IW_SLC__1SDV_20230703T171452_20230703T171519_049262_05EC71_5BE3,S1A_IW_SLC__1SDV_20230703T171542_20230703T171609_049262_05EC71_44B5,15,0,0
S1A_IW_SLC__1SDV_20230703T171517_20230703T171544_049262_05EC71_1E30,S1A_IW_SLC__1SDV_20230703T171542_20230703T171609_049262_05EC71_44B5,15,0,0
S1A_IW_SLC__1SDV_20230715T171453_20230715T171520_049437_05F1DD_D7DD,S1A_IW_SLC__1SDV_20230715T171518_20230715T171545_049437_05F1DD_935A,15,0,0
S1A_IW_SLC__1SDV_20230715T171453_20230715T171520_049437_05F1DD_D7DD,S1A_IW_SLC__1SDV_20230715T171543_20230715T171609_049437_05F1DD_5773,15,0,0
S1A_IW_SLC__1SDV_20230715T171518_20230715T171545_049437_05F1DD_935A,S1A_IW_SLC__1SDV_20230715T171543_20230715T171609_049437_05F1DD_5773,15,0,0
S1A_IW_SLC__1SDV_20230727T171453_20230727T171520_049612_05F73D_4C92,S1A_IW_SLC__1SDV_20230727T171518_20230727T171545_049612_05F73D_0947,15,0,0
S1A_IW_SLC__1SDV_20230727T171453_20230727T171520_049612_05F73D_4C92,S1A_IW_SLC__1SDV_20230727T171543_20230727T171610_049612_05F73D_5DB7,15,0,0
S1A_IW_SLC__1SDV_20230727T171518_20230727T171545_049612_05F73D_0947,S1A_IW_SLC__1SDV_20230727T171543_20230727T171610_049612_05F73D_5DB7,15,0,0
S1A_IW_SLC__1SDV_20230808T171454_20230808T171521_049787_05FCB4_9A58,S1A_IW_SLC__1SDV_20230808T171518_20230808T171545_049787_05FCB4_58CA,15,0,0
S1A_IW_SLC__1SDV_20230808T171454_20230808T171521_049787_05FCB4_9A58,S1A_IW_SLC__1SDV_20230808T171543_20230808T171610_049787_05FCB4_4A37,15,0,0
S1A_IW_SLC__1SDV_20230808T171518_20230808T171545_049787_05FCB4_58CA,S1A_IW_SLC__1SDV_20230808T171543_20230808T171610_049787_05FCB4_4A37,15,0,0
S1A_IW_SLC__1SDV_20230820T171455_20230820T171522_049962_0602B3_79D4,S1A_IW_SLC__1SDV_20230820T171520_20230820T171547_049962_0602B3_8784,15,0,0
S1A_IW_SLC__1SDV_20230820T171455_20230820T171522_049962_0602B3_79D4,S1A_IW_SLC__1SDV_20230820T171545_20230820T171611_049962_0602B3_5AC3,15,0,0
S1A_IW_SLC__1SDV_20230820T171520_20230820T171547_049962_0602B3_8784,S1A_IW_SLC__1SDV_20230820T171545_20230820T171611_049962_0602B3_5AC3,15,0,0
S1A_IW_SLC__1SDV_20230901T171455_20230901T171522_050137_0608B3_44BA,S1A_IW_SLC__1SDV_20230901T171520_20230901T171547_050137_0608B3_4816,15,0,0
S1A_IW_SLC__1SDV_20230901T171455_20230901T171522_050137_0608B3_44BA,S1A_IW_SLC__1SDV_20230901T171545_20230901T171612_050137_0608B3_C1FD,15,0,0
S1A_IW_SLC__1SDV_20230901T171520_20230901T171547_050137_0608B3_4816,S1A_IW_SLC__1SDV_20230901T171545_20230901T171612_050137_0608B3_C1FD,15,0,0
S1A_IW_SLC__1SDV_20230913T171456_20230913T171523_050312_060EAC_B7B9,S1A_IW_SLC__1SDV_20230913T171521_20230913T171548_050312_060EAC_A00C,15,0,0
S1A_IW_SLC__1SDV_20230913T171456_20230913T171523_050312_060EAC_B7B9,S1A_IW_SLC__1SDV_20230913T171545_20230913T171612_050312_060EAC_0770,15,0,0
S1A_IW_SLC__1SDV_20230913T171521_20230913T171548_050312_060EAC_A00C,S1A_IW_SLC__1SDV_20230913T171545_20230913T171612_050312_060EAC_0770,15,0,0
S1A_IW_SLC__1SDV_20230925T171456_20230925T171523_050487_06149F_9CC2,S1A_IW_SLC__1SDV_20230925T171521_20230925T171548_050487_06149F_9B3F,15,0,0
S1A_IW_SLC__1SDV_20230925T171456_20230925T171523_050487_06149F_9CC2,S1A_IW_SLC__1SDV_20230925T171546_20230925T171613_050487_06149F_CA93,15,0,0
S1A_IW_SLC__1SDV_20230925T171521_20230925T171548_050487_06149F_9B3F,S1A_IW_SLC__1SDV_20230925T171546_20230925T171613_050487_06149F_CA93,15,0,0
S1A_IW_SLC__1SDV_20231007T171456_20231007T171523_050662_061A9E_AA97,S1A_IW_SLC__1SDV_20231007T171521_20231007T171548_050662_061A9E_03DB,15,0,0
S1A_IW_SLC__1SDV_20231007T171456_20231007T171523_050662_061A9E_AA97,S1A_IW_SLC__1SDV_20231007T171546_20231007T171613_050662_061A9E_3748,15,0,0
S1A_IW_SLC__1SDV_20231007T171521_20231007T171548_050662_061A9E_03DB,S1A_IW_SLC__1SDV_20231007T171546_20231007T171613_050662_061A9E_3748,15,0,0
S1A_IW_SLC__1SDV_20231019T171456_20231019T171523_050837_062099_1804,S1A_IW_SLC__1SDV_20231019T171521_20231019T171548_050837_062099_C8F0,15,0,0
S1A_IW_SLC__1SDV_20231019T171456_20231019T171523_050837_062099_1804,S1A_IW_SLC__1SDV_20231019T171546_20231019T171613_050837_062099_42D3,15,0,0
S1A_IW_SLC__1SDV_20231019T171521_20231019T171548_050837_062099_C8F0,S1A_IW_SLC__1SDV_20231019T171546_20231019T171613_050837_062099_42D3,15,0,0
S1A_IW_SLC__1SDV_20231031T171456_20231031T171523_051012_062696_9C7A,S1A_IW_SLC__1SDV_20231031T171521_20231031T171548_051012_062696_67B0,15,0,0
S1A_IW_SLC__1SDV_20231031T171456_20231031T171523_051012_062696_9C7A,S1A_IW_SLC__1SDV_20231031T171546_20231031T171613_051012_062696_E7F8,15,0,0
S1A_IW_SLC__1SDV_20231031T171521_20231031T171548_051012_062696_67B0,S1A_IW_SLC__1SDV_20231031T171546_20231031T171613_051012_062696_E7F8,15,0,0
S1A_IW_SLC__1SDV_20231112T171456_20231112T171523_051187_062C9B_5D26,S1A_IW_SLC__1SDV_20231112T171521_20231112T171548_051187_062C9B_A4F3,15,0,0
S1A_IW_SLC__1SDV_20231112T171456_20231112T171523_051187_062C9B_5D26,S1A_IW_SLC__1SDV_20231112T171546_20231112T171613_051187_062C9B_7C3F,15,0,0
S1A_IW_SLC__1SDV_20231112T171521_20231112T171548_051187_062C9B_A4F3,S1A_IW_SLC__1SDV_20231112T171546_20231112T171613_051187_062C9B_7C3F,15,0,0
S1A_IW_SLC__1SDV_20231124T171454_20231124T171522_051362_0632A5_98BC,S1A_IW_SLC__1SDV_20231124T171520_20231124T171547_051362_0632A5_BE31,15,0,0
S1A_IW_SLC__1SDV_20231124T171454_20231124T171522_051362_0632A5_98BC,S1A_IW_SLC__1SDV_20231124T171545_20231124T171612_051362_0632A5_121A,15,0,0
S1A_IW_SLC__1SDV_20231124T171520_20231124T171547_051362_0632A5_BE31,S1A_IW_SLC__1SDV_20231124T171545_20231124T171612_051362_0632A5_121A,15,0,0
S1A_IW_SLC__1SDV_20231206T171455_20231206T171522_051537_0638A9_2EBB,S1A_IW_SLC__1SDV_20231206T171520_20231206T171547_051537_0638A9_99C8,15,0,0
S1A_IW_SLC__1SDV_20231206T171455_20231206T171522_051537_0638A9_2EBB,S1A_IW_SLC__1SDV_20231206T171545_20231206T171612_051537_0638A9_0A91,15,0,0
S1A_IW_SLC__1SDV_20231206T171520_20231206T171547_051537_0638A9_99C8,S1A_IW_SLC__1SDV_20231206T171545_20231206T171612_051537_0638A9_0A91,15,0,0
S1A_IW_SLC__1SDV_20231218T171453_20231218T171521_051712_063EC9_F291,S1A_IW_SLC__1SDV_20231218T171519_20231218T171546_051712_063EC9_9AC4,15,0,0
S1A_IW_SLC__1SDV_20231218T171453_20231218T171521_051712_063EC9_F291,S1A_IW_SLC__1SDV_20231218T171544_20231218T171611_051712_063EC9_0949,15,0,0
S1A_IW_SLC__1SDV_20231218T171519_20231218T171546_051712_063EC9_9AC4,S1A_IW_SLC__1SDV_20231218T171544_20231218T171611_051712_063EC9_0949,15,0,0
S1A_IW_SLC__1SDV_20231230T171453_20231230T171521_051887_0644CF_F2CD,S1A_IW_SLC__1SDV_20231230T171519_20231230T171546_051887_0644CF_1124,15,0,0
S1A_IW_SLC__1SDV_20231230T171453_20231230T171521_051887_0644CF_F2CD,S1A_IW_SLC__1SDV_20231230T171543_20231230T171610_051887_0644CF_8207,15,0,0
S1A_IW_SLC__1SDV_20231230T171519_20231230T171546_051887_0644CF_1124,S1A_IW_SLC__1SDV_20231230T171543_20231230T171610_051887_0644CF_8207,15,0,0
