time,n_pixels,soil_moisture_mean,soil_moisture_std,source_file
2017-01-04,85,0.20902281421072344,0.03323747700190656,SMAP_L3_SM_P_E_20170104_R19240_001.h5
2017-01-10,48,0.14178146670262018,0.009473581662341713,SMAP_L3_SM_P_E_20170110_R19240_001.h5
2017-01-28,65,0.15174160427772082,0.01609792475955685,SMAP_L3_SM_P_E_20170128_R19240_001.h5
2017-02-03,19,0.18806461911452443,0.01510458978074536,SMAP_L3_SM_P_E_20170203_R19240_001.h5
2017-02-09,0,,,SMAP_L3_SM_P_E_20170209_R19240_001.h5
2017-02-15,0,,,SMAP_L3_SM_P_E_20170215_R19240_001.h5
2017-02-21,85,0.2524376089082045,0.03640842021126786,SMAP_L3_SM_P_E_20170221_R19240_001.h5
2017-02-27,47,0.24671080264639347,0.0251752762454965,SMAP_L3_SM_P_E_20170227_R19240_001.h5
2017-03-05,0,,,SMAP_L3_SM_P_E_20170305_R19240_001.h5
2017-03-11,81,0.23169336605955054,0.031222649096333033,SMAP_L3_SM_P_E_20170311_R19240_001.h5
2017-03-17,85,0.18560830635182998,0.02741977296341385,SMAP_L3_SM_P_E_20170317_R19240_001.h5
2017-03-23,50,0.16626099810004236,0.027488997199877435,SMAP_L3_SM_P_E_20170323_R19240_001.h5
2017-03-29,0,,,SMAP_L3_SM_P_E_20170329_R19240_001.h5
2017-04-04,73,0.15400478897029407,0.01767205793971887,SMAP_L3_SM_P_E_20170404_R19240_001.h5
2017-04-10,80,0.15605830252170563,0.016453798778795603,SMAP_L3_SM_P_E_20170410_R19240_001.h5
2017-04-16,49,0.17543112045648146,0.04021155597482376,SMAP_L3_SM_P_E_20170416_R19240_001.h5
2017-04-28,56,0.27882384109709946,0.02069651809498897,SMAP_L3_SM_P_E_20170428_R19240_001.h5
2017-05-04,75,0.24034795502821604,0.03058775589612492,SMAP_L3_SM_P_E_20170504_R19240_001.h5
2017-05-10,46,0.2246256784900375,0.019652970022031865,SMAP_L3_SM_P_E_20170510_R19240_001.h5
2017-05-16,0,,,SMAP_L3_SM_P_E_20170516_R19240_001.h5
2017-05-22,58,0.19345744159714928,0.015112623907967452,SMAP_L3_SM_P_E_20170522_R19240_001.h5
2017-05-28,76,0.15078384566463923,0.01918292281499719,SMAP_L3_SM_P_E_20170528_R19240_001.h5
2017-06-03,47,0.1530163880992443,0.01820142418698136,SMAP_L3_SM_P_E_20170603_R19240_001.h5
2017-06-09,0,,,SMAP_L3_SM_P_E_20170609_R19240_001.h5
2017-06-15,40,0.2446740299463272,0.05165844510171464,SMAP_L3_SM_P_E_20170615_R19240_001.h5
2017-06-21,78,0.16702809691047057,0.022155968113773863,SMAP_L3_SM_P_E_20170621_R19240_001.h5
2017-06-27,48,0.18546810963501534,0.013057035576620662,SMAP_L3_SM_P_E_20170627_R19240_001.h5
2017-07-03,0,,,SMAP_L3_SM_P_E_20170703_R19240_001.h5
2017-07-09,61,0.18915197937214961,0.02762902928136062,SMAP_L3_SM_P_E_20170709_R19240_001.h5
2017-07-15,78,0.22753884948981115,0.02569131083471555,SMAP_L3_SM_P_E_20170715_R19240_001.h5
2017-07-21,49,0.16605718220983232,0.025933606639856006,SMAP_L3_SM_P_E_20170721_R19240_001.h5
2017-07-27,0,,,SMAP_L3_SM_P_E_20170727_R19240_001.h5
2017-08-02,66,0.18431772077173897,0.031172570775270008,SMAP_L3_SM_P_E_20170802_R19240_001.h5
2017-08-08,81,0.19349740776750776,0.030106191736310597,SMAP_L3_SM_P_E_20170808_R19240_001.h5
2017-08-14,49,0.1697727309501901,0.029902322415206087,SMAP_L3_SM_P_E_20170814_R19240_001.h5
2017-08-20,0,,,SMAP_L3_SM_P_E_20170820_R19240_001.h5
2017-08-26,66,0.15942277465805862,0.021816049128091528,SMAP_L3_SM_P_E_20170826_R19240_001.h5
2017-09-01,81,0.2513214106912966,0.04573562702122411,SMAP_L3_SM_P_E_20170901_R19240_001.h5
2017-09-07,49,0.16794237175158092,0.022672879999385828,SMAP_L3_SM_P_E_20170907_R19240_001.h5
2017-09-13,0,,,SMAP_L3_SM_P_E_20170913_R19240_001.h5
2017-09-19,37,0.3404734722665838,0.02915810619402894,SMAP_L3_SM_P_E_20170919_R19240_001.h5
2017-09-25,78,0.29387548432136196,0.04115249923939189,SMAP_L3_SM_P_E_20170925_R19240_001.h5
2017-10-07,0,,,SMAP_L3_SM_P_E_20171007_R19240_001.h5
2017-10-13,72,0.20814498079319796,0.03241405166475681,SMAP_L3_SM_P_E_20171013_R19240_001.h5
2017-10-19,80,0.16366137973964215,0.022088973640975878,SMAP_L3_SM_P_E_20171019_R19240_001.h5
2017-10-25,49,0.22156237065792084,0.038703734698669966,SMAP_L3_SM_P_E_20171025_R19240_001.h5
2017-10-31,0,,,SMAP_L3_SM_P_E_20171031_R19240_001.h5
2017-11-06,71,0.29813046711431423,0.03111452529400387,SMAP_L3_SM_P_E_20171106_R19240_001.h5
2017-11-12,82,0.3092707938900808,0.026613565580886074,SMAP_L3_SM_P_E_20171112_R19240_001.h5
2017-11-18,44,0.29863896390253847,0.02974609029447464,SMAP_L3_SM_P_E_20171118_R19240_001.h5
2017-11-24,0,,,SMAP_L3_SM_P_E_20171124_R19240_001.h5
2017-11-30,63,0.3303822962537644,0.03512063216911261,SMAP_L3_SM_P_E_20171130_R19240_001.h5
2017-12-06,79,0.2339765487969676,0.02564475206234418,SMAP_L3_SM_P_E_20171206_R19240_001.h5
2017-12-12,50,0.2912238186597824,0.03501813449848903,SMAP_L3_SM_P_E_20171212_R19240_001.h5
2017-12-24,62,0.20591407581683127,0.025080198023357213,SMAP_L3_SM_P_E_20171224_R19240_001.h5
2017-12-30,69,0.2618132721686709,0.02925718004858018,SMAP_L3_SM_P_E_20171230_R19240_001.h5
2018-01-05,52,0.2503434525659451,0.026462279802606684,SMAP_L3_SM_P_E_20180105_R19240_001.h5
2018-01-11,0,,,SMAP_L3_SM_P_E_20180111_R19240_001.h5
2018-01-17,70,0.27279444911650247,0.02792973627183055,SMAP_L3_SM_P_E_20180117_R19240_001.h5
2018-01-23,86,0.25085849748101346,0.020820164184017345,SMAP_L3_SM_P_E_20180123_R19240_001.h5
2018-01-29,52,0.2213082923912085,0.010524453526152684,SMAP_L3_SM_P_E_20180129_R19240_001.h5
2018-02-04,0,,,SMAP_L3_SM_P_E_20180204_R19240_001.h5
2018-02-10,58,0.30275700986385345,0.022259820741497592,SMAP_L3_SM_P_E_20180210_R19240_001.h5
2018-02-16,65,0.25562473627237176,0.02718149100224682,SMAP_L3_SM_P_E_20180216_R19240_001.h5
2018-02-22,52,0.28787958736603075,0.02739613697535226,SMAP_L3_SM_P_E_20180222_R19240_001.h5
2018-02-28,0,,,SMAP_L3_SM_P_E_20180228_R19240_001.h5
2018-03-06,50,0.3402471280097961,0.042686122262977376,SMAP_L3_SM_P_E_20180306_R19240_001.h5
2018-03-12,80,0.3622466612607241,0.03729023233456189,SMAP_L3_SM_P_E_20180312_R19240_001.h5
2018-03-18,51,0.333124121614531,0.022480156668957713,SMAP_L3_SM_P_E_20180318_R19240_001.h5
2018-03-24,0,,,SMAP_L3_SM_P_E_20180324_R19240_001.h5
2018-03-30,70,0.233773358804839,0.02562402978433215,SMAP_L3_SM_P_E_20180330_R19240_001.h5
2018-04-11,49,0.23674372811706698,0.017970791567447922,SMAP_L3_SM_P_E_20180411_R19240_001.h5
2018-04-17,0,,,SMAP_L3_SM_P_E_20180417_R19240_001.h5
2018-04-23,66,0.17058613241621942,0.01945480828210859,SMAP_L3_SM_P_E_20180423_R19240_001.h5
2018-04-29,76,0.13963705399318746,0.017386221388997043,SMAP_L3_SM_P_E_20180429_R19240_001.h5
2018-05-05,0,,,SMAP_L3_SM_P_E_20180505_R19240_001.h5
2018-05-11,0,,,SMAP_L3_SM_P_E_20180511_R19240_001.h5
2018-05-17,58,0.20167823367077728,0.01609565314495207,SMAP_L3_SM_P_E_20180517_R19240_001.h5
2018-05-23,74,0.26893550439460856,0.022806963763704797,SMAP_L3_SM_P_E_20180523_R19240_001.h5
2018-05-29,47,0.237078920640844,0.04265869131596784,SMAP_L3_SM_P_E_20180529_R19240_001.h5
2018-06-04,0,,,SMAP_L3_SM_P_E_20180604_R19240_001.h5
2018-06-10,58,0.2582447420934151,0.022580308783028375,SMAP_L3_SM_P_E_20180610_R19240_001.h5
2018-06-22,17,0.1630302360829185,0.016290109023156665,SMAP_L3_SM_P_E_20180622_R19240_001.h5
2018-06-28,0,,,SMAP_L3_SM_P_E_20180628_R19240_001.h5
2018-07-04,54,0.2192937050152708,0.04721532922592693,SMAP_L3_SM_P_E_20180704_R19240_001.h5
2018-07-10,78,0.18417134689979064,0.023780882324371037,SMAP_L3_SM_P_E_20180710_R19240_001.h5
2018-07-16,49,0.2562519241960681,0.042978182260975765,SMAP_L3_SM_P_E_20180716_R19240_001.h5
2018-07-22,0,,,SMAP_L3_SM_P_E_20180722_R19240_001.h5
2018-07-28,60,0.19734955529371898,0.025952195137835612,SMAP_L3_SM_P_E_20180728_R19240_001.h5
2018-08-03,81,0.1967714230219523,0.031058086173671662,SMAP_L3_SM_P_E_20180803_R19240_001.h5
2018-08-09,49,0.18150516158464003,0.01595746175736294,SMAP_L3_SM_P_E_20180809_R19240_001.h5
2018-08-15,0,,,SMAP_L3_SM_P_E_20180815_R19240_001.h5
2018-08-21,64,0.18486564606428146,0.024445910142257676,SMAP_L3_SM_P_E_20180821_R19240_001.h5
2018-08-27,81,0.2620707588431276,0.02059398863557157,SMAP_L3_SM_P_E_20180827_R19240_001.h5
2018-09-02,42,0.29635988069432123,0.04220382769846679,SMAP_L3_SM_P_E_20180902_R19240_001.h5
2018-09-08,0,,,SMAP_L3_SM_P_E_20180908_R19240_001.h5
2018-09-14,65,0.19745373680041386,0.022631618459631284,SMAP_L3_SM_P_E_20180914_R19240_001.h5
2018-09-20,80,0.21791722234338523,0.021471564597491995,SMAP_L3_SM_P_E_20180920_R19240_001.h5
2018-09-26,48,0.1784385551388065,0.017548731117078505,SMAP_L3_SM_P_E_20180926_R19240_001.h5
2018-10-02,0,,,SMAP_L3_SM_P_E_20181002_R19240_001.h5
2018-10-08,68,0.2910604680724004,0.0305334580622997,SMAP_L3_SM_P_E_20181008_R19240_001.h5
2018-10-14,80,0.22823770623654127,0.02050566504518506,SMAP_L3_SM_P_E_20181014_R19240_001.h5
2018-10-20,49,0.21153232668127334,0.01392449007666462,SMAP_L3_SM_P_E_20181020_R19240_001.h5
2018-10-26,0,,,SMAP_L3_SM_P_E_20181026_R19240_001.h5
2018-11-01,8,0.3392723388969898,0.024966208580986447,SMAP_L3_SM_P_E_20181101_R19240_001.h5
2018-11-07,82,0.35486155203202874,0.026030780491283444,SMAP_L3_SM_P_E_20181107_R19240_001.h5
2018-11-13,49,0.3124062856849359,0.02768097750837363,SMAP_L3_SM_P_E_20181113_R19240_001.h5
2018-11-19,0,,,SMAP_L3_SM_P_E_20181119_R19240_001.h5
2018-11-25,67,0.34040848176870775,0.022833597004845423,SMAP_L3_SM_P_E_20181125_R19240_001.h5
2018-12-01,84,0.31077675379457925,0.020308779064963523,SMAP_L3_SM_P_E_20181201_R19240_001.h5
2018-12-07,51,0.31779348090583204,0.029738617023529507,SMAP_L3_SM_P_E_20181207_R19240_001.h5
2018-12-13,0,,,SMAP_L3_SM_P_E_20181213_R19240_001.h5
2018-12-19,43,0.2746991976055988,0.024498676764623577,SMAP_L3_SM_P_E_20181219_R19240_001.h5
2018-12-25,84,0.3065181647737821,0.030926811181607384,SMAP_L3_SM_P_E_20181225_R19240_001.h5
2018-12-31,52,0.2682441481604026,0.02247711243247396,SMAP_L3_SM_P_E_20181231_R19240_001.h5
2019-01-06,0,,,SMAP_L3_SM_P_E_20190106_R19240_001.h5
2019-01-12,66,0.17433813214302063,0.01370785213776313,SMAP_L3_SM_P_E_20190112_R19240_001.h5
2019-01-18,86,0.23637709957222605,0.021799204612266785,SMAP_L3_SM_P_E_20190118_R19240_001.h5
2019-01-24,41,0.230697371974224,0.016939720103641608,SMAP_L3_SM_P_E_20190124_R19240_001.h5
2019-01-30,0,,,SMAP_L3_SM_P_E_20190130_R19240_001.h5
2019-02-05,65,0.2850558042526245,0.023770222821735125,SMAP_L3_SM_P_E_20190205_R19240_001.h5
2019-02-11,86,0.2711909401208855,0.02311328752944867,SMAP_L3_SM_P_E_20190211_R19240_001.h5
2019-02-17,52,0.24140802656228727,0.012244853668319584,SMAP_L3_SM_P_E_20190217_R19240_001.h5
2019-02-23,0,,,SMAP_L3_SM_P_E_20190223_R19240_001.h5
2019-03-01,65,0.20545659042321718,0.014229350192928602,SMAP_L3_SM_P_E_20190301_R19240_001.h5
2019-03-07,86,0.18423812853735547,0.013049631566392607,SMAP_L3_SM_P_E_20190307_R19240_001.h5
2019-03-13,52,0.17121443725549257,0.013080179802010048,SMAP_L3_SM_P_E_20190313_R19240_001.h5
2019-03-19,0,,,SMAP_L3_SM_P_E_20190319_R19240_001.h5
2019-03-25,69,0.18478564896445343,0.022716322704552618,SMAP_L3_SM_P_E_20190325_R19240_001.h5
2019-03-31,82,0.17260547109493396,0.01925061875782872,SMAP_L3_SM_P_E_20190331_R19240_001.h5
2019-04-06,49,0.2677320503458685,0.02083224590459441,SMAP_L3_SM_P_E_20190406_R19240_001.h5
2019-04-12,0,,,SMAP_L3_SM_P_E_20190412_R19240_001.h5
2019-04-24,76,0.2760388972727876,0.017658116725010525,SMAP_L3_SM_P_E_20190424_R19240_001.h5
2019-04-30,47,0.2372501866614565,0.02489140402707624,SMAP_L3_SM_P_E_20190430_R19240_001.h5
2019-05-06,0,,,SMAP_L3_SM_P_E_20190506_R19240_001.h5
2019-05-12,60,0.3173457823693752,0.04354949009591494,SMAP_L3_SM_P_E_20190512_R19240_001.h5
2019-05-18,71,0.2731634283989248,0.016788847272117647,SMAP_L3_SM_P_E_20190518_R19240_001.h5
2019-05-24,47,0.21476460771357758,0.02525517792546009,SMAP_L3_SM_P_E_20190524_R19240_001.h5
2019-05-30,0,,,SMAP_L3_SM_P_E_20190530_R19240_001.h5
2019-06-05,67,0.20076720572229642,0.014504167307520088,SMAP_L3_SM_P_E_20190605_R19240_001.h5
2019-06-11,0,,,SMAP_L3_SM_P_E_20190611_R19240_001.h5
2019-06-17,47,0.15252711703168584,0.014286128514520373,SMAP_L3_SM_P_E_20190617_R19240_001.h5
2019-07-23,0,,,SMAP_L3_SM_P_E_20190723_R19240_001.h5
2019-07-29,81,0.28261259216585277,0.02739724451273872,SMAP_L3_SM_P_E_20190729_R19240_001.h5
2019-08-04,49,0.24422530890727528,0.031907420464773115,SMAP_L3_SM_P_E_20190804_R19240_001.h5
2019-08-10,0,,,SMAP_L3_SM_P_E_20190810_R19240_001.h5
2019-08-16,70,0.21873393867697036,0.039380171370328905,SMAP_L3_SM_P_E_20190816_R19240_001.h5
2019-08-22,81,0.18246759915793384,0.02289325104899689,SMAP_L3_SM_P_E_20190822_R19240_001.h5
2019-08-28,49,0.1716089640953103,0.01818091471336494,SMAP_L3_SM_P_E_20190828_R19240_001.h5
2019-09-03,0,,,SMAP_L3_SM_P_E_20190903_R19240_001.h5
2019-09-09,70,0.3258147282259805,0.03075266267000216,SMAP_L3_SM_P_E_20190909_R19240_001.h5
2019-09-15,80,0.20780990086495876,0.024771704507044814,SMAP_L3_SM_P_E_20190915_R19240_001.h5
2019-09-21,49,0.2650683631702345,0.028546095306360098,SMAP_L3_SM_P_E_20190921_R19240_001.h5
2019-09-27,0,,,SMAP_L3_SM_P_E_20190927_R19240_001.h5
2019-10-03,10,0.36431696861982343,0.06216339920467284,SMAP_L3_SM_P_E_20191003_R19240_001.h5
2019-10-09,80,0.27816472556442023,0.02005496303463933,SMAP_L3_SM_P_E_20191009_R19240_001.h5
2019-10-15,49,0.2259097646693794,0.018198637936117028,SMAP_L3_SM_P_E_20191015_R19240_001.h5
2019-10-21,0,,,SMAP_L3_SM_P_E_20191021_R19240_001.h5
2019-10-27,62,0.24121531964309753,0.04746609085711501,SMAP_L3_SM_P_E_20191027_R19240_001.h5
2019-11-02,81,0.24615627527236938,0.018078151375297398,SMAP_L3_SM_P_E_20191102_R19240_001.h5
2019-11-08,28,0.3761499013219561,0.017171446263462516,SMAP_L3_SM_P_E_20191108_R19240_001.h5
2019-11-14,0,,,SMAP_L3_SM_P_E_20191114_R19240_001.h5
2019-11-20,60,0.3790669282277425,0.030002547768261535,SMAP_L3_SM_P_E_20191120_R19240_001.h5
2019-11-26,82,0.39412919886228515,0.030266804008006624,SMAP_L3_SM_P_E_20191126_R19240_001.h5
2019-12-02,46,0.41032692725243775,0.03184364577731778,SMAP_L3_SM_P_E_20191202_R19240_001.h5
2019-12-08,0,,,SMAP_L3_SM_P_E_20191208_R19240_001.h5
2019-12-14,55,0.37564585263078865,0.02156012459273298,SMAP_L3_SM_P_E_20191214_R19240_001.h5
2019-12-20,83,0.36111805453357926,0.024053971937998422,SMAP_L3_SM_P_E_20191220_R19240_001.h5
2019-12-26,51,0.37099874136494654,0.021772815191617976,SMAP_L3_SM_P_E_20191226_R19240_001.h5
2020-01-01,0,,,SMAP_L3_SM_P_E_20200101_R19240_001.h5
2020-01-07,75,0.30900819996992746,0.028647074940000936,SMAP_L3_SM_P_E_20200107_R19240_001.h5
2020-01-13,86,0.2975828375580699,0.023649779453072506,SMAP_L3_SM_P_E_20200113_R19240_001.h5
2020-01-19,52,0.3470521509074248,0.03955386962636763,SMAP_L3_SM_P_E_20200119_R19240_001.h5
2020-01-25,0,,,SMAP_L3_SM_P_E_20200125_R19240_001.h5
2020-01-31,78,0.29482739017559934,0.02153938349893873,SMAP_L3_SM_P_E_20200131_R19240_001.h5
2020-02-06,86,0.2787046423831651,0.024351449036885242,SMAP_L3_SM_P_E_20200206_R19240_001.h5
2020-02-12,51,0.2748803256773481,0.02028730963109607,SMAP_L3_SM_P_E_20200212_R19240_001.h5
2020-02-18,0,,,SMAP_L3_SM_P_E_20200218_R19240_001.h5
2020-02-24,80,0.24097629506140947,0.017475776540534917,SMAP_L3_SM_P_E_20200224_R19240_001.h5
2020-03-01,75,0.21720117092132568,0.013443637469969832,SMAP_L3_SM_P_E_20200301_R19240_001.h5
2020-03-07,50,0.31177032351493833,0.021421805669972788,SMAP_L3_SM_P_E_20200307_R19240_001.h5
2020-03-19,79,0.21761169991915738,0.016069811684295422,SMAP_L3_SM_P_E_20200319_R19240_001.h5
2020-03-25,76,0.18692601021183164,0.012822268033884346,SMAP_L3_SM_P_E_20200325_R19240_001.h5
2020-03-31,49,0.2585464782860814,0.02615074559067317,SMAP_L3_SM_P_E_20200331_R19240_001.h5
2020-04-06,0,,,SMAP_L3_SM_P_E_20200406_R19240_001.h5
2020-04-12,72,0.18515610591404968,0.015483300179207935,SMAP_L3_SM_P_E_20200412_R19240_001.h5
2020-04-18,79,0.17130621532096138,0.014115752968948922,SMAP_L3_SM_P_E_20200418_R19240_001.h5
2020-04-24,47,0.17701783760430964,0.025398175837415177,SMAP_L3_SM_P_E_20200424_R19240_001.h5
2020-04-30,0,,,SMAP_L3_SM_P_E_20200430_R19240_001.h5
2020-05-06,65,0.16119442192407754,0.01266446745113359,SMAP_L3_SM_P_E_20200506_R19240_001.h5
2020-05-12,74,0.21121352206210833,0.024344257758779977,SMAP_L3_SM_P_E_20200512_R19240_001.h5
2020-05-18,46,0.20302992800007696,0.01717950012295014,SMAP_L3_SM_P_E_20200518_R19240_001.h5
2020-05-24,0,,,SMAP_L3_SM_P_E_20200524_R19240_001.h5
2020-05-30,63,0.23064589192942966,0.018690484752989643,SMAP_L3_SM_P_E_20200530_R19240_001.h5
2020-06-05,76,0.3072681691693632,0.023220381972735578,SMAP_L3_SM_P_E_20200605_R19240_001.h5
2020-06-11,0,,,SMAP_L3_SM_P_E_20200611_R19240_001.h5
2020-06-17,0,,,SMAP_L3_SM_P_E_20200617_R19240_001.h5
2020-06-23,61,0.19970066234713696,0.019606821132174525,SMAP_L3_SM_P_E_20200623_R19240_001.h5
2020-06-29,78,0.18151830920042136,0.020147560285863036,SMAP_L3_SM_P_E_20200629_R19240_001.h5
2020-07-05,49,0.24477912485599518,0.024557311409986873,SMAP_L3_SM_P_E_20200705_R19240_001.h5
2020-07-11,0,,,SMAP_L3_SM_P_E_20200711_R19240_001.h5
2020-07-17,60,0.2599990665912628,0.06382916098427521,SMAP_L3_SM_P_E_20200717_R19240_001.h5
2020-07-23,81,0.3015184748319932,0.06662469503116973,SMAP_L3_SM_P_E_20200723_R19240_001.h5
2020-07-29,49,0.2055502366654727,0.02695618717867892,SMAP_L3_SM_P_E_20200729_R19240_001.h5
2020-08-04,0,,,SMAP_L3_SM_P_E_20200804_R19240_001.h5
2020-08-10,65,0.2096411950313128,0.025610470210813908,SMAP_L3_SM_P_E_20200810_R19240_001.h5
2020-08-16,81,0.1799413995978273,0.022346905958612148,SMAP_L3_SM_P_E_20200816_R19240_001.h5
2020-08-22,49,0.17054316371071096,0.013010528067571428,SMAP_L3_SM_P_E_20200822_R19240_001.h5
2020-08-28,0,,,SMAP_L3_SM_P_E_20200828_R19240_001.h5
2020-09-03,75,0.27776514093081156,0.026510504366305036,SMAP_L3_SM_P_E_20200903_R19240_001.h5
2020-09-09,81,0.21203780781339715,0.028968270299606247,SMAP_L3_SM_P_E_20200909_R19240_003.h5
2020-09-15,47,0.18543219027367044,0.010520048365368231,SMAP_L3_SM_P_E_20200915_R19240_001.h5
2020-09-21,0,,,SMAP_L3_SM_P_E_20200921_R19240_001.h5
2020-09-27,72,0.2815308502564828,0.021412780780685595,SMAP_L3_SM_P_E_20200927_R19240_001.h5
2020-10-03,39,0.2637239606716694,0.03751704797889319,SMAP_L3_SM_P_E_20201003_R19240_001.h5
2020-10-09,0,,,SMAP_L3_SM_P_E_20201009_R19240_001.h5
2020-10-15,0,,,SMAP_L3_SM_P_E_20201015_R19240_001.h5
2020-10-21,70,0.28636509094919477,0.022266519430318023,SMAP_L3_SM_P_E_20201021_R19240_001.h5
2020-10-27,81,0.3444256410922533,0.027188139029617055,SMAP_L3_SM_P_E_20201027_R19240_001.h5
2020-11-02,49,0.2742812070919543,0.019762150647463388,SMAP_L3_SM_P_E_20201102_R19240_001.h5
2020-11-08,0,,,SMAP_L3_SM_P_E_20201108_R19240_001.h5
2020-11-14,67,0.2220274483534827,0.024304769196646668,SMAP_L3_SM_P_E_20201114_R19240_001.h5
2020-11-20,74,0.3153166207107338,0.028262907290313045,SMAP_L3_SM_P_E_20201120_R19240_001.h5
2020-11-26,50,0.2728980022668839,0.016559927176750158,SMAP_L3_SM_P_E_20201126_R19240_001.h5
2020-12-02,0,,,SMAP_L3_SM_P_E_20201202_R19240_001.h5
2020-12-08,8,0.40145640820264816,0.016023608762189175,SMAP_L3_SM_P_E_20201208_R19240_001.h5
2020-12-14,80,0.36762763373553753,0.03404308316383253,SMAP_L3_SM_P_E_20201214_R19240_001.h5
2020-12-20,50,0.3660259872674942,0.03802939255905341,SMAP_L3_SM_P_E_20201220_R19240_001.h5
2020-12-26,0,,,SMAP_L3_SM_P_E_20201226_R19240_001.h5
2021-01-01,59,0.35798525002043124,0.02785096968980699,SMAP_L3_SM_P_E_20210101_R19240_001.h5
2021-01-07,63,0.3623727692498101,0.02442084347896537,SMAP_L3_SM_P_E_20210107_R19240_001.h5
2021-01-13,43,0.22034448211969332,0.0176371337908881,SMAP_L3_SM_P_E_20210113_R19240_001.h5
2021-01-19,0,,,SMAP_L3_SM_P_E_20210119_R19240_001.h5
2021-01-25,71,0.297389621675854,0.03426593944795926,SMAP_L3_SM_P_E_20210125_R19240_001.h5
2021-01-31,84,0.35353608429431915,0.03888509901918241,SMAP_L3_SM_P_E_20210131_R19240_001.h5
2021-02-06,50,0.3232413440942764,0.030731888399543064,SMAP_L3_SM_P_E_20210206_R19240_001.h5
2021-02-12,0,,,SMAP_L3_SM_P_E_20210212_R19240_001.h5
2021-02-18,70,0.2648529442293303,0.03937762729738155,SMAP_L3_SM_P_E_20210218_R19240_001.h5
2021-02-24,86,0.24941054454376532,0.036955219728723294,SMAP_L3_SM_P_E_20210224_R19240_001.h5
2021-03-02,52,0.2363790706373178,0.028915741448016667,SMAP_L3_SM_P_E_20210302_R19240_001.h5
2021-03-08,0,,,SMAP_L3_SM_P_E_20210308_R19240_001.h5
2021-03-14,64,0.21484224242158234,0.03203447392179328,SMAP_L3_SM_P_E_20210314_R19240_001.h5
2021-03-20,83,0.20057376447212266,0.030671918994424986,SMAP_L3_SM_P_E_20210320_R19240_001.h5
2021-03-26,51,0.17660722954600466,0.01592191899842243,SMAP_L3_SM_P_E_20210326_R19240_001.h5
2021-04-01,0,,,SMAP_L3_SM_P_E_20210401_R19240_001.h5
2021-04-07,61,0.20052814630211377,0.03141586554775585,SMAP_L3_SM_P_E_20210407_R19240_001.h5
2021-04-13,80,0.32632809653878214,0.026119078694225098,SMAP_L3_SM_P_E_20210413_R19240_001.h5
2021-04-19,49,0.2097922739933948,0.016942392493586138,SMAP_L3_SM_P_E_20210419_R19240_001.h5
2021-04-25,0,,,SMAP_L3_SM_P_E_20210425_R19240_001.h5
2021-05-01,57,0.22386193719872258,0.017094831524140295,SMAP_L3_SM_P_E_20210501_R19240_001.h5
2021-05-07,75,0.17084317545096078,0.016878347847251424,SMAP_L3_SM_P_E_20210507_R19240_001.h5
2021-05-13,46,0.2386612694548524,0.021526471179900038,SMAP_L3_SM_P_E_20210513_R19240_001.h5
2021-05-19,0,,,SMAP_L3_SM_P_E_20210519_R19240_001.h5
2021-05-25,68,0.2846451706307776,0.02813684172802927,SMAP_L3_SM_P_E_20210525_R19240_001.h5
2021-05-31,76,0.18203818523570112,0.015100398516860488,SMAP_L3_SM_P_E_20210531_R19240_001.h5
2021-06-06,46,0.16111182421445847,0.012176465753715214,SMAP_L3_SM_P_E_20210606_R19240_001.h5
2021-06-12,0,,,SMAP_L3_SM_P_E_20210612_R19240_001.h5
2021-06-18,70,0.16930728490863528,0.013670336254093427,SMAP_L3_SM_P_E_20210618_R19240_001.h5
2021-06-24,78,0.17522070232110146,0.01753028983535175,SMAP_L3_SM_P_E_20210624_R19240_001.h5
2021-06-30,48,0.16409689436356226,0.016533854898075656,SMAP_L3_SM_P_E_20210630_R19240_001.h5
2021-07-06,0,,,SMAP_L3_SM_P_E_20210706_R19240_001.h5
2021-07-12,67,0.20168580982222487,0.034878101960372984,SMAP_L3_SM_P_E_20210712_R19240_001.h5
2021-07-18,79,0.22546698417090164,0.017715865551524927,SMAP_L3_SM_P_E_20210718_R19240_001.h5
2021-07-24,49,0.18637542973975746,0.01669160354803831,SMAP_L3_SM_P_E_20210724_R19240_001.h5
2021-07-30,0,,,SMAP_L3_SM_P_E_20210730_R19240_001.h5
2021-08-05,65,0.19806582836004405,0.02643865126275043,SMAP_L3_SM_P_E_20210805_R19240_001.h5
2021-08-11,80,0.17931809704750776,0.022105488644684736,SMAP_L3_SM_P_E_20210811_R19240_001.h5
2021-08-17,49,0.20009823538819138,0.02622404145827468,SMAP_L3_SM_P_E_20210817_R19240_001.h5
2021-08-23,0,,,SMAP_L3_SM_P_E_20210823_R19240_001.h5
2021-08-29,59,0.2306170832302611,0.025006035835559833,SMAP_L3_SM_P_E_20210829_R19240_001.h5
2021-09-04,81,0.18370845012458753,0.02103415887426141,SMAP_L3_SM_P_E_20210904_R19240_001.h5
2021-09-10,49,0.16752415865051504,0.01681112674555503,SMAP_L3_SM_P_E_20210910_R19240_001.h5
2021-09-16,0,,,SMAP_L3_SM_P_E_20210916_R19240_001.h5
2021-09-22,60,0.2721400797367096,0.026214072633017345,SMAP_L3_SM_P_E_20210922_R19240_001.h5
2021-09-28,79,0.3161943852901459,0.026870756788270462,SMAP_L3_SM_P_E_20210928_R19240_001.h5
2021-10-04,49,0.20115845969745091,0.010633824636447475,SMAP_L3_SM_P_E_20211004_R19240_001.h5
2021-10-10,0,,,SMAP_L3_SM_P_E_20211010_R19240_001.h5
2021-10-16,64,0.22976782266050577,0.02269602071585906,SMAP_L3_SM_P_E_20211016_R19240_001.h5
2021-10-22,80,0.19421454537659882,0.014040854589154215,SMAP_L3_SM_P_E_20211022_R19240_001.h5
2021-10-28,49,0.1936585529118168,0.01463773009218315,SMAP_L3_SM_P_E_20211028_R19240_001.h5
2021-11-03,0,,,SMAP_L3_SM_P_E_20211103_R19240_001.h5
2021-11-09,67,0.2813861901635554,0.03524154256966458,SMAP_L3_SM_P_E_20211109_R19240_001.h5
2021-11-15,77,0.3284150992895102,0.03667682831263578,SMAP_L3_SM_P_E_20211115_R19240_001.h5
2021-11-21,49,0.3044342848719383,0.017639180621882893,SMAP_L3_SM_P_E_20211121_R19240_001.h5
2021-11-27,0,,,SMAP_L3_SM_P_E_20211127_R19240_001.h5
2021-12-03,68,0.33158524882267504,0.03372727554603839,SMAP_L3_SM_P_E_20211203_R19240_001.h5
2021-12-09,84,0.346061443289121,0.03224323719458004,SMAP_L3_SM_P_E_20211209_R19240_001.h5
2021-12-15,37,0.28387955958778793,0.013128773362708651,SMAP_L3_SM_P_E_20211215_R19240_001.h5
2021-12-21,0,,,SMAP_L3_SM_P_E_20211221_R19240_001.h5
2021-12-27,63,0.3034859649718754,0.020503524247623733,SMAP_L3_SM_P_E_20211227_R19240_001.h5
2022-01-08,42,0.2928504908368701,0.02346163620501082,SMAP_L3_SM_P_E_20220108_R19240_001.h5
2022-01-20,58,0.2349095632290018,0.024630396593413748,SMAP_L3_SM_P_E_20220120_R19240_001.h5
2022-02-01,52,0.23223723069979593,0.02386099807183283,SMAP_L3_SM_P_E_20220201_R19240_001.h5
2022-02-13,70,0.22868119307926724,0.028651430439924613,SMAP_L3_SM_P_E_20220213_R19240_001.h5
2022-02-25,52,0.23949791548343805,0.016540935558333955,SMAP_L3_SM_P_E_20220225_R19240_001.h5
2022-03-09,66,0.20157541108853888,0.028392022411822166,SMAP_L3_SM_P_E_20220309_R19240_001.h5
2022-03-21,52,0.17499236791179731,0.017552546772774093,SMAP_L3_SM_P_E_20220321_R19240_001.h5
2022-04-02,65,0.2896102836498847,0.017136521683916044,SMAP_L3_SM_P_E_20220402_R19240_001.h5
2022-04-26,71,0.229009479074411,0.01927883872982529,SMAP_L3_SM_P_E_20220426_R19240_001.h5
2022-05-08,46,0.2478153355743574,0.015828530413548418,SMAP_L3_SM_P_E_20220508_R19240_001.h5
2022-05-20,60,0.1637815495332082,0.010537016767746444,SMAP_L3_SM_P_E_20220520_R19240_001.h5
2022-06-01,47,0.1794815697568528,0.016809519225310203,SMAP_L3_SM_P_E_20220601_R19240_001.h5
2022-06-13,63,0.18569071425331962,0.017817558244258604,SMAP_L3_SM_P_E_20220613_R19240_001.h5
2022-06-25,48,0.16490362181017795,0.014948705355310836,SMAP_L3_SM_P_E_20220625_R19240_001.h5
2022-07-07,69,0.20361971617608832,0.028995355312314376,SMAP_L3_SM_P_E_20220707_R19240_001.h5
2022-07-19,49,0.1654387869092883,0.018587497789158865,SMAP_L3_SM_P_E_20220719_R19240_001.h5
2022-09-29,79,0.21627861261367798,0.021854313191020987,SMAP_L3_SM_P_E_20220929_R19240_001.h5
2022-10-11,0,,,SMAP_L3_SM_P_E_20221011_R19240_001.h5
2022-10-23,81,0.17640815767241114,0.01192720408867803,SMAP_L3_SM_P_E_20221023_R19240_001.h5
2022-11-04,0,,,SMAP_L3_SM_P_E_20221104_R19240_001.h5
2022-11-16,82,0.2957663397963454,0.02379440493051281,SMAP_L3_SM_P_E_20221116_R19240_001.h5
2022-11-28,0,,,SMAP_L3_SM_P_E_20221128_R19240_001.h5
2022-12-10,78,0.3603550638907995,0.024763304487154966,SMAP_L3_SM_P_E_20221210_R19240_001.h5
2022-12-22,0,,,SMAP_L3_SM_P_E_20221222_R19240_001.h5
2023-01-03,85,0.3161995880744036,0.025708211301541755,SMAP_L3_SM_P_E_20230103_R19240_001.h5
2023-01-15,0,,,SMAP_L3_SM_P_E_20230115_R19240_001.h5
2023-01-27,73,0.321540456928619,0.018317593483725463,SMAP_L3_SM_P_E_20230127_R19240_001.h5
2023-02-08,0,,,SMAP_L3_SM_P_E_20230208_R19240_001.h5
2023-02-20,82,0.20477969253935466,0.022510282659666907,SMAP_L3_SM_P_E_20230220_R19240_001.h5
2023-03-04,0,,,SMAP_L3_SM_P_E_20230304_R19240_001.h5
2023-03-16,85,0.23715116223868202,0.03973553239618264,SMAP_L3_SM_P_E_20230316_R19240_001.h5
2023-03-28,0,,,SMAP_L3_SM_P_E_20230328_R19240_001.h5
2023-04-09,81,0.17717073048338478,0.02064500639608226,SMAP_L3_SM_P_E_20230409_R19240_001.h5
2023-04-21,0,,,SMAP_L3_SM_P_E_20230421_R19240_001.h5
2023-05-03,0,,,SMAP_L3_SM_P_E_20230503_R19240_001.h5
2023-05-15,0,,,SMAP_L3_SM_P_E_20230515_R19240_001.h5
2023-05-27,76,0.2378675357291573,0.027230368881412392,SMAP_L3_SM_P_E_20230527_R19240_001.h5
2023-06-08,0,,,SMAP_L3_SM_P_E_20230608_R19240_001.h5
2023-07-02,0,,,SMAP_L3_SM_P_E_20230702_R19240_001.h5
2023-07-14,78,0.19864550347511584,0.019201405777063356,SMAP_L3_SM_P_E_20230714_R19240_001.h5
2023-07-26,0,,,SMAP_L3_SM_P_E_20230726_R19240_001.h5
2023-08-07,81,0.25233962304062313,0.029472021104398966,SMAP_L3_SM_P_E_20230807_R19240_001.h5
2023-08-19,0,,,SMAP_L3_SM_P_E_20230819_R19240_001.h5
2023-08-31,81,0.25144047924765833,0.03132820384612571,SMAP_L3_SM_P_E_20230831_R19240_001.h5
2023-09-12,0,,,SMAP_L3_SM_P_E_20230912_R19240_001.h5
2023-09-24,79,0.27596129665646374,0.037728848781938315,SMAP_L3_SM_P_E_20230924_R19240_001.h5
2023-10-06,0,,,SMAP_L3_SM_P_E_20231006_R19240_001.h5
2023-10-30,0,,,SMAP_L3_SM_P_E_20231030_R19240_001.h5
2023-11-23,0,,,SMAP_L3_SM_P_E_20231123_R19240_001.h5
2023-12-29,85,0.2503713236135595,0.021613167499758036,SMAP_L3_SM_P_E_20231229_R19240_001.h5
2024-01-10,0,,,SMAP_L3_SM_P_E_20240110_R19240_001.h5
2024-01-22,84,0.20410739736897604,0.015543977639637089,SMAP_L3_SM_P_E_20240122_R19240_001.h5
2024-02-03,0,,,SMAP_L3_SM_P_E_20240203_R19240_002.h5
2024-02-15,86,0.2615599561222764,0.020153166021323117,SMAP_L3_SM_P_E_20240215_R19240_001.h5
2024-02-27,0,,,SMAP_L3_SM_P_E_20240227_R19240_001.h5
2024-03-10,54,0.3109445395293059,0.053042939485286884,SMAP_L3_SM_P_E_20240310_R19240_002.h5
2024-03-22,0,,,SMAP_L3_SM_P_E_20240322_R19240_001.h5
2024-04-03,63,0.22129637263123952,0.029952374099462317,SMAP_L3_SM_P_E_20240403_R19240_001.h5
2024-04-15,0,,,SMAP_L3_SM_P_E_20240415_R19240_001.h5
2024-04-27,76,0.2398703282600955,0.03383688863764535,SMAP_L3_SM_P_E_20240427_R19240_002.h5
2024-05-09,0,,,SMAP_L3_SM_P_E_20240509_R19240_001.h5
2024-05-21,23,0.31982095993083454,0.03617817517759936,SMAP_L3_SM_P_E_20240521_R19240_001.h5
2024-06-02,0,,,SMAP_L3_SM_P_E_20240602_R19240_001.h5
2024-06-14,78,0.21272282608044454,0.03246685680050177,SMAP_L3_SM_P_E_20240614_R19240_003.h5
2024-06-26,0,,,SMAP_L3_SM_P_E_20240626_R19240_001.h5
2024-07-08,78,0.17632181159196755,0.023666728439012377,SMAP_L3_SM_P_E_20240708_R19240_001.h5
2024-07-20,0,,,SMAP_L3_SM_P_E_20240720_R19240_001.h5
2024-08-01,81,0.15103031244174933,0.018035485656015652,SMAP_L3_SM_P_E_20240801_R19240_002.h5
