reach_id,time_str,river_name,p_lat,p_lon,wse,width,slope2,d_x_area,dschg_c,source_file,product,time
21500900204,2024-01-14T02:35:17Z,Serchio,43.8539327,10.476405,,60.665295,,,,SWOT_L2_HR_RiverSP_Reach_009_279_EU_20240114T023350_20240114T023358_PIC0_01.zip,river,2024-01-14 02:35:17+00:00
21500900034,2024-01-22T11:39:21Z,Serchio,43.78946261,10.4164431,,3711.741096,,,,SWOT_L2_HR_RiverSP_Reach_009_514_EU_20240122T113641_20240122T113650_PIC0_01.zip,river,2024-01-22 11:39:21+00:00
21500900184,2024-02-03T23:20:22Z,Serchio,43.8188553,10.4136918,,164.680008,,,,SWOT_L2_HR_RiverSP_Reach_010_279_EU_20240203T231856_20240203T231904_PIC0_01.zip,river,2024-02-03 23:20:22+00:00
21500900021,2024-02-12T08:24:26Z,Serchio,43.78117023,10.399042,4.713,1085.174076,0.00106933157,,,SWOT_L2_HR_RiverSP_Reach_010_514_EU_20240212T082146_20240212T082154_PIC0_01.zip,river,2024-02-12 08:24:26+00:00
21500800214,2024-03-05T18:27:27Z,Fiume Arno,43.7710951,11.2443983,,108.592636,,,,SWOT_L2_HR_RiverSP_Reach_011_557_EU_20240305T182723_20240305T182725_PIC0_01.zip,river,2024-03-05 18:27:27+00:00
21500800364,2024-03-05T18:27:27Z,Fiume Arno,43.72136726,11.4558202,,60.653976,,,,SWOT_L2_HR_RiverSP_Reach_011_557_EU_20240305T182723_20240305T182725_PIC0_01.zip,river,2024-03-05 18:27:27+00:00
21407000015,2024-03-05T18:27:56Z,Po di Gnocca,44.88633902,12.3402252,0.6934,129.177912,6.558625e-05,,,SWOT_L2_HR_RiverSP_Reach_011_557_EU_20240305T182723_20240305T182725_PIC0_01.zip,river,2024-03-05 18:27:56+00:00
21407000045,2024-03-05T18:27:56Z,Po di Goro,44.93225211,12.2569541,1.4766,212.86415,7.8018e-05,,,SWOT_L2_HR_RiverSP_Reach_011_557_EU_20240305T182723_20240305T182725_PIC0_01.zip,river,2024-03-05 18:27:56+00:00
21406100275,2024-03-05T18:27:56Z,Po di Venezia,44.95659643,12.3650664,1.1335,347.645761,-5.3264e-05,,,SWOT_L2_HR_RiverSP_Reach_011_557_EU_20240305T182723_20240305T182725_PIC0_01.zip,river,2024-03-05 18:27:56+00:00
21407000035,2024-03-05T18:27:56Z,Po di Goro,44.88212683,12.2910628,0.7262,161.174157,7.562249e-05,,,SWOT_L2_HR_RiverSP_Reach_011_557_EU_20240305T182723_20240305T182725_PIC0_01.zip,river,2024-03-05 18:27:56+00:00
21407000025,2024-03-05T18:27:56Z,no_data,44.82749551,12.3520721,0.2164,204.262364,4.530558e-05,,,SWOT_L2_HR_RiverSP_Reach_011_557_EU_20240305T182723_20240305T182725_PIC0_01.zip,river,2024-03-05 18:27:56+00:00
21406100295,2024-03-05T18:27:56Z,Po di Venezia,45.02022837,12.1647155,2.8818,342.7932,9.684026e-05,,,SWOT_L2_HR_RiverSP_Reach_011_557_EU_20240305T182723_20240305T182725_PIC0_01.zip,river,2024-03-05 18:27:56+00:00
21406100285,2024-03-05T18:27:56Z,Po di Venezia,44.97907136,12.2580871,1.9802,370.56953,9.02605e-05,,,SWOT_L2_HR_RiverSP_Reach_011_557_EU_20240305T182723_20240305T182725_PIC0_01.zip,river,2024-03-05 18:27:56+00:00
21404000425,2024-03-05T18:27:57Z,Adige; Fiume Adige,45.11811217,12.169194,0.904,83.514598,6.678026e-05,,,SWOT_L2_HR_RiverSP_Reach_011_557_EU_20240305T182723_20240305T182725_PIC0_01.zip,river,2024-03-05 18:27:57+00:00
21404000415,2024-03-05T18:27:57Z,Fiume Adige,45.12610537,12.2744918,0.5751,96.79693,1.134451e-05,,,SWOT_L2_HR_RiverSP_Reach_011_557_EU_20240305T182723_20240305T182725_PIC0_01.zip,river,2024-03-05 18:27:57+00:00
21406500061,2024-03-06T18:28:27Z,Po,45.09545589,9.4901032,,35.006884,,,,SWOT_L2_HR_RiverSP_Reach_012_001_EU_20240306T182734_20240306T182736_PIC0_01.zip,river,2024-03-06 18:28:27+00:00
21406500051,2024-03-06T18:28:27Z,Po,45.11288369,9.6007179,48.4531,81.690839,8.270349e-05,,,SWOT_L2_HR_RiverSP_Reach_012_001_EU_20240306T182734_20240306T182736_PIC0_01.zip,river,2024-03-06 18:28:27+00:00
21406500041,2024-03-06T18:28:27Z,Po,45.07148237,9.704767,45.3347,275.879281,0.00019399341,,,SWOT_L2_HR_RiverSP_Reach_012_001_EU_20240306T182734_20240306T182736_PIC0_01.zip,river,2024-03-06 18:28:27+00:00
21406500031,2024-03-06T18:28:27Z,Po,45.08910017,9.7847586,43.2329,368.584331,0.00017364903,,,SWOT_L2_HR_RiverSP_Reach_012_001_EU_20240306T182734_20240306T182736_PIC0_01.zip,river,2024-03-06 18:28:27+00:00
21406500071,2024-03-06T18:28:27Z,Po,45.11737939,9.3109347,58.4553,297.109303,-0.0005034414,,,SWOT_L2_HR_RiverSP_Reach_012_001_EU_20240306T182734_20240306T182736_PIC0_01.zip,river,2024-03-06 18:28:27+00:00
21406400014,2024-03-06T18:28:28Z,Adda,45.13676214,9.8763325,37.6142,59.542454,0.0011976557,,,SWOT_L2_HR_RiverSP_Reach_012_001_EU_20240306T182734_20240306T182736_PIC0_01.zip,river,2024-03-06 18:28:28+00:00
21406300011,2024-03-14T03:31:25Z,Po,45.00223735,10.6801087,20.0995,377.02109,0.0001321533,,,SWOT_L2_HR_RiverSP_Reach_012_208_EU_20240314T032902_20240314T032904_PIC0_01.zip,river,2024-03-14 03:31:25+00:00
21406100123,2024-03-14T03:31:25Z,Fiume Mincio,45.14246728,10.8162187,14.0375,,,,,SWOT_L2_HR_RiverSP_Reach_012_208_EU_20240314T032902_20240314T032904_PIC0_01.zip,river,2024-03-14 03:31:25+00:00
21404000011,2024-03-14T03:31:26Z,Adige,45.13669319,11.9340853,2.8238,63.500379,3.187426e-05,,,SWOT_L2_HR_RiverSP_Reach_012_208_EU_20240314T032902_20240314T032904_PIC0_01.zip,river,2024-03-14 03:31:26+00:00
21404000021,2024-03-14T03:31:26Z,Adige,45.1152242,11.8085946,3.384,71.624157,0.00014179422,,,SWOT_L2_HR_RiverSP_Reach_012_208_EU_20240314T032902_20240314T032904_PIC0_01.zip,river,2024-03-14 03:31:26+00:00
21404000435,2024-03-14T03:31:26Z,Adige,45.13738683,12.0558708,0.6494,56.948935,0.00021479359,,,SWOT_L2_HR_RiverSP_Reach_012_208_EU_20240314T032902_20240314T032904_PIC0_01.zip,river,2024-03-14 03:31:26+00:00
21407000055,2024-03-14T03:31:35Z,Po di Goro,44.94808193,12.128055,3.8637,74.61395,0.00012258482,,,SWOT_L2_HR_RiverSP_Reach_012_208_EU_20240314T032902_20240314T032904_PIC0_01.zip,river,2024-03-14 03:31:35+00:00
21406100021,2024-03-14T03:31:35Z,Po,44.94767275,11.7511479,7.3399,372.860631,0.00010662124,,,SWOT_L2_HR_RiverSP_Reach_012_208_EU_20240314T032902_20240314T032904_PIC0_01.zip,river,2024-03-14 03:31:35+00:00
21406100315,2024-03-14T03:31:35Z,Po,44.97645748,12.0255272,5.5798,343.350597,0.00010906829,,,SWOT_L2_HR_RiverSP_Reach_012_208_EU_20240314T032902_20240314T032904_PIC0_01.zip,river,2024-03-14 03:31:35+00:00
21406100305,2024-03-14T03:31:35Z,Po di Venezia,44.99976903,12.0782068,4.2072,389.021322,8.132416e-05,,,SWOT_L2_HR_RiverSP_Reach_012_208_EU_20240314T032902_20240314T032904_PIC0_01.zip,river,2024-03-14 03:31:35+00:00
21406100031,2024-03-14T03:31:35Z,Po,44.89965067,11.6362292,8.5303,521.877661,9.824189e-05,,,SWOT_L2_HR_RiverSP_Reach_012_208_EU_20240314T032902_20240314T032904_PIC0_01.zip,river,2024-03-14 03:31:35+00:00
21406100011,2024-03-14T03:31:35Z,no_data,44.97788826,11.9055543,6.345,371.42175,4.143735e-05,,,SWOT_L2_HR_RiverSP_Reach_012_208_EU_20240314T032902_20240314T032904_PIC0_01.zip,river,2024-03-14 03:31:35+00:00
21500800234,2024-03-14T03:31:46Z,Fiume Arno,43.76500389,11.2673403,,21.927727,,,,SWOT_L2_HR_RiverSP_Reach_012_208_EU_20240314T032902_20240314T032904_PIC0_01.zip,river,2024-03-14 03:31:46+00:00
21500800241,2024-03-14T03:31:46Z,Fiume Arno,43.76412125,11.2917186,45.2392,39.486221,-0.000847856,,,SWOT_L2_HR_RiverSP_Reach_012_208_EU_20240314T032902_20240314T032904_PIC0_01.zip,river,2024-03-14 03:31:46+00:00
21500800254,2024-03-14T03:31:46Z,Fiume Arno,43.76234794,11.3160621,,4.847974,,,,SWOT_L2_HR_RiverSP_Reach_012_208_EU_20240314T032902_20240314T032904_PIC0_01.zip,river,2024-03-14 03:31:46+00:00
21500800264,2024-03-14T03:31:46Z,Fiume Arno,43.76456329,11.3232663,51.7645,107.440688,0.00068566362,,,SWOT_L2_HR_RiverSP_Reach_012_208_EU_20240314T032902_20240314T032904_PIC0_01.zip,river,2024-03-14 03:31:46+00:00
21500800274,2024-03-14T03:31:46Z,Fiume Arno,43.76832184,11.331508,54.154,105.675932,0.00027539607,,,SWOT_L2_HR_RiverSP_Reach_012_208_EU_20240314T032902_20240314T032904_PIC0_01.zip,river,2024-03-14 03:31:46+00:00
21500800314,2024-03-14T03:31:46Z,Fiume Arno,43.78146667,11.3605945,,140.747204,,,,SWOT_L2_HR_RiverSP_Reach_012_208_EU_20240314T032902_20240314T032904_PIC0_01.zip,river,2024-03-14 03:31:46+00:00
21500800301,2024-03-14T03:31:46Z,Fiume Arno,43.77298059,11.3559331,57.5276,94.537861,0.00170718257,,,SWOT_L2_HR_RiverSP_Reach_012_208_EU_20240314T032902_20240314T032904_PIC0_01.zip,river,2024-03-14 03:31:46+00:00
21500800324,2024-03-14T03:31:46Z,Fiume Arno,43.78330118,11.3692522,63.4868,67.903911,0.00060508339,,,SWOT_L2_HR_RiverSP_Reach_012_208_EU_20240314T032902_20240314T032904_PIC0_01.zip,river,2024-03-14 03:31:46+00:00
21500800331,2024-03-14T03:31:46Z,Fiume Arno,43.78712321,11.3824156,63.6719,89.329314,-0.0018210564,,,SWOT_L2_HR_RiverSP_Reach_012_208_EU_20240314T032902_20240314T032904_PIC0_01.zip,river,2024-03-14 03:31:46+00:00
21500800351,2024-03-14T03:31:46Z,Fiume Arno,43.75962957,11.4430708,82.5887,56.722474,0.00290056756,,,SWOT_L2_HR_RiverSP_Reach_012_208_EU_20240314T032902_20240314T032904_PIC0_01.zip,river,2024-03-14 03:31:46+00:00
21500800221,2024-03-14T03:31:46Z,Fiume Arno,43.76715202,11.2554943,41.9651,59.334214,-0.0001175549,,,SWOT_L2_HR_RiverSP_Reach_012_208_EU_20240314T032902_20240314T032904_PIC0_01.zip,river,2024-03-14 03:31:46+00:00
21500800284,2024-03-14T03:31:46Z,Fiume Arno,43.76530457,11.337519,55.5716,113.590132,0.00359966617,,,SWOT_L2_HR_RiverSP_Reach_012_208_EU_20240314T032902_20240314T032904_PIC0_01.zip,river,2024-03-14 03:31:46+00:00
21500800201,2024-03-14T03:31:46Z,Fiume Arno,43.7758682,11.2295414,,28.518171,,,,SWOT_L2_HR_RiverSP_Reach_012_208_EU_20240314T032902_20240314T032904_PIC0_01.zip,river,2024-03-14 03:31:46+00:00
21500800344,2024-03-14T03:31:46Z,Fiume Arno,43.79152438,11.3885935,,167.658265,,,,SWOT_L2_HR_RiverSP_Reach_012_208_EU_20240314T032902_20240314T032904_PIC0_01.zip,river,2024-03-14 03:31:46+00:00
21500800181,2024-03-14T03:31:46Z,Fiume Arno,43.7853558,11.2058467,29.6771,38.175764,-0.001067136,,,SWOT_L2_HR_RiverSP_Reach_012_208_EU_20240314T032902_20240314T032904_PIC0_01.zip,river,2024-03-14 03:31:46+00:00
21500800194,2024-03-14T03:31:46Z,Fiume Arno,43.78123761,11.2146427,,76.642658,,,,SWOT_L2_HR_RiverSP_Reach_012_208_EU_20240314T032902_20240314T032904_PIC0_01.zip,river,2024-03-14 03:31:46+00:00
21500800174,2024-03-14T03:31:46Z,Fiume Arno,43.78926005,11.1968555,,44.2297,,,,SWOT_L2_HR_RiverSP_Reach_012_208_EU_20240314T032902_20240314T032904_PIC0_01.zip,river,2024-03-14 03:31:46+00:00
21500800021,2024-03-16T16:50:29Z,Fiume Arno,43.7081277,10.4445051,0.6655,86.832779,2.739987e-05,,,SWOT_L2_HR_RiverSP_Reach_012_279_EU_20240316T164904_20240316T164911_PIC0_01.zip,river,2024-03-16 16:50:29+00:00
21500800081,2024-03-16T16:50:30Z,Fiume Arno,43.72780079,10.8953951,12.566,17.273427,-0.0022745349,,,SWOT_L2_HR_RiverSP_Reach_012_279_EU_20240316T164904_20240316T164911_PIC0_01.zip,river,2024-03-16 16:50:30+00:00
21500900231,2024-03-16T16:50:30Z,Serchio,43.88606154,10.5259476,28.7026,95.969738,0.00313879483,,,SWOT_L2_HR_RiverSP_Reach_012_279_EU_20240316T164904_20240316T164911_PIC0_01.zip,river,2024-03-16 16:50:30+00:00
21500900224,2024-03-16T16:50:30Z,Serchio,43.85677563,10.5059732,,70.490082,,,,SWOT_L2_HR_RiverSP_Reach_012_279_EU_20240316T164904_20240316T164911_PIC0_01.zip,river,2024-03-16 16:50:30+00:00
21500900211,2024-03-16T16:50:30Z,Serchio,43.8532787,10.4915647,,172.763823,,,,SWOT_L2_HR_RiverSP_Reach_012_279_EU_20240316T164904_20240316T164911_PIC0_01.zip,river,2024-03-16 16:50:30+00:00
21500800061,2024-03-16T16:50:30Z,Fiume Arno,43.70436492,10.7839405,13.243,10.440671,-7.74238e-05,,,SWOT_L2_HR_RiverSP_Reach_012_279_EU_20240316T164904_20240316T164911_PIC0_01.zip,river,2024-03-16 16:50:30+00:00
21500800074,2024-03-16T16:50:30Z,Fiume Arno,43.71763156,10.8700497,,54.181559,,,,SWOT_L2_HR_RiverSP_Reach_012_279_EU_20240316T164904_20240316T164911_PIC0_01.zip,river,2024-03-16 16:50:30+00:00
21500800094,2024-03-16T16:50:30Z,Fiume Arno,43.72897311,10.9212468,,40.229473,,,,SWOT_L2_HR_RiverSP_Reach_012_279_EU_20240316T164904_20240316T164911_PIC0_01.zip,river,2024-03-16 16:50:30+00:00
21500800154,2024-03-16T16:50:30Z,Fiume Arno,43.76627758,11.0424554,,34.630703,,,,SWOT_L2_HR_RiverSP_Reach_012_279_EU_20240316T164904_20240316T164911_PIC0_01.zip,river,2024-03-16 16:50:30+00:00
21500800114,2024-03-16T16:50:30Z,Fiume Arno,43.73395613,10.9629417,,32.195002,,,,SWOT_L2_HR_RiverSP_Reach_012_279_EU_20240316T164904_20240316T164911_PIC0_01.zip,river,2024-03-16 16:50:30+00:00
21500800121,2024-03-16T16:50:30Z,Fiume Arno,43.739528,10.9815185,20.438,18.140247,-0.0009749348,,,SWOT_L2_HR_RiverSP_Reach_012_279_EU_20240316T164904_20240316T164911_PIC0_01.zip,river,2024-03-16 16:50:30+00:00
21500800134,2024-03-16T16:50:30Z,Fiume Arno,43.73552158,10.9998728,,22.916808,,,,SWOT_L2_HR_RiverSP_Reach_012_279_EU_20240316T164904_20240316T164911_PIC0_01.zip,river,2024-03-16 16:50:30+00:00
21500800141,2024-03-16T16:50:30Z,Fiume Arno,43.74768721,11.0244481,25.2916,14.864262,0.00090423631,,,SWOT_L2_HR_RiverSP_Reach_012_279_EU_20240316T164904_20240316T164911_PIC0_01.zip,river,2024-03-16 16:50:30+00:00
21500900244,2024-03-16T16:50:30Z,Serchio,43.91649583,10.529312,,176.410932,,,,SWOT_L2_HR_RiverSP_Reach_012_279_EU_20240316T164904_20240316T164911_PIC0_01.zip,river,2024-03-16 16:50:30+00:00
21500800161,2024-03-16T16:50:30Z,Fiume Arno,43.77826116,11.1119621,30.9304,3.732343,-0.0017755741,,,SWOT_L2_HR_RiverSP_Reach_012_279_EU_20240316T164904_20240316T164911_PIC0_01.zip,river,2024-03-16 16:50:30+00:00
21500900013,2024-03-16T16:50:30Z,Serchio,43.76238147,10.3226477,-1.4047,483.894996,-0.0006939921,,,SWOT_L2_HR_RiverSP_Reach_012_279_EU_20240316T164904_20240316T164911_PIC0_01.zip,river,2024-03-16 16:50:30+00:00
21500900041,2024-03-16T16:50:30Z,Serchio,43.8036516,10.4063306,-1.2392,353.18,0.00261894951,,,SWOT_L2_HR_RiverSP_Reach_012_279_EU_20240316T164904_20240316T164911_PIC0_01.zip,river,2024-03-16 16:50:30+00:00
21500800101,2024-03-16T16:50:30Z,Fiume Arno,43.72609497,10.9424002,24.6968,13.151498,-0.005600414,,,SWOT_L2_HR_RiverSP_Reach_012_279_EU_20240316T164904_20240316T164911_PIC0_01.zip,river,2024-03-16 16:50:30+00:00
21500900261,2024-03-16T16:50:30Z,Serchio,43.92488448,10.5296092,40.8297,57.385677,0.0017645417,,,SWOT_L2_HR_RiverSP_Reach_012_279_EU_20240316T164904_20240316T164911_PIC0_01.zip,river,2024-03-16 16:50:30+00:00
21500900335,2024-03-16T16:50:30Z,Fiume Magra,44.07842653,9.9655885,-1.2435,180.858661,6.161415e-05,,,SWOT_L2_HR_RiverSP_Reach_012_279_EU_20240316T164904_20240316T164911_PIC0_01.zip,river,2024-03-16 16:50:30+00:00
21500900281,2024-03-16T16:50:30Z,Serchio,43.93088015,10.5087897,47.4071,60.344651,0.00316959064,,,SWOT_L2_HR_RiverSP_Reach_012_279_EU_20240316T164904_20240316T164911_PIC0_01.zip,river,2024-03-16 16:50:30+00:00
21500900064,2024-03-16T16:50:30Z,Fiume Magra,44.1080452,9.9369098,,152.101452,,,,SWOT_L2_HR_RiverSP_Reach_012_279_EU_20240316T164904_20240316T164911_PIC0_01.zip,river,2024-03-16 16:50:30+00:00
21500900444,2024-03-16T16:50:30Z,Fiume Magra,44.17257832,9.9248018,,120.843117,,,,SWOT_L2_HR_RiverSP_Reach_012_279_EU_20240316T164904_20240316T164911_PIC0_01.zip,river,2024-03-16 16:50:30+00:00
21500900434,2024-03-16T16:50:30Z,Fiume Magra,44.16995794,9.9183815,24.4342,45.501438,0.00515455097,,,SWOT_L2_HR_RiverSP_Reach_012_279_EU_20240316T164904_20240316T164911_PIC0_01.zip,river,2024-03-16 16:50:30+00:00
21500900425,2024-03-16T16:50:30Z,Fiume Magra,44.16616482,9.9066061,20.2128,85.918512,0.00287728167,,,SWOT_L2_HR_RiverSP_Reach_012_279_EU_20240316T164904_20240316T164911_PIC0_01.zip,river,2024-03-16 16:50:30+00:00
21500900414,2024-03-16T16:50:30Z,Fiume Magra,44.16226318,9.8974438,,47.045901,,,,SWOT_L2_HR_RiverSP_Reach_012_279_EU_20240316T164904_20240316T164911_PIC0_01.zip,river,2024-03-16 16:50:30+00:00
21500900404,2024-03-16T16:50:30Z,Fiume Magra,44.15876878,9.8931723,15.9246,49.374875,0.00277894006,,,SWOT_L2_HR_RiverSP_Reach_012_279_EU_20240316T164904_20240316T164911_PIC0_01.zip,river,2024-03-16 16:50:30+00:00
21500900395,2024-03-16T16:50:30Z,Fiume Magra,44.15012927,9.8899941,12.462,125.619726,0.00208629598,,,SWOT_L2_HR_RiverSP_Reach_012_279_EU_20240316T164904_20240316T164911_PIC0_01.zip,river,2024-03-16 16:50:30+00:00
21500900384,2024-03-16T16:50:30Z,Fiume Magra,44.14283943,9.8981002,,166.516751,,,,SWOT_L2_HR_RiverSP_Reach_012_279_EU_20240316T164904_20240316T164911_PIC0_01.zip,river,2024-03-16 16:50:30+00:00
21500900375,2024-03-16T16:50:30Z,Fiume Magra,44.13659356,9.9063001,7.9873,85.17458,0.00242634732,,,SWOT_L2_HR_RiverSP_Reach_012_279_EU_20240316T164904_20240316T164911_PIC0_01.zip,river,2024-03-16 16:50:30+00:00
21500900364,2024-03-16T16:50:30Z,Fiume Magra,44.13142931,9.9138465,,131.139617,,,,SWOT_L2_HR_RiverSP_Reach_012_279_EU_20240316T164904_20240316T164911_PIC0_01.zip,river,2024-03-16 16:50:30+00:00
21500900355,2024-03-16T16:50:30Z,Fiume Magra,44.12143652,9.9276433,4.0589,108.249227,0.00111580844,,,SWOT_L2_HR_RiverSP_Reach_012_279_EU_20240316T164904_20240316T164911_PIC0_01.zip,river,2024-03-16 16:50:30+00:00
21500900344,2024-03-16T16:50:30Z,Fiume Magra,44.10398535,9.9379287,,138.529426,,,,SWOT_L2_HR_RiverSP_Reach_012_279_EU_20240316T164904_20240316T164911_PIC0_01.zip,river,2024-03-16 16:50:30+00:00
21500900321,2024-03-16T16:50:30Z,Serchio,43.99085556,10.5533227,91.6533,80.741177,0.00085245661,,,SWOT_L2_HR_RiverSP_Reach_012_279_EU_20240316T164904_20240316T164911_PIC0_01.zip,river,2024-03-16 16:50:30+00:00
21500900314,2024-03-16T16:50:30Z,Serchio,43.98114573,10.5523043,,113.504445,,,,SWOT_L2_HR_RiverSP_Reach_012_279_EU_20240316T164904_20240316T164911_PIC0_01.zip,river,2024-03-16 16:50:30+00:00
21500900301,2024-03-16T16:50:30Z,Serchio,43.96338733,10.5238839,68.0379,72.084753,0.00382774568,,,SWOT_L2_HR_RiverSP_Reach_012_279_EU_20240316T164904_20240316T164911_PIC0_01.zip,river,2024-03-16 16:50:30+00:00
21500900294,2024-03-16T16:50:30Z,Serchio,43.93982305,10.5015469,,81.069656,,,,SWOT_L2_HR_RiverSP_Reach_012_279_EU_20240316T164904_20240316T164911_PIC0_01.zip,river,2024-03-16 16:50:30+00:00
21500900274,2024-03-16T16:50:30Z,Serchio,43.92529227,10.5218935,,82.500527,,,,SWOT_L2_HR_RiverSP_Reach_012_279_EU_20240316T164904_20240316T164911_PIC0_01.zip,river,2024-03-16 16:50:30+00:00
21500900191,2024-03-16T16:50:30Z,Serchio,43.84327707,10.4415553,,61.826547,,,,SWOT_L2_HR_RiverSP_Reach_012_279_EU_20240316T164904_20240316T164911_PIC0_01.zip,river,2024-03-16 16:50:30+00:00
21500900455,2024-03-16T16:50:31Z,Fiume Magra,44.1887648,9.9372759,36.6345,37.321879,0.00324514944,,,SWOT_L2_HR_RiverSP_Reach_012_279_EU_20240316T164904_20240316T164911_PIC0_01.zip,river,2024-03-16 16:50:31+00:00
21406200021,2024-03-16T16:50:42Z,Fiume Oglio,45.12874321,10.5044278,20.41,84.275801,0.00019673843,,,SWOT_L2_HR_RiverSP_Reach_012_279_EU_20240316T164904_20240316T164911_PIC0_01.zip,river,2024-03-16 16:50:42+00:00
21406500021,2024-03-16T16:50:42Z,Po,45.08313086,9.8584456,38.1764,288.311218,-9.0918e-05,,,SWOT_L2_HR_RiverSP_Reach_012_279_EU_20240316T164904_20240316T164911_PIC0_01.zip,river,2024-03-16 16:50:42+00:00
21406100041,2024-03-16T16:50:42Z,Po,44.92732847,11.5407952,9.9594,443.341483,0.00017230113,,,SWOT_L2_HR_RiverSP_Reach_012_279_EU_20240316T164904_20240316T164911_PIC0_01.zip,river,2024-03-16 16:50:42+00:00
21406100051,2024-03-16T16:50:42Z,Po,44.95362753,11.4200067,11.3335,437.116038,1.522866e-05,,,SWOT_L2_HR_RiverSP_Reach_012_279_EU_20240316T164904_20240316T164911_PIC0_01.zip,river,2024-03-16 16:50:42+00:00
21406100061,2024-03-16T16:50:42Z,Po,45.00951862,11.3007475,10.9709,383.839288,7.481676e-05,,,SWOT_L2_HR_RiverSP_Reach_012_279_EU_20240316T164904_20240316T164911_PIC0_01.zip,river,2024-03-16 16:50:42+00:00
21406100081,2024-03-16T16:50:42Z,Po,45.0526046,11.0864648,12.9742,445.164055,7.126381e-05,,,SWOT_L2_HR_RiverSP_Reach_012_279_EU_20240316T164904_20240316T164911_PIC0_01.zip,river,2024-03-16 16:50:42+00:00
21406100091,2024-03-16T16:50:42Z,Fiume Mincio; Po,45.10017596,10.9113497,14.4538,43.203827,2.968031e-05,,,SWOT_L2_HR_RiverSP_Reach_012_279_EU_20240316T164904_20240316T164911_PIC0_01.zip,river,2024-03-16 16:50:42+00:00
21406100101,2024-03-16T16:50:42Z,Po,45.06440534,10.9221059,14.3242,372.480348,0.00010389174,,,SWOT_L2_HR_RiverSP_Reach_012_279_EU_20240316T164904_20240316T164911_PIC0_01.zip,river,2024-03-16 16:50:42+00:00
21406100111,2024-03-16T16:50:42Z,Po,45.04625504,10.768001,15.9911,266.108434,0.00015130361,,,SWOT_L2_HR_RiverSP_Reach_012_279_EU_20240316T164904_20240316T164911_PIC0_01.zip,river,2024-03-16 16:50:42+00:00
21406500104,2024-03-16T16:50:42Z,Po,45.09264137,9.9046467,,103.587558,,,,SWOT_L2_HR_RiverSP_Reach_012_279_EU_20240316T164904_20240316T164911_PIC0_01.zip,river,2024-03-16 16:50:42+00:00
21406300021,2024-03-16T16:50:42Z,Po,44.92496107,10.6126319,,9.722734,,,,SWOT_L2_HR_RiverSP_Reach_012_279_EU_20240316T164904_20240316T164911_PIC0_01.zip,river,2024-03-16 16:50:42+00:00
21406200011,2024-03-16T16:50:42Z,Po,45.06313602,10.6021879,17.5086,97.35042,0.00021290434,,,SWOT_L2_HR_RiverSP_Reach_012_279_EU_20240316T164904_20240316T164911_PIC0_01.zip,river,2024-03-16 16:50:42+00:00
21406300041,2024-03-16T16:50:42Z,Parma,44.96698609,10.4153531,21.982,294.088907,0.00011742282,,,SWOT_L2_HR_RiverSP_Reach_012_279_EU_20240316T164904_20240316T164911_PIC0_01.zip,river,2024-03-16 16:50:42+00:00
21406300051,2024-03-16T16:50:42Z,Parma; Po,44.98238586,10.3257584,23.3146,271.45092,0.00012762695,,,SWOT_L2_HR_RiverSP_Reach_012_279_EU_20240316T164904_20240316T164911_PIC0_01.zip,river,2024-03-16 16:50:42+00:00
21406300061,2024-03-16T16:50:42Z,Po,45.0255784,10.1966661,26.3936,234.594851,0.00025586102,,,SWOT_L2_HR_RiverSP_Reach_012_279_EU_20240316T164904_20240316T164911_PIC0_01.zip,river,2024-03-16 16:50:42+00:00
21406300071,2024-03-16T16:50:42Z,Po,45.04383353,10.0629096,27.3262,259.789305,-8.08708e-05,,,SWOT_L2_HR_RiverSP_Reach_012_279_EU_20240316T164904_20240316T164911_PIC0_01.zip,river,2024-03-16 16:50:42+00:00
21406300081,2024-03-16T16:50:42Z,Po,45.11338408,10.0010764,28.1674,231.800658,0.00011363531,,,SWOT_L2_HR_RiverSP_Reach_012_279_EU_20240316T164904_20240316T164911_PIC0_01.zip,river,2024-03-16 16:50:42+00:00
21406300091,2024-03-16T16:50:42Z,Po,45.10509326,9.9334895,27.4992,127.059754,0.00023452416,,,SWOT_L2_HR_RiverSP_Reach_012_279_EU_20240316T164904_20240316T164911_PIC0_01.zip,river,2024-03-16 16:50:42+00:00
21406300111,2024-03-16T16:50:42Z,Po,45.12967127,9.9212745,29.5215,154.969139,0.00018469851,,,SWOT_L2_HR_RiverSP_Reach_012_279_EU_20240316T164904_20240316T164911_PIC0_01.zip,river,2024-03-16 16:50:42+00:00
21406500011,2024-03-16T16:50:42Z,Adda; Po,45.11288469,9.8866488,32.3079,161.355159,-0.0014406585,,,SWOT_L2_HR_RiverSP_Reach_012_279_EU_20240316T164904_20240316T164911_PIC0_01.zip,river,2024-03-16 16:50:42+00:00
21406300031,2024-03-16T16:50:42Z,Parma; Po,44.92391702,10.4975482,20.7533,244.709701,0.00012854692,,,SWOT_L2_HR_RiverSP_Reach_012_279_EU_20240316T164904_20240316T164911_PIC0_01.zip,river,2024-03-16 16:50:42+00:00
21406100071,2024-03-16T16:50:43Z,Po,45.05059331,11.2359852,12.3898,410.187721,4.198766e-05,,,SWOT_L2_HR_RiverSP_Reach_012_279_EU_20240316T164904_20240316T164911_PIC0_01.zip,river,2024-03-16 16:50:43+00:00
21404000041,2024-03-16T16:50:43Z,Adige,45.11467588,11.5378009,10.6119,67.31882,0.00041635265,,,SWOT_L2_HR_RiverSP_Reach_012_279_EU_20240316T164904_20240316T164911_PIC0_01.zip,river,2024-03-16 16:50:43+00:00
21404000031,2024-03-16T16:50:43Z,Adige,45.10291143,11.6839963,,21.646015,,,,SWOT_L2_HR_RiverSP_Reach_012_279_EU_20240316T164904_20240316T164911_PIC0_01.zip,river,2024-03-16 16:50:43+00:00
21406700011,2024-03-17T16:51:14Z,Po,45.12538309,9.1596345,59.4621,236.452542,-1.93239e-05,,,SWOT_L2_HR_RiverSP_Reach_012_307_EU_20240317T165103_20240317T165113_PIC0_01.zip,river,2024-03-17 16:51:14+00:00
