Prov,Codice,Tipologia stazione,Comune,Codice_GWB_2021-2027,Nome_GWB_2021-2027,XUTM-ETRS89,YUTM-ETRS89,Quota Piano Campagna (m),Profondità pozzo (m),Posizione filtri ,N tot filtri,Inizio filtri: da m,Fine filtri: a m,Uso
BO,BO03-01,Pozzo,SAN PIETRO IN CASALE,0610ER-DQ2-PACS,Pianura Alluvionale Appenninica - confinato superiore,690997,4952708,16,205,,3,61,202,Industriale
BO,BO05-00,Pozzo,SANT AGATA BOLOGNESE,2700ER-DQ2-PACI,Pianura Alluvionale - confinato inferiore,669136,4947084,22.19,177,Fondo foro,1,168,172,Industriale
BO,BO06-00,Pozzo,SAN GIOVANNI IN PERSICETO,2700ER-DQ2-PACI,Pianura Alluvionale - confinato inferiore,674133,4946699,17.92,615.19,,32,73.5,615.19,Non in uso
BO,BO07-00,Pozzo,SALA BOLOGNESE,0610ER-DQ2-PACS,Pianura Alluvionale Appenninica - confinato superiore,680112,4947393,22.5,125.09,Fondo foro,1,119,125.09,Non in uso
BO,BO08-00,Pozzo,SAN GIOVANNI IN PERSICETO,0610ER-DQ2-PACS,Pianura Alluvionale Appenninica - confinato superiore,676011,4943790,25.25,106,Fondo foro,1,103,106,Non in uso
BO,BO11-01,Pozzo,ANZOLA EMILIA,0410ER-DQ2-CCS,Conoide Panaro - confinato superiore,669527,4937118,44,175.92,,5,84,171.44,Antincendio
BO,BO12-00,Pozzo,VALSAMOGGIA,0410ER-DQ2-CCS,Conoide Panaro - confinato superiore,668956,4935544,48,54,,,,,Irriguo
BO,BO13-00,Pozzo,CALDERARA DI RENO,2442ER-DQ2-CCI,Conoide Reno-Lavino - confinato inferiore,677141,4935958,36.4,348,,3,180.5,347.74,Industriale
BO,BO14-00,Pozzo,CALDERARA DI RENO,0442ER-DQ2-CCS,Conoide Reno-Lavino - confinato superiore,677197,4935970,36.89,30,Fondo foro,1,22,30,Industriale
BO,BO15-01,Pozzo,ANZOLA EMILIA,2420ER-DQ2-CCI,Conoide Samoggia - confinato inferiore,675076,4934381,41.5,318.61,,5,127.4,306.5,Industriale
BO,BO16-00,Pozzo,ANZOLA EMILIA,0442ER-DQ2-CCS,Conoide Reno-Lavino - confinato superiore,676572,4933961,43.19,88.3,Fondo foro,1,77.35,82.1,Industriale
BO,BO17-00,Pozzo,CALDERARA DI RENO,0442ER-DQ2-CCS,Conoide Reno-Lavino - confinato superiore,679930,4934498,37.3,75,Fondo foro,1,62,73,Industriale
BO,BO18-00,Pozzo,VALSAMOGGIA,2420ER-DQ2-CCI,Conoide Samoggia - confinato inferiore,667844,4931516,68.51,99,,4,52,97,Irriguo
BO,BO18-01,Pozzo,VALSAMOGGIA,0150ER-DQ1-CL,Conoide Samoggia - libero,666872,4930794,75,100,,,,,Irriguo
BO,BO19-00,Pozzo,VALSAMOGGIA,2420ER-DQ2-CCI,Conoide Samoggia - confinato inferiore,672674,4932138,49.16,85,,2,55,83.3,Irriguo
BO,BO20-00,Pozzo,BOLOGNA,0160ER-DQ1-CL,Conoide Reno-Lavino - libero,680192,4931629,47.43,131,,3,65,125,Industriale
BO,BO20-01,Pozzo,BOLOGNA,2442ER-DQ2-CCI,Conoide Reno-Lavino - confinato inferiore,681784,4931646,42,344,,12,143.4,324,Acquedottistico
BO,BO23-00,Pozzo,BENTIVOGLIO,2700ER-DQ2-PACI,Pianura Alluvionale - confinato inferiore,691580,4946084,13.44,391,,3,323,382.4,Non in uso
BO,BO23-01,Pozzo,BENTIVOGLIO,0610ER-DQ2-PACS,Pianura Alluvionale Appenninica - confinato superiore,692260,4944161,15.85,115,,,,,Industriale
BO,BO24-01,Pozzo,SALA BOLOGNESE,0610ER-DQ2-PACS,Pianura Alluvionale Appenninica - confinato superiore,682073,4942667,24.6,100,,,,,Irriguo
BO,BO25-03,Pozzo,ARGELATO,0610ER-DQ2-PACS,Pianura Alluvionale Appenninica - confinato superiore,687588,4942301,23.4,133,Fondo foro,1,122.3,132.6,Antincendio
BO,BO26-00,Pozzo,GRANAROLO DELL'EMILIA,0610ER-DQ2-PACS,Pianura Alluvionale Appenninica - confinato superiore,692735,4938114,24.33,140,Fondo foro,1,125,132,Industriale
BO,BO27-00,Pozzo,CALDERARA DI RENO,0442ER-DQ2-CCS,Conoide Reno-Lavino - confinato superiore,683070,4935411,30.58,450.94,,11,100.01,429.53,Civile
BO,BO28-00,Pozzo,CASTEL MAGGIORE,0610ER-DQ2-PACS,Pianura Alluvionale Appenninica - confinato superiore,688501,4936637,28.8,67,Fondo foro,1,58,67,Industriale
BO,BO29-00,Pozzo,GRANAROLO DELL'EMILIA,2700ER-DQ2-PACI,Pianura Alluvionale - confinato inferiore,693713,4936362,26.64,231.35,,2,120,231.35,Irriguo
BO,BO30-00,Pozzo,BOLOGNA,2442ER-DQ2-CCI,Conoide Reno-Lavino - confinato inferiore,682893,4931879,39.82,351.93,,10,156,334,Non in uso
BO,BO30-01,Pozzo,BOLOGNA,2442ER-DQ2-CCI,Conoide Reno-Lavino - confinato inferiore,682915,4931988,40.84,350,,11,101,323.5,Civile
BO,BO32-00,Pozzo,BOLOGNA,0462ER-DQ2-CCS,Conoide Savena - confinato superiore,690256,4932321,41.1,211,,4,95.5,203.3,Industriale
BO,BO33-00,Pozzo,GRANAROLO DELL'EMILIA,0462ER-DQ2-CCS,Conoide Savena - confinato superiore,692966,4932801,39.98,375,,9,84.09,354.11,Industriale
BO,BO36-01,Pozzo,BUDRIO,0610ER-DQ2-PACS,Pianura Alluvionale Appenninica - confinato superiore,704526,4940673,16.2,516,,,,,Irriguo
BO,BO37-00,Pozzo,BUDRIO,2700ER-DQ2-PACI,Pianura Alluvionale - confinato inferiore,697601,4937796,21.46,165,,,,,Irriguo
BO,BO38-00,Pozzo,BUDRIO,2700ER-DQ2-PACI,Pianura Alluvionale - confinato inferiore,701070,4934896,23.64,475,,2,389,474,Civile
BO,BO40-02,Pozzo,MOLINELLA,2700ER-DQ2-PACI,Pianura Alluvionale - confinato inferiore,712284,4945264,7.74,176,,1,137,159,Industriale
BO,BO41-00,Pozzo,MEDICINA,2700ER-DQ2-PACI,Pianura Alluvionale - confinato inferiore,713599,4938274,10.9,500,Fondo foro,1,477,500,Irriguo
BO,BO43-01,Pozzo,MOLINELLA,2700ER-DQ2-PACI,Pianura Alluvionale - confinato inferiore,708368,4936856,10.67,190,,,,,Irriguo
BO,BO44-00,Pozzo,MEDICINA,2700ER-DQ2-PACI,Pianura Alluvionale - confinato inferiore,716532,4931281,7.9,440,,3,230,410,Irriguo
BO,BO47-01,Pozzo,BOLOGNA,0160ER-DQ1-CL,Conoide Reno-Lavino - libero,680182,4929208,53.8,110,Fondo foro,1,89,108,Irriguo
BO,BO50-00,Pozzo,BOLOGNA,2462ER-DQ2-CCI,Conoide Savena - confinato inferiore,689421,4928818,55.23,269.58,,9,78.54,249.97,Civile
BO,BO50-01,Pozzo,BOLOGNA,2462ER-DQ2-CCI,Conoide Savena - confinato inferiore,689537,4928883,55.23,272.01,,11,80,256,Civile
BO,BO50-02,Pozzo,BOLOGNA,2462ER-DQ2-CCI,Conoide Savena - confinato inferiore,689316,4928818,55.23,276.77,,11,84,261.5,Acquedottistico
BO,BO52-00,Pozzo,BOLOGNA,0170ER-DQ1-CL,Conoide Savena - libero,689193,4925716,73.26,14,,,,,Irriguo
BO,BO53-02,Pozzo,SAN LAZZARO DI SAVENA,0470ER-DQ2-CCS,Conoide Zena-Idice - confinato superiore,692897,4926261,66,70,,,,,Antincendio
BO,BO53-03,Pozzo,SAN LAZZARO DI SAVENA,2470ER-DQ2-CCI,Conoide Zena-Idice - confinato inferiore,692456,4927345,55,93,,1,56.5,61.3,Irriguo
BO,BO55-01,Pozzo,CASTENASO,0470ER-DQ2-CCS,Conoide Zena-Idice - confinato superiore,696514,4928048,47.5,84,,,,,Domestico
BO,BO55-02,Pozzo,SAN LAZZARO DI SAVENA,0470ER-DQ2-CCS,Conoide Zena-Idice - confinato superiore,695621,4927462,54.6,87,,,,,Irriguo
BO,BO56-01,Pozzo,SAN LAZZARO DI SAVENA,2470ER-DQ2-CCI,Conoide Zena-Idice - confinato inferiore,695449,4925917,52.42,203.04,,5,80.5,185.45,Civile
BO,BO57-01,Pozzo,OZZANO DELL'EMILIA,2470ER-DQ2-CCI,Conoide Zena-Idice - confinato inferiore,696479,4924615,61.4,81,,2,45,81,Irriguo
BO,BO58-00,Pozzo,CASTEL SAN PIETRO TERME,2700ER-DQ2-PACI,Pianura Alluvionale - confinato inferiore,704957,4925609,37.4,453,,2,354,444.39,Industriale
BO,BO60-00,Pozzo,CASTEL SAN PIETRO TERME,0660ER-DET1-CMSG,Conoidi montane e Sabbie gialle orientali,704907,4919915,75.5,136,,4,36.4,131.3,Non in uso
BO,BO61-00,Pozzo,CASTEL SAN PIETRO TERME,2492ER-DQ2-CCI,Conoide Sillaro-Sellustra - confinato inferiore,706826,4919601,59.65,101,,6,73.3,95.72,Irriguo
BO,BO62-01,Pozzo,MEDICINA,2700ER-DQ2-PACI,Pianura Alluvionale - confinato inferiore,710530,4929431,19.9,259,,2,177,245,Industriale
BO,BO65-00,Pozzo,IMOLA,2700ER-DQ2-PACI,Pianura Alluvionale - confinato inferiore,717206,4926821,17.34,235,Fondo foro,1,221,235,Industriale
BO,BO66-00,Pozzo,DOZZA,2492ER-DQ2-CCI,Conoide Sillaro-Sellustra - confinato inferiore,710921,4920769,43.2,190,,2,96,189,Non in uso
BO,BO67-02,Pozzo,IMOLA,0510ER-DQ2-CCS,Conoide Santerno - confinato superiore,718087,4921334,23.4,59,Fondo foro,1,54,58,Irriguo
BO,BO68-00,Pozzo,DOZZA,2492ER-DQ2-CCI,Conoide Sillaro-Sellustra - confinato inferiore,709768,4918965,59.7,196.4,Fondo foro,1,188.9,196.4,Civile
BO,BO69-00,Pozzo,IMOLA,2510ER-DQ2-CCI,Conoide Santerno - confinato inferiore,717196,4917436,33.2,101,,4,53,98.9,Acquedottistico
BO,BO70-01,Pozzo,DOZZA,2492ER-DQ2-CCI,Conoide Sillaro-Sellustra - confinato inferiore,710050,4918123,67,201,,4,93,180,Civile
BO,BO71-01,Pozzo,IMOLA,0210ER-DQ1-CL,Conoide Santerno - libero,715791,4916868,42,97,,2,54,97,Acquedottistico
BO,BO72-00,Pozzo,IMOLA,2510ER-DQ2-CCI,Conoide Santerno - confinato inferiore,720981,4915871,31.2,62,,4,47,61,Civile
BO,BO73-00,Pozzo,IMOLA,0660ER-DET1-CMSG,Conoidi montane e Sabbie gialle orientali,719825,4912888,58.8,97,,,,,Irriguo
BO,BO75-00,Pozzo,CASTENASO,0470ER-DQ2-CCS,Conoide Zena-Idice - confinato superiore,692566,4929401,49.17,104,,6,52.5,97.5,Industriale
BO,BO75-01,Pozzo,CASTENASO,0470ER-DQ2-CCS,Conoide Zena-Idice - confinato superiore,693061,4929852,48,46,,,,,Irriguo
BO,BO77-01,Pozzo,VALSAMOGGIA,0420ER-DQ2-CCS,Conoide Samoggia - confinato superiore,671263,4931041,60,100,,,,,Irriguo
BO,BO78-01,Pozzo,BOLOGNA,2700ER-DQ2-PACI,Pianura Alluvionale - confinato inferiore,689825,4933567,37.46,450.63,,9,135,420.45,Industriale
BO,BO79-00,Pozzo,IMOLA,2700ER-DQ2-PACI,Pianura Alluvionale - confinato inferiore,721626,4928881,8,459,,9,165.25,454.55,Irriguo
BO,BO82-01,Pozzo,CREVALCORE,0620ER-DQ2-TPAPCS,Transizione Pianura Appenninica-Padana - confinato superiore,680090,4962867,16,85,,,,,Irriguo
BO,BO83-00,Pozzo,GALLIERA,2700ER-DQ2-PACI,Pianura Alluvionale - confinato inferiore,690975,4958871,13.77,190,,,,,Non in uso
BO,BO84-01,Pozzo,CASTEL SAN PIETRO TERME,0492ER-DQ2-CCS,Conoide Sillaro-Sellustra - confinato superiore,706413,4922717,51.2,20,,,,,Irriguo
BO,BO87-01,Pozzo,CALDERARA DI RENO,2442ER-DQ2-CCI,Conoide Reno-Lavino - confinato inferiore,680579,4938855,25,0,,,,,Non in uso
BO,BO88-02,Pozzo,ZOLA PREDOSA,0160ER-DQ1-CL,Conoide Reno-Lavino - libero,676914,4928322,77,101.93,,3,29.07,99.7,Industriale
BO,BO89-00,Pozzo,ZOLA PREDOSA,2442ER-DQ2-CCI,Conoide Reno-Lavino - confinato inferiore,674322,4930012,73.8,226.3,,8,106.78,223.8,Industriale
BO,BO92-00,Pozzo,ANZOLA EMILIA,2420ER-DQ2-CCI,Conoide Samoggia - confinato inferiore,672582,4936972,35.72,150,,2,88.5,147,Civile
BO,BO95-00,Pozzo,BUDRIO,2700ER-DQ2-PACI,Pianura Alluvionale - confinato inferiore,702423,4935153,23.5,486,,3,246,476,Industriale
BO,BO99-00,Pozzo,GRANAROLO DELL'EMILIA,0610ER-DQ2-PACS,Pianura Alluvionale Appenninica - confinato superiore,691566,4935651,29.8,213,,3,88.82,212.75,Civile
BO,BOA5-00,Pozzo,CASTENASO,0470ER-DQ2-CCS,Conoide Zena-Idice - confinato superiore,695616,4930400,39.01,159,,2,61,74.5,Non in uso
BO,BOA6-01,Pozzo,DOZZA,2492ER-DQ2-CCI,Conoide Sillaro-Sellustra - confinato inferiore,711138,4917725,68.4,165,,,,,Acquedottistico
BO,BOA7-00,Pozzo,MOLINELLA,2700ER-DQ2-PACI,Pianura Alluvionale - confinato inferiore,714286,4942901,7.3,190,,1,175,183.75,Industriale
BO,BOB3-00,Pozzo,CREVALCORE,0610ER-DQ2-PACS,Pianura Alluvionale Appenninica - confinato superiore,672436,4955556,15.87,100,,,,,Industriale
BO,BOB8-00,Pozzo,CREVALCORE,0620ER-DQ2-TPAPCS,Transizione Pianura Appenninica-Padana - confinato superiore,670194,4959181,19.21,80,Fondo foro,1,70,76,Irriguo
BO,BOE9-00,Pozzo,BOLOGNA,0160ER-DQ1-CL,Conoide Reno-Lavino - libero,678075,4933190,44.9,68,Fondo foro,1,64,68,Irriguo
BO,BOE9-01,Pozzo,BOLOGNA,0160ER-DQ1-CL,Conoide Reno-Lavino - libero,678135,4933504,41.7,70,,,,,Irriguo
BO,BO-F02-00,Pozzo,SALA BOLOGNESE,9015ER-DQ1-FPF,Freatico di pianura fluviale,681965,4942653,24.2,7.5,,,,,Domestico
BO,BO-F04-00,Pozzo,MALALBERGO,9015ER-DQ1-FPF,Freatico di pianura fluviale,699177,4949318,12.3,7.3,,,,,Irriguo
BO,BO-F07-00,Pozzo,SAN GIOVANNI IN PERSICETO,9015ER-DQ1-FPF,Freatico di pianura fluviale,676768,4948948,18.1,7,,,,,Irriguo
BO,BO-F08-00,Pozzo,ARGELATO,9015ER-DQ1-FPF,Freatico di pianura fluviale,684902,4947067,21.2,6.7,,,,,Domestico
BO,BO-F11-00,Pozzo,MOLINELLA,9015ER-DQ1-FPF,Freatico di pianura fluviale,705857,4940727,14.3,7.2,,,,,Irriguo
BO,BO-F12-00,Pozzo,CASTENASO,9015ER-DQ1-FPF,Freatico di pianura fluviale,699279,4932056,31,6.65,,,,,Domestico
BO,BO-F13-00,Pozzo,CASTENASO,9015ER-DQ1-FPF,Freatico di pianura fluviale,695284,4934008,34.5,7.65,,,,,Domestico
BO,BO-F15-00,Pozzo,CASTEL GUELFO DI BOLOGNA,9015ER-DQ1-FPF,Freatico di pianura fluviale,711231,4923429,37,6.3,,,,,Irriguo
BO,BO-F16-00,Pozzo,IMOLA,9015ER-DQ1-FPF,Freatico di pianura fluviale,715642,4923009,27.6,10,,,,,Irriguo
BO,BO-F18-00,Pozzo,MORDANO,9015ER-DQ1-FPF,Freatico di pianura fluviale,724554,4920253,19.7,7.5,,,,,Irriguo
BO,BOF2-01,Pozzo,CASTELLO D'ARGILE,0610ER-DQ2-PACS,Pianura Alluvionale Appenninica - confinato superiore,682666,4952366,19.2,100,,,,,Industriale
BO,BO-F21-00,Pozzo,BOLOGNA,9015ER-DQ1-FPF,Freatico di pianura fluviale,678805,4934906,36.7,7.4,,,,,Irriguo
BO,BOF3-00,Pozzo,OZZANO DELL'EMILIA,0482ER-DQ2-CC,Conoide Quaderna - confinato,700760,4926540,39,80,,,,,Irriguo
BO,BOF3-01,Pozzo,OZZANO DELL'EMILIA,0482ER-DQ2-CC,Conoide Quaderna - confinato,701768,4926171,37.5,75,,,,,Irriguo
BO,BOF6-00,Pozzo,ZOLA PREDOSA,0160ER-DQ1-CL,Conoide Reno-Lavino - libero,677832,4929734,64.5,131.9,,,90.3,130.85,Industriale
BO,BOF7-00,Piezometro,BENTIVOGLIO,0610ER-DQ2-PACS,Pianura Alluvionale Appenninica - confinato superiore,691203,4942161,18.7,80,,2,41,74,Monitoraggio
BO,BOF8-00,Piezometro,BOLOGNA,0442ER-DQ2-CCS,Conoide Reno-Lavino - confinato superiore,682966,4931939,39.19,60,Fondo foro,1,50,60,Monitoraggio
BO,BOF9-00,Piezometro,CASTELLO D'ARGILE,0610ER-DQ2-PACS,Pianura Alluvionale Appenninica - confinato superiore,680802,4950302,19,200,,1,100,130,Monitoraggio
BO,BOG0-00,Piezometro,IMOLA,0210ER-DQ1-CL,Conoide Santerno - libero,718555,4915467,36.5,183.5,Fondo foro,1,154,183.5,Monitoraggio
BO,BOH0-00,Pozzo,SAN LAZZARO DI SAVENA,0192ER-DQ1-CL,Conoide Zena-Idice - libero,692784,4924110,79,51,,,,,Irriguo
BO,BOH1-00,Pozzo,S. LAZZARO,0192ER-DQ1-CL,Conoide Zena-Idice - libero,694780,4924511,71,100,,,,,Irriguo
BO,BOH2-00,Pozzo,DOZZA,0660ER-DET1-CMSG,Conoidi montane e Sabbie gialle orientali,709871,4917220,76,16,,,,,Irriguo
BO,BOH2-01,Pozzo,DOZZA,0660ER-DET1-CMSG,Conoidi montane e Sabbie gialle orientali,709980,4917172,76,15,,,,,Irriguo
BO,BOK1-00,Pozzo,CASTEL S. PIETRO TERME,0200ER-DQ1-CL,Conoide Sillaro - libero,706731,4917663,84.5,14,,,,,Domestico
BO,BOK2-00,Pozzo,CASTEL S. PIETRO TERME,0200ER-DQ1-CL,Conoide Sillaro - libero,708077,4920226,59.5,80,,,,,Irriguo
BO,BOK3-00,Pozzo,VALSAMOGGIA,0420ER-DQ2-CCS,Conoide Samoggia - confinato superiore,672484,4936180,37,30,Fondo foro,1,20,25,Irriguo
BO,BOK5-00,Pozzo,MEDICINA,0492ER-DQ2-CCS,Conoide Sillaro-Sellustra - confinato superiore,709366,4927310,28,28,,,,,Irriguo
BO,BOK9-00,Pozzo,MINERBIO,0610ER-DQ2-PACS,Pianura Alluvionale Appenninica - confinato superiore,696947,4942912,18,87,,2,75,86.5,Irriguo
FC,FC01-00,Pozzo,FORLI',0610ER-DQ2-PACS,Pianura Alluvionale Appenninica - confinato superiore,745412,4902354,22,176,,2,116.4,166,Acquedottistico
FC,FC02-00,Pozzo,FORLI',0540ER-DQ2-CCS,Conoide Ronco-Montone - confinato superiore,737408,4900953,39.1,30,,,,,Domestico
FC,FC03-02,Pozzo,FORLI',2540ER-DQ2-CCI,Conoide Ronco-Montone - confinato inferiore,742205,4898227,41,44,Fondo foro,1,38,44,Industriale
FC,FC04-00,Pozzo,FORLIMPOPOLI,0540ER-DQ2-CCS,Conoide Ronco-Montone - confinato superiore,749779,4897241,31,41.9,,,,,Non in uso
FC,FC06-02,Pozzo,CESENA,0550ER-DQ2-CCS,Conoide Savio - confinato superiore,757142,4894783,33.5,131.5,,4,52.5,122.4,Acquedottistico
FC,FC06-03,Pozzo,CESENA,0550ER-DQ2-CCS,Conoide Savio - confinato superiore,757656,4894146,35,71,Fondo foro,1,60.27,66.07,Acquedottistico
FC,FC07-02,Pozzo,GAMBETTOLA,0610ER-DQ2-PACS,Pianura Alluvionale Appenninica - confinato superiore,769221,4889764,20.7,40,Fondo foro,1,36,40,Irriguo
FC,FC12-00,Pozzo,FORLI',2700ER-DQ2-PACI,Pianura Alluvionale - confinato inferiore,745334,4908329,17.03,200,Fondo foro,1,199,200,Non in uso
FC,FC13-00,Pozzo,FORLI',2700ER-DQ2-PACI,Pianura Alluvionale - confinato inferiore,742537,4904150,23.46,150,Fondo foro,1,149,150,Non in uso
FC,FC14-02,Pozzo,FORLI',2700ER-DQ2-PACI,Pianura Alluvionale - confinato inferiore,748563,4900097,24.5,170.3,Fondo foro,1,156.9,160.3,Acquedottistico
FC,FC16-01,Pozzo,SAVIGNANO SUL RUBICONE,0610ER-DQ2-PACS,Pianura Alluvionale Appenninica - confinato superiore,775163,4896146,1,218,,2,90,218,Irriguo
FC,FC18-00,Pozzo,CESENATICO,0610ER-DQ2-PACS,Pianura Alluvionale Appenninica - confinato superiore,769089,4894534,11.2,107,,,,,Non in uso
FC,FC19-00,Pozzo,FORLI',2700ER-DQ2-PACI,Pianura Alluvionale - confinato inferiore,741051,4909431,17,300,Fondo foro,1,278.2,282.6,Non in uso
FC,FC19-02,Pozzo,FORLI',0610ER-DQ2-PACS,Pianura Alluvionale Appenninica - confinato superiore,739672,4906371,19.3,70,Fondo foro,1,65,70,Irriguo
FC,FC19-03,Pozzo,FORLI',0610ER-DQ2-PACS,Pianura Alluvionale Appenninica - confinato superiore,741133,4907692,16,76,Fondo foro,1,73,76,Irriguo
FC,FC20-00,Pozzo,FORLI',2540ER-DQ2-CCI,Conoide Ronco-Montone - confinato inferiore,741466,4901290,29.7,108.5,Fondo foro,1,101,108.5,Acquedottistico
FC,FC22-00,Pozzo,FORLI',0610ER-DQ2-PACS,Pianura Alluvionale Appenninica - confinato superiore,749384,4904116,19.7,200,,,,,Non in uso
FC,FC25-00,Pozzo,CESENA,0550ER-DQ2-CCS,Conoide Savio - confinato superiore,765677,4896373,12.4,88.9,Fondo foro,1,84,88,Zootecnico
FC,FC27-00,Pozzo,CESENA,0550ER-DQ2-CCS,Conoide Savio - confinato superiore,759087,4897759,24.3,90,,,,,Irriguo
FC,FC28-03,Pozzo,CESENA,0270ER-DQ1-CL,Conoide Savio - libero,755996,4889685,51.6,23,,,,,Industriale
FC,FC41-00,Pozzo,CESENA,0550ER-DQ2-CCS,Conoide Savio - confinato superiore,762976,4897161,14.5,30,,,,,Irriguo
FC,FC43-00,Pozzo,GATTEO,2700ER-DQ2-PACI,Pianura Alluvionale - confinato inferiore,772727,4894282,6,182,Fondo foro,1,171,182,Industriale
FC,FC50-02,Pozzo,FORLI',2700ER-DQ2-PACI,Pianura Alluvionale - confinato inferiore,745193,4901314,22,162.12,,1,140.42,154.12,Acquedottistico
FC,FC52-00,Pozzo,FORLI',2700ER-DQ2-PACI,Pianura Alluvionale - confinato inferiore,754245,4901885,16,256,Fondo foro,1,238,256,Industriale
FC,FC53-00,Pozzo,FORLIMPOPOLI,2540ER-DQ2-CCI,Conoide Ronco-Montone - confinato inferiore,749482,4897978,27,400,,4,25,345,Industriale
FC,FC56-00,Pozzo,CESENA,0550ER-DQ2-CCS,Conoide Savio - confinato superiore,760890,4901578,12,89,,,,,Irriguo
FC,FC57-03,Pozzo,GAMBETTOLA,0565ER-DQ2-CCS,Conoide Pisciatello-Rubicone-Uso - confinato superiore,765900,4890320,32,50,Fondo foro,1,31.4,45.2,Industriale
FC,FC70-00,Pozzo,SAN MAURO PASCOLI,0590ER-DQ2-CCS,Conoide Marecchia - confinato superiore,775377,4889943,15,40,,,,,Irriguo
FC,FC71-00,Piezometro,FORLI',2540ER-DQ2-CCI,Conoide Ronco-Montone - confinato inferiore,741252,4901195,30,141.5,Fondo foro,1,132.5,141.5,Monitoraggio
FC,FC73-00,Piezometro,FORLI',2540ER-DQ2-CCI,Conoide Ronco-Montone - confinato inferiore,744374,4897325,35,56,Fondo foro,1,38,50,Monitoraggio
FC,FC77-00,Piezometro,FORLI',2700ER-DQ2-PACI,Pianura Alluvionale - confinato inferiore,751113,4901473,20,128,Fondo foro,1,120,128,Monitoraggio
FC,FC79-01,Pozzo,BERTINORO,0610ER-DQ2-PACS,Pianura Alluvionale Appenninica - confinato superiore,754406,4899487,27,70,,1,24,27,Irriguo
FC,FC80-02,Pozzo,CESENA,0550ER-DQ2-CCS,Conoide Savio - confinato superiore,757412,4895571,29,83,Fondo foro,1,76,78,Industriale
FC,FC80-03,Pozzo,CESENA,0550ER-DQ2-CCS,Conoide Savio - confinato superiore,757312,4895953,28,70,Fondo foro,1,63,65,Industriale
FC,FC81-03,Pozzo,CESENATICO,0610ER-DQ2-PACS,Pianura Alluvionale Appenninica - confinato superiore,770077,4900261,0.3,99,,,,,Irriguo
FC,FC81-04,Pozzo,CESENATICO,0610ER-DQ2-PACS,Pianura Alluvionale Appenninica - confinato superiore,772420,4898589,2.5,105,,,,,Non in uso
FC,FC83-00,Pozzo,FORLI',2540ER-DQ2-CCI,Conoide Ronco-Montone - confinato inferiore,744553,4898760,28,100,,2,57,85,Acquedottistico
FC,FC83-01,Pozzo,FORLI,2540ER-DQ2-CCI,Conoide Ronco-Montone - confinato inferiore,744603,4898725,27.9,90.6,,2,56.7,86.6,Acquedottistico
FC,FC85-00,Pozzo,FORLIMPOPOLI,0245ER-DQ1-CL,Conoide Ronco-Montone - libero,747556,4896538,23,22.65,,,,,Non in uso
FC,FC86-00,Pozzo,FORLI',2700ER-DQ2-PACI,Pianura Alluvionale - confinato inferiore,738934,4903088,26,249.5,,3,205.4,242,Industriale
FC,FC89-00,Pozzo,FORLI',0245ER-DQ1-CL,Conoide Ronco-Montone - libero,745925,4893453,47,10,,,,,Domestico
FC,FC90-00,Pozzo,CESENA,0270ER-DQ1-CL,Conoide Savio - libero,757886,4893264,25,125,,1,63.5,72,Acquedottistico
FC,FC93-00,Pozzo,FORLI',2700ER-DQ2-PACI,Pianura Alluvionale - confinato inferiore,746304,4901831,22,132,Fondo foro,1,120,129,Acquedottistico
FC,FC94-00,Pozzo,CASTROCARO TERME E TERRA DEL SOLE,5090ER-AV2-VA,Depositi vallate App. Senio-Savio,736705,4896222,55,13.5,,,,,Irriguo
FC,FC95-00,Pozzo,MELDOLA,5090ER-AV2-VA,Depositi vallate App. Senio-Savio,744829,4888543,81,5,,,,,Domestico
FC,FC96-00,Pozzo,CESENA,5090ER-AV2-VA,Depositi vallate App. Senio-Savio,754308,4882052,73,5.5,,,,,Domestico
FC,FC97-00,Pozzo,FORLÌ,0245ER-DQ1-CL,Conoide Ronco-Montone - libero,738566,4899203,47.1,42,,,,,Irriguo
FC,FC98-00,Pozzo,FORLÌ,0245ER-DQ1-CL,Conoide Ronco-Montone - libero,741429,4895561,53,8,,,,,Domestico
FC,FC99-00,Pozzo,FORLÌ,0540ER-DQ2-CCS,Conoide Ronco-Montone - confinato superiore,746228,4900780,22.4,80,,1,61.5,68.5,Industriale
FC,FCA0-00,Pozzo,CESENA,2550ER-DQ2-CCI,Conoide Savio - confinato inferiore,757656,4894146,35,110,,1,73.7,98,Acquedottistico
FC,FC-F04-00,Pozzo,FORLIMPOPOLI,9015ER-DQ1-FPF,Freatico di pianura fluviale,750030,4899225,25.6,10.52,,,,,Domestico
FC,FC-F06-00,Pozzo,CESENA,9015ER-DQ1-FPF,Freatico di pianura fluviale,760216,4896293,27.3,8.69,,,,,Domestico
FC,FC-F07-00,Pozzo,GATTEO,9015ER-DQ1-FPF,Freatico di pianura fluviale,771211,4889465,21.4,9.04,,,,,Domestico
FE,FE01-01,Pozzo,BONDENO,0630ER-DQ2-PPCS,Pianura Alluvionale Padana - confinato superiore,690795,4978495,12.5,35,,2,21,34,Acquedottistico
FE,FE05-02,Pozzo,FERRARA,0630ER-DQ2-PPCS,Pianura Alluvionale Padana - confinato superiore,704595,4973733,10.12,37.55,,1,22,32.05,Acquedottistico
FE,FE05-03,Pozzo,FERRARA,0630ER-DQ2-PPCS,Pianura Alluvionale Padana - confinato superiore,704670,4973700,10.12,34.5,,1,16.1,31.2,Acquedottistico
FE,FE07-01,Pozzo,RIVA DEL PO,0630ER-DQ2-PPCS,Pianura Alluvionale Padana - confinato superiore,718990,4981747,3.3,50,,1,23.2,46,Acquedottistico
FE,FE09-01,Pozzo,FERRARA,0640ER-DQ2-PCC,Pianura Alluvionale Costiera - confinato,714625,4970293,5,38,Fondo foro,1,30,36,Irriguo
FE,FE12-00,Pozzo,TRESIGNANA,0630ER-DQ2-PPCS,Pianura Alluvionale Padana - confinato superiore,726466,4969250,2.5,130,,1,95,129,Antincendio
FE,FE13-01,Pozzo,RIVA DEL PO,0630ER-DQ2-PPCS,Pianura Alluvionale Padana - confinato superiore,733775,4984419,0.72,49,,1,29,35,Non in uso
FE,FE15-00,Pozzo,RIVA DEL PO,0630ER-DQ2-PPCS,Pianura Alluvionale Padana - confinato superiore,743260,4982671,-2.3,26,,,,,Irriguo
FE,FE16-00,Pozzo,ARGENTA,0640ER-DQ2-PCC,Pianura Alluvionale Costiera - confinato,747705,4938463,0.12,200,,,,,Irriguo
FE,FE18-01,Pozzo,MESOLA,0640ER-DQ2-PCC,Pianura Alluvionale Costiera - confinato,755380,4973165,-1.03,170,,,,,Non in uso
FE,FE18-02,Pozzo,CODIGORO,0640ER-DQ2-PCC,Pianura Alluvionale Costiera - confinato,751375,4971717,-0.7,160,Fondo foro,1,135,155,Non in uso
FE,FE19-04,Pozzo,CODIGORO,0640ER-DQ2-PCC,Pianura Alluvionale Costiera - confinato,742967,4970243,-3,141,Fondo foro,1,120,138,Zootecnico
FE,FE21-00,Pozzo,GORO,0640ER-DQ2-PCC,Pianura Alluvionale Costiera - confinato,759844,4971650,-1.61,34.7,,,,,Non in uso
FE,FE22-00,Pozzo,TERRE DEL RENO,2700ER-DQ2-PACI,Pianura Alluvionale - confinato inferiore,685137,4960021,13.5,172,,,,,Industriale
FE,FE23-00,Pozzo,TERRE DEL RENO,0620ER-DQ2-TPAPCS,Transizione Pianura Appenninica-Padana - confinato superiore,690581,4964056,17.88,140.2,,3,72.12,140.19,Industriale
FE,FE24-03,Pozzo,CENTO,2700ER-DQ2-PACI,Pianura Alluvionale - confinato inferiore,682224,4955674,14.3,93,,,,,Irriguo
FE,FE30-00,Pozzo,FERRARA,0620ER-DQ2-TPAPCS,Transizione Pianura Appenninica-Padana - confinato superiore,703494,4960438,10.45,102,Fondo foro,1,85,102,Irriguo
FE,FE33-00,Pozzo,FERRARA,0620ER-DQ2-TPAPCS,Transizione Pianura Appenninica-Padana - confinato superiore,711280,4961583,3,123,Fondo foro,1,98,123,Industriale
FE,FE34-01,Pozzo,FERRARA,0620ER-DQ2-TPAPCS,Transizione Pianura Appenninica-Padana - confinato superiore,712605,4955291,5.59,117,Fondo foro,1,96,116,Industriale
FE,FE34-02,Pozzo,FERRARA,0620ER-DQ2-TPAPCS,Transizione Pianura Appenninica-Padana - confinato superiore,709642,4957129,7.4,81.6,Fondo foro,1,58,81,Industriale
FE,FE35-00,Pozzo,ARGENTA,2700ER-DQ2-PACI,Pianura Alluvionale - confinato inferiore,708486,4953080,7.91,138,Fondo foro,1,133.6,138,Irriguo
FE,FE36-01,Pozzo,MASI TORELLO,0620ER-DQ2-TPAPCS,Transizione Pianura Appenninica-Padana - confinato superiore,720507,4964328,4.1,120,Fondo foro,1,105,120,Industriale
FE,FE37-00,Pozzo,PORTOMAGGIORE,2700ER-DQ2-PACI,Pianura Alluvionale - confinato inferiore,721344,4959241,0.43,159,Fondo foro,1,135.88,153.88,Industriale
FE,FE38-00,Pozzo,OSTELLATO,0620ER-DQ2-TPAPCS,Transizione Pianura Appenninica-Padana - confinato superiore,730536,4959854,0.9,88,Fondo foro,1,73,86,Industriale
FE,FE39-01,Pozzo,OSTELLATO,0620ER-DQ2-TPAPCS,Transizione Pianura Appenninica-Padana - confinato superiore,727496,4958786,1,122,Fondo foro,1,101,122,Irriguo
FE,FE41-01,Pozzo,MIGLIARO,0640ER-DQ2-PCC,Pianura Alluvionale Costiera - confinato,733513,4963263,4.28,36,Fondo foro,1,34,36,Non in uso
FE,FE41-02,Pozzo,FISCAGLIA,0640ER-DQ2-PCC,Pianura Alluvionale Costiera - confinato,734408,4965154,0.3,70,Fondo foro,1,45,70,Antincendio
FE,FE45-01,Pozzo,COMACCHIO,0640ER-DQ2-PCC,Pianura Alluvionale Costiera - confinato,747136,4958603,-1.6,160,,3,45,160,Irriguo
FE,FE47-01,Pozzo,ARGENTA,2700ER-DQ2-PACI,Pianura Alluvionale - confinato inferiore,717666,4951764,0.81,110,Fondo foro,1,96,110,Irriguo
FE,FE48-00,Pozzo,PORTOMAGGIORE,0640ER-DQ2-PCC,Pianura Alluvionale Costiera - confinato,727660,4948452,0.86,80,,,,,Industriale
FE,FE49-00,Pozzo,ARGENTA,0620ER-DQ2-TPAPCS,Transizione Pianura Appenninica-Padana - confinato superiore,725007,4944875,0.7,230,,5,17,229,Industriale
FE,FE52-00,Pozzo,BONDENO,0630ER-DQ2-PPCS,Pianura Alluvionale Padana - confinato superiore,680585,4979784,8,36,,1,25,30,Industriale
FE,FE53-00,Pozzo,BONDENO,0630ER-DQ2-PPCS,Pianura Alluvionale Padana - confinato superiore,685655,4972210,8.2,30,,,,,Irriguo
FE,FE54-01,Pozzo,LAGOSANTO,0640ER-DQ2-PCC,Pianura Alluvionale Costiera - confinato,747977,4959578,-1,90,Fondo foro,1,83,90,Industriale
FE,FE54-02,Pozzo,LAGOSANTO,0640ER-DQ2-PCC,Pianura Alluvionale Costiera - confinato,748261,4961674,0.4,90,,,,,Irriguo
FE,FE56-00,Pozzo,FERRARA,0630ER-DQ2-PPCS,Pianura Alluvionale Padana - confinato superiore,702655,4970438,7,60,Fondo foro,1,42,60,Domestico
FE,FE58-01,Piezometro,FERRARA,0640ER-DQ2-PCC,Pianura Alluvionale Costiera - confinato,705549,4971137,6,47,,,,,Monitoraggio
FE,FE58-02,Pozzo,FERRARA,0640ER-DQ2-PCC,Pianura Alluvionale Costiera - confinato,705536,4971213,6,45,,1,26,42,Industriale
FE,FE59-01,Pozzo,FERRARA,2700ER-DQ2-PACI,Pianura Alluvionale - confinato inferiore,708187,4967809,6,140,Fondo foro,1,126,140,Civile
FE,FE60-00,Pozzo,FERRARA,0630ER-DQ2-PPCS,Pianura Alluvionale Padana - confinato superiore,705138,4965716,7.2,42,,,,,Antincendio
FE,FE61-01,Pozzo,FERRARA,0630ER-DQ2-PPCS,Pianura Alluvionale Padana - confinato superiore,714115,4976957,3.8,38,,,,,Civile
FE,FE63-00,Pozzo,CENTO,0620ER-DQ2-TPAPCS,Transizione Pianura Appenninica-Padana - confinato superiore,678700,4954402,18.99,101,,,,,Domestico
FE,FE64-00,Pozzo,RIVA DEL PO,0630ER-DQ2-PPCS,Pianura Alluvionale Padana - confinato superiore,727936,4983760,2.5,70,,,,,Industriale
FE,FE65-00,Pozzo,JOLANDA DI SAVOIA,0640ER-DQ2-PCC,Pianura Alluvionale Costiera - confinato,735836,4974726,-2.6,36,,,,,Antincendio
FE,FE69-00,Pozzo,OSTELLATO,0640ER-DQ2-PCC,Pianura Alluvionale Costiera - confinato,745041,4953044,-1.09,145,Fondo foro,1,128,145,Industriale
FE,FE70-00,Piezometro,COMACCHIO,9020ER-DQ1-FPC,Freatico di pianura costiero,757807,4948325,2.77,2.4,,,,,Monitoraggio
FE,FE71-00,Piezometro,COMACCHIO,9020ER-DQ1-FPC,Freatico di pianura costiero,757488,4963960,0.77,1.6,,,,,Monitoraggio
FE,FE72-00,Pozzo,CENTO,2700ER-DQ2-PACI,Pianura Alluvionale - confinato inferiore,682383,4958363,13,194,,2,170,194,Industriale
FE,FE73-00,Pozzo,FERRARA,0620ER-DQ2-TPAPCS,Transizione Pianura Appenninica-Padana - confinato superiore,705664,4957355,10,126,,2,55,126,Industriale
FE,FE74-00,Pozzo,ARGENTA,0640ER-DQ2-PCC,Pianura Alluvionale Costiera - confinato,744292,4943212,-1.9,86,,,,,Irriguo
FE,FE75-00,Pozzo,COPPARO,0640ER-DQ2-PCC,Pianura Alluvionale Costiera - confinato,723796,4971332,1.85,30,,,,,Industriale
FE,FE77-00,Pozzo,VIGARANO MAINARDA,0630ER-DQ2-PPCS,Pianura Alluvionale Padana - confinato superiore,697179,4968963,10.4,97,,,,,Irriguo
FE,FE78-00,Pozzo,BONDENO,2700ER-DQ2-PACI,Pianura Alluvionale - confinato inferiore,690480,4973681,9.8,63,,,,,Antincendio
FE,FE78-01,Pozzo,BONDENO,0630ER-DQ2-PPCS,Pianura Alluvionale Padana - confinato superiore,689953,4972978,8.9,34,Fondo foro,1,24,34,Irriguo
FE,FE80-00,Piezometro,BONDENO,0630ER-DQ2-PPCS,Pianura Alluvionale Padana - confinato superiore,679931,4979526,9,40,,1,7,40,Monitoraggio
FE,FE81-00,Piezometro,BONDENO,0630ER-DQ2-PPCS,Pianura Alluvionale Padana - confinato superiore,682819,4978747,8.4,40,,1,12,33,Monitoraggio
FE,FE82-00,Pozzo,ARGENTA,0620ER-DQ2-TPAPCS,Transizione Pianura Appenninica-Padana - confinato superiore,714812,4954000,4.4,85,Fondo foro,1,73,85,Irriguo
FE,FE-F01-00,Pozzo,BONDENO,9015ER-DQ1-FPF,Freatico di pianura fluviale,687196,4974399,8.3,4.9,,,,,Irriguo
FE,FE-F01-01,Pozzo,BONDENO,9015ER-DQ1-FPF,Freatico di pianura fluviale,682120,4979446,8.8,4.65,,,,,Irriguo
FE,FE-F03-00,Pozzo,FERRARA,9015ER-DQ1-FPF,Freatico di pianura fluviale,700188,4974344,6.3,5.5,,,,,Domestico
FE,FE-F04-00,Pozzo,TERRE DEL RENO,9015ER-DQ1-FPF,Freatico di pianura fluviale,686995,4961580,13.2,7.94,,,,,Irriguo
FE,FE-F04-01,Pozzo,TERRE DEL RENO,9015ER-DQ1-FPF,Freatico di pianura fluviale,686434,4961020,14,9.2,,,,,Domestico
FE,FE-F09-00,Pozzo,VOGHIERA,9015ER-DQ1-FPF,Freatico di pianura fluviale,717485,4959398,3.9,3.2,,,,,Domestico
FE,FE-F13-00,Pozzo,COPPARO,9015ER-DQ1-FPF,Freatico di pianura fluviale,726662,4978146,1.5,4.69,,,,,Domestico
FE,FE-F15-00,Pozzo,RIVA DEL PO,9015ER-DQ1-FPF,Freatico di pianura fluviale,717844,4981133,4.4,3.68,,,,,Domestico
FE,FE-F21-00,Pozzo,COMACCHIO,9020ER-DQ1-FPC,Freatico di pianura costiero,755130,4956058,1.15,2.14,,,,,Domestico
FE,FE-F22-00,Piezometro,LAGOSANTO,9020ER-DQ1-FPC,Freatico di pianura costiero,747369,4959658,-0.5,5.34,,,,,Domestico
FE,FE-F24-00,Pozzo,MESOLA,9020ER-DQ1-FPC,Freatico di pianura costiero,757112,4970216,-0.1,2.59,,,,,Zootecnico
FE,FE-F26-00,Pozzo,FISCAGLIA,9015ER-DQ1-FPF,Freatico di pianura fluviale,735355,4964826,1,3.75,,,,,Domestico
FE,FE-F28-00,Piezometro,MESOLA,9020ER-DQ1-FPC,Freatico di pianura costiero,757087,4970252,-0.1,16.4,,1,1,16.4,Monitoraggio
FE,FE-F29-00,Piezometro,MESOLA,9020ER-DQ1-FPC,Freatico di pianura costiero,754913,4974386,0.3,12.5,,1,1,12.5,Monitoraggio
FE,FE-F30-00,Piezometro,COMACCHIO,9020ER-DQ1-FPC,Freatico di pianura costiero,757442,4963877,0.7,11.7,,1,1,11.7,Monitoraggio
FE,FE-F31-00,Piezometro,COMACCHIO,9020ER-DQ1-FPC,Freatico di pianura costiero,751608,4965796,-1.1,11.9,,1,1,11.9,Monitoraggio
FE,FE-F32-00,Piezometro,COMACCHIO,9020ER-DQ1-FPC,Freatico di pianura costiero,755256,4957683,-0.2,16,,1,1,16,Monitoraggio
FE,FE-F33-00,Piezometro,COMACCHIO,9020ER-DQ1-FPC,Freatico di pianura costiero,748044,4957253,-0.7,9.9,,1,1,9.9,Monitoraggio
FE,FE-F34-00,Piezometro,COMACCHIO,9020ER-DQ1-FPC,Freatico di pianura costiero,757563,4948710,1.81,8.8,,1,1,8.8,Monitoraggio
MO,MO03-01,Pozzo,MIRANDOLA,0630ER-DQ2-PPCS,Pianura Alluvionale Padana - confinato superiore,665202,4973006,15,34,,,,,Irriguo
MO,MO03-02,Pozzo,MIRANDOLA,0630ER-DQ2-PPCS,Pianura Alluvionale Padana - confinato superiore,664231,4973480,14,45,Fondo foro,1,35,45,Domestico
MO,MO07-01,Pozzo,NOVI DI MODENA,0630ER-DQ2-PPCS,Pianura Alluvionale Padana - confinato superiore,652382,4966843,20.3,60,,,,,Domestico
MO,MO08-00,Pozzo,CAMPOSANTO,0620ER-DQ2-TPAPCS,Transizione Pianura Appenninica-Padana - confinato superiore,667234,4965144,16.81,256,,7,49.3,243.6,Industriale
MO,MO10-01,Pozzo,CARPI,0610ER-DQ2-PACS,Pianura Alluvionale Appenninica - confinato superiore,647863,4961224,27.1,120,,,,,Irriguo
MO,MO11-00,Pozzo,BOMPORTO,0610ER-DQ2-PACS,Pianura Alluvionale Appenninica - confinato superiore,658816,4957800,25.52,143,Fondo foro,1,137,143,Irriguo
MO,MO12-01,Pozzo,BOMPORTO,0610ER-DQ2-PACS,Pianura Alluvionale Appenninica - confinato superiore,661295,4954293,25,120,Fondo foro,1,117,120,Industriale
MO,MO13-01,Pozzo,CAMPOGALLIANO,0390ER-DQ2-CCS,Conoide Secchia - confinato superiore,646967,4950441,36.5,110,Fondo foro,1,105,110,Industriale
MO,MO14-00,Pozzo,MODENA,0610ER-DQ2-PACS,Pianura Alluvionale Appenninica - confinato superiore,652035,4952807,25.94,121,Fondo foro,1,115,121,Zootecnico
MO,MO15-01,Pozzo,MODENA,0610ER-DQ2-PACS,Pianura Alluvionale Appenninica - confinato superiore,655299,4951540,29.25,120,,,,,Irriguo
MO,MO16-00,Pozzo,RAVARINO,2700ER-DQ2-PACI,Pianura Alluvionale - confinato inferiore,665873,4954168,22.28,538,,3,449,530.5,Industriale
MO,MO17-02,Pozzo,NONANTOLA,0610ER-DQ2-PACS,Pianura Alluvionale Appenninica - confinato superiore,661132,4949049,26.3,320,,,,,Industriale
MO,MO19-00,Pozzo,MODENA,0390ER-DQ2-CCS,Conoide Secchia - confinato superiore,642782,4943967,56.9,70,,2,17,68,Domestico
MO,MO20-00,Pozzo,MODENA,0390ER-DQ2-CCS,Conoide Secchia - confinato superiore,651345,4943531,37.16,82,,2,64,77.5,Acquedottistico
MO,MO20-02,Pozzo,MODENA,0390ER-DQ2-CCS,Conoide Secchia - confinato superiore,650052,4944626,36,71,Fondo foro,1,61,71,Acquedottistico
MO,MO22-01,Pozzo,CASTELFRANCO EMILIA,0410ER-DQ2-CCS,Conoide Panaro - confinato superiore,662932,4943277,33.3,62,,,,,Irriguo
MO,MO24-01,Pozzo,SAN CESARIO SUL PANARO,0410ER-DQ2-CCS,Conoide Panaro - confinato superiore,660766,4938412,44.37,45,,,,,Irriguo
MO,MO25-00,Pozzo,SASSUOLO,0120ER-DQ1-CL,Conoide Secchia - libero,641385,4934288,111.5,23.5,,4,37.5,59.5,Industriale
MO,MO26-01,Pozzo,SASSUOLO,0120ER-DQ1-CL,Conoide Secchia - libero,642158,4935612,102.1,70,,2,17,44,Civile
MO,MO27-01,Pozzo,FORMIGINE,0120ER-DQ1-CL,Conoide Secchia - libero,645265,4936419,92.1,80,,,,,Acquedottistico
MO,MO28-01,Pozzo,FORMIGINE,0400ER-DQ2-CCS,Conoide Tiepido - confinato superiore,650024,4935999,81,70,,2,35,59.5,Zootecnico
MO,MO29-01,Pozzo,CASTELVETRO DI MODENA,0140ER-DQ1-CL,Conoide Panaro - libero,657853,4932974,70.8,110,,,,,Acquedottistico
MO,MO30-00,Pozzo,SPILAMBERTO,0140ER-DQ1-CL,Conoide Panaro - libero,660534,4932763,73,118,,3,23,100,Acquedottistico
MO,MO30-02,Pozzo,SPILAMBERTO,0140ER-DQ1-CL,Conoide Panaro - libero,660616,4931654,79.5,90,,,,,Industriale
MO,MO31-02,Pozzo,CASTELFRANCO EMILIA,0140ER-DQ1-CL,Conoide Panaro - libero,663446,4934309,58.2,57,,,,,Domestico
MO,MO32-01,Pozzo,VIGNOLA,0140ER-DQ1-CL,Conoide Panaro - libero,660049,4929925,95,54,,,,,Industriale
MO,MO34-00,Pozzo,MARANO,0140ER-DQ1-CL,Conoide Panaro - libero,657555,4925015,128.7,8.5,Fondo foro,1,,,Domestico
MO,MO35-03,Pozzo,CARPI,0610ER-DQ2-PACS,Pianura Alluvionale Appenninica - confinato superiore,646513,4956091,31,105,Fondo foro,1,100,105,Zootecnico
MO,MO36-00,Pozzo,MODENA,0120ER-DQ1-CL,Conoide Secchia - libero,647618,4941941,52,51,Fondo foro,1,42,51,Zootecnico
MO,MO37-02,Pozzo,CARPI,0610ER-DQ2-PACS,Pianura Alluvionale Appenninica - confinato superiore,649636,4959512,24,95,Fondo foro,1,90,95,Industriale
MO,MO38-00,Pozzo,CAVEZZO,0620ER-DQ2-TPAPCS,Transizione Pianura Appenninica-Padana - confinato superiore,660176,4966605,23.33,59,Fondo foro,1,53,58,Irriguo
MO,MO38-02,Pozzo,CAVEZZO,0620ER-DQ2-TPAPCS,Transizione Pianura Appenninica-Padana - confinato superiore,660176,4966605,23.33,75,Fondo foro,0,0,0,Irriguo
MO,MO41-01,Pozzo,CARPI,0620ER-DQ2-TPAPCS,Transizione Pianura Appenninica-Padana - confinato superiore,644988,4966064,22.7,60,,,,,Domestico
MO,MO42-00,Pozzo,CASTELVETRO DI MODENA,2400ER-DQ2-CCI,Conoide Tiepido - confinato inferiore,651596,4932533,115.24,90,,,,,Industriale
MO,MO42-01,Pozzo,CASTELVETRO DI MODENA,2400ER-DQ2-CCI,Conoide Tiepido - confinato inferiore,651583,4932810,110,146,,3,65,141.5,Industriale
MO,MO43-01,Pozzo,CAMPOSANTO,0620ER-DQ2-TPAPCS,Transizione Pianura Appenninica-Padana - confinato superiore,668808,4962027,17,148,,2,98,144,Industriale
MO,MO44-01,Pozzo,CARPI,0630ER-DQ2-PPCS,Pianura Alluvionale Padana - confinato superiore,650950,4968357,19.8,50,,,,,Domestico
MO,MO45-01,Pozzo,SAN FELICE SUL PANARO,2700ER-DQ2-PACI,Pianura Alluvionale - confinato inferiore,667148,4966901,17,180,,1,102,113,Antincendio
MO,MO47-00,Pozzo,CONCORDIA SULLA SECCHIA,0630ER-DQ2-PPCS,Pianura Alluvionale Padana - confinato superiore,654906,4974982,19,43,,,,,Industriale
MO,MO48-01,Pozzo,FINALE EMILIA,2700ER-DQ2-PACI,Pianura Alluvionale - confinato inferiore,676728,4969138,11,224,,5,108,165.4,Industriale
MO,MO49-00,Pozzo,MODENA,0390ER-DQ2-CCS,Conoide Secchia - confinato superiore,646494,4945211,44.1,27,,,,,Piscicoltura
MO,MO50-03,Pozzo,VIGNOLA,0140ER-DQ1-CL,Conoide Panaro - libero,660689,4929438,96,60,,2,18,60,Acquedottistico
MO,MO51-00,Pozzo,CASTELNUOVO RANGONE,0130ER-DQ1-CL,Conoide Tiepido - libero,653493,4934363,82,120,,2,67,120,Industriale
MO,MO53-00,Pozzo,SAN CESARIO SUL PANARO,0140ER-DQ1-CL,Conoide Panaro - libero,662655,4935035,57,40,,,,,Irriguo
MO,MO55-00,Pozzo,SAN CESARIO SUL PANARO,0140ER-DQ1-CL,Conoide Panaro - libero,661360,4936076,54,110,,2,30,85,Acquedottistico
MO,MO56-02,Pozzo,CASTELFRANCO EMILIA,0410ER-DQ2-CCS,Conoide Panaro - confinato superiore,660481,4941487,37,100,,,,,Zootecnico
MO,MO58-00,Pozzo,FORMIGINE,0120ER-DQ1-CL,Conoide Secchia - libero,644069,4939402,74.2,138,,6,45,133,Acquedottistico
MO,MO59-00,Pozzo,FIORANO MODENESE,0120ER-DQ1-CL,Conoide Secchia - libero,643786,4935108,105.5,93,,4,45,68,Industriale
MO,MO60-00,Pozzo,MARANELLO,0130ER-DQ1-CL,Conoide Tiepido - libero,648346,4933151,118,95,,,,,Industriale
MO,MO62-00,Pozzo,SAVIGNANO SUL PANARO,0140ER-DQ1-CL,Conoide Panaro - libero,662657,4931157,77.7,108,,,,,Acquedottistico
MO,MO63-00,Pozzo,CASTELVETRO DI MODENA,0400ER-DQ2-CCS,Conoide Tiepido - confinato superiore,655537,4933802,72,156,,,,,Industriale
MO,MO64-00,Pozzo,CASTELFRANCO EMILIA,0140ER-DQ1-CL,Conoide Panaro - libero,663978,4932716,65,73,,,,,Domestico
MO,MO65-00,Pozzo,CASTELVETRO DI MODENA,2400ER-DQ2-CCI,Conoide Tiepido - confinato inferiore,651514,4932590,115,100,,1,67.5,73.5,Industriale
MO,MO66-00,Pozzo,CASTELFRANCO EMILIA,0410ER-DQ2-CCS,Conoide Panaro - confinato superiore,667381,4933587,59.2,120,,,,,Irriguo
MO,MO68-01,Pozzo,MODENA,0400ER-DQ2-CCS,Conoide Tiepido - confinato superiore,651527,4939092,53.3,40,Fondo foro,1,39,40,Domestico
MO,MO69-00,Pozzo,MODENA,0390ER-DQ2-CCS,Conoide Secchia - confinato superiore,645367,4943903,47.3,43.5,,,,,Domestico
MO,MO71-01,Pozzo,FIORANO MODENESE,0120ER-DQ1-CL,Conoide Secchia - libero,645242,4933838,116.4,116.5,,,,,Industriale
MO,MO72-01,Pozzo,FORMIGINE,0120ER-DQ1-CL,Conoide Secchia - libero,647747,4938930,65,104,Fondo foro,1,93,104,Industriale
MO,MO73-01,Pozzo,SASSUOLO,0120ER-DQ1-CL,Conoide Secchia - libero,642270,4937458,90.8,97,,3,57,96,Acquedottistico
MO,MO74-00,Pozzo,CASTELFRANCO EMILIA,0410ER-DQ2-CCS,Conoide Panaro - confinato superiore,667917,4939476,36,52,Fondo foro,1,42,48,Irriguo
MO,MO75-00,Pozzo,CAMPOGALLIANO,0390ER-DQ2-CCS,Conoide Secchia - confinato superiore,644555,4948280,46,60,,3,37,56,Acquedottistico
MO,MO76-00,Pozzo,CASTELFRANCO EMILIA,0410ER-DQ2-CCS,Conoide Panaro - confinato superiore,662292,4939319,42,123,,4,75,121,Acquedottistico
MO,MO77-01,Pozzo,CASTELFRANCO EMILIA,0410ER-DQ2-CCS,Conoide Panaro - confinato superiore,666200,4936040,43,30,,,,,Domestico
MO,MO80-00,Pozzo,MIRANDOLA,2700ER-DQ2-PACI,Pianura Alluvionale - confinato inferiore,664133,4971866,17.5,300,,4,24.85,300,Non in uso
MO,MO81-00,Pozzo,SASSUOLO,0120ER-DQ1-CL,Conoide Secchia - libero,642602,4937030,92.4,116,,4,48,107,Acquedottistico
MO,MO82-00,Pozzo,CONCORDIA SULLA SECCHIA,2700ER-DQ2-PACI,Pianura Alluvionale - confinato inferiore,657362,4975110,17.6,120,,,,,Industriale
MO,MO84-00,Pozzo,MARANO,5050ER-AV2-VA,Depositi vallate App. Panaro-Tiepido,655346,4923873,143.3,15,,,,,Acquedottistico
MO,MO85-00,Pozzo,MARANELLO,0130ER-DQ1-CL,Conoide Tiepido - libero,649736,4932259,127.6,30,,,,,Irriguo
MO,MO86-00,Pozzo,FORMIGINE,0130ER-DQ1-CL,Conoide Tiepido - libero,650218,4934914,92.2,40,,1,23,25,Industriale
MO,MO87-00,Pozzo,CASTELFRANCO EMILIA,2700ER-DQ2-PACI,Pianura Alluvionale - confinato inferiore,660753,4944674,31.5,280,,3,143,275,Irriguo
MO,MO88-00,Pozzo,CASTELFRANCO EMILIA,2410ER-DQ2-CCI,Conoide Panaro - confinato inferiore,668887,4941029,30,200,,3,98,192,Acquedottistico
MO,MO-F01-00,Pozzo,NONANTOLA,9015ER-DQ1-FPF,Freatico di pianura fluviale,658842,4947531,28.2,12,,,,,Domestico
MO,MO-F02-00,Pozzo,MODENA,9015ER-DQ1-FPF,Freatico di pianura fluviale,650986,4948885,36.2,3.8,,,,,Domestico
MO,MO-F05-00,Pozzo,SAN PROSPERO,9015ER-DQ1-FPF,Freatico di pianura fluviale,658710,4957831,26.2,5.43,,,,,Domestico
MO,MO-F08-00,Pozzo,CAMPOSANTO,9015ER-DQ1-FPF,Freatico di pianura fluviale,668888,4962026,17,6.6,,,,,Domestico
MO,MO-F13-00,Pozzo,CAVEZZO,9015ER-DQ1-FPF,Freatico di pianura fluviale,656642,4967080,21.6,9,,,,,Domestico
MO,MO-F14-00,Pozzo,MIRANDOLA,9015ER-DQ1-FPF,Freatico di pianura fluviale,660089,4969370,19,6,,,,,Irriguo
MO,MO-F20-00,Pozzo,CONCORDIA SULLA SECCHIA,9015ER-DQ1-FPF,Freatico di pianura fluviale,654014,4977233,20.2,7.8,,,,,Domestico
PC,PC01-00,Pozzo,ROTTOFRENO,0032ER-DQ1-CL,Conoide Trebbia-Luretta - libero,544503,4991341,59.86,39,,,,,Civile
PC,PC02-00,Pozzo,ROTTOFRENO,0300ER-DQ2-CCS,Conoide Tidone-Luretta - confinato superiore,543007,4989237,64.02,42,Fondo foro,1,41,42,Civile
PC,PC03-02,Pozzo,GRAGNANO TREBBIENSE,0032ER-DQ1-CL,Conoide Trebbia-Luretta - libero,541802,4983035,92.3,49,Fondo foro,1,39,48,Irriguo
PC,PC04-01,Pozzo,PIACENZA,2301ER-DQ2-CCI,Conoide Trebbia - confinato inferiore,550226,4985278,76.7,155,,3,108.8,153,Civile
PC,PC05-02,Pozzo,PIACENZA,2301ER-DQ2-CCI,Conoide Trebbia - confinato inferiore,553513,4985289,71.6,152.5,,3,125,150,Acquedottistico
PC,PC07-00,Pozzo,GRAGNANO TREBBIENSE,0032ER-DQ1-CL,Conoide Trebbia-Luretta - libero,544823,4984661,81.5,64,,2,40,60,Civile
PC,PC09-01,Pozzo,CAORSO,0630ER-DQ2-PPCS,Pianura Alluvionale Padana - confinato superiore,567937,4988928,43.5,133,,1,89,120,Civile
PC,PC10-01,Pozzo,MONTICELLI D'ONGINA,0630ER-DQ2-PPCS,Pianura Alluvionale Padana - confinato superiore,572309,4992801,40.19,140,,3,67,136,Civile
PC,PC11-02,Pozzo,CASTELVETRO PIACENTINO,0630ER-DQ2-PPCS,Pianura Alluvionale Padana - confinato superiore,578168,4991421,37.6,107,,1,87,96,Civile
PC,PC12-01,Pozzo,VILLANOVA SULL'ARDA,0630ER-DQ2-PPCS,Pianura Alluvionale Padana - confinato superiore,578359,4986601,39.61,109,Fondo foro,1,93,96,Civile
PC,PC13-00,Pozzo,CORTEMAGGIORE,0630ER-DQ2-PPCS,Pianura Alluvionale Padana - confinato superiore,568819,4984090,53.25,86,Fondo foro,1,69.5,76.5,Civile
PC,PC15-01,Pozzo,GOSSOLENGO,0032ER-DQ1-CL,Conoide Trebbia-Luretta - libero,548321,4983170,88.1,105,,1,67,103,Civile
PC,PC17-00,Pozzo,SAN GIORGIO PIACENTINO,0040ER-DQ1-CL,Conoide Nure - libero,558127,4978445,101.86,70,Fondo foro,1,62,70,Civile
PC,PC20-00,Pozzo,FIORENZUOLA D'ARDA,0330ER-DQ2-CCS,Conoide Arda - confinato superiore,571853,4979134,62.31,76.45,,4,18.5,73.6,Civile
PC,PC21-03,Pozzo,BESENZONE,0630ER-DQ2-PPCS,Pianura Alluvionale Padana - confinato superiore,575970,4981456,49.1,73,Fondo foro,1,62,71.5,Civile
PC,PC23-02,Pozzo,PONTENURE,0040ER-DQ1-CL,Conoide Nure - libero,561563,4982935,67,80,,3,47,78,Civile
PC,PC23-05,Pozzo,PONTENURE,0040ER-DQ1-CL,Conoide Nure - libero,561569,4979400,79.5,60,,2,25,59,Industriale
PC,PC23-06,Pozzo,PONTENURE,0040ER-DQ1-CL,Conoide Nure - libero,561700,4979761,79,97,,1,59,63,Civile
PC,PC26-02,Pozzo,CARPANETO PIACENTINO,0322ER-DQ2-CCS,Conoide Chiavenna-Nure - confinato superiore,564593,4973084,110.5,92,,4,30,78.5,Civile
PC,PC27-02,Pozzo,FIORENZUOLA D'ARDA,0050ER-DQ1-CL,Conoide Arda - libero,570609,4975231,85,120,,3,48,114,Irriguo
PC,PC28-00,Pozzo,ALSENO,0330ER-DQ2-CCS,Conoide Arda - confinato superiore,576755,4975214,54,30,Fondo foro,1,24,28,Civile
PC,PC30-03,Pozzo,SAN GIORGIO PIACENTINO,0650ER-DET1-CMSG,Conoidi montane e Sabbie gialle occidentali,560035,4972595,132.5,43.5,Fondo foro,1,37,43,Civile
PC,PC33-01,Pozzo,ALSENO,0330ER-DQ2-CCS,Conoide Arda - confinato superiore,576995,4971934,73.8,39,,3,19,35,Acquedottistico
PC,PC34-00,Pozzo,ALSENO,0050ER-DQ1-CL,Conoide Arda - libero,571640,4970705,121.58,101,,4,30,95,Civile
PC,PC36-00,Pozzo,GRAGNANO TREBBIENSE,2301ER-DQ2-CCI,Conoide Trebbia - confinato inferiore,545036,4982629,87.88,130,Fondo foro,1,125,130,Industriale
PC,PC41-01,Pozzo,CASTEL SAN GIOVANNI,0300ER-DQ2-CCS,Conoide Tidone-Luretta - confinato superiore,535351,4990174,70.8,32,Fondo foro,1,30,32,Civile
PC,PC45-01,Pozzo,SAN PIETRO IN CERRO,0630ER-DQ2-PPCS,Pianura Alluvionale Padana - confinato superiore,574864,4985753,45.22,16,,,,,Irriguo
PC,PC48-00,Pozzo,ROTTOFRENO,0032ER-DQ1-CL,Conoide Trebbia-Luretta - libero,547963,4989045,63.3,35,,,,,civile
PC,PC55-01,Pozzo,PODENZANO,0040ER-DQ1-CL,Conoide Nure - libero,554491,4980651,91.69,200,,,,,Irriguo
PC,PC56-00,Pozzo,PIACENZA,0032ER-DQ1-CL,Conoide Trebbia-Luretta - libero,554675,4986794,62.03,102,,4,47,101.6,civile
PC,PC56-02,Pozzo,PIACENZA,0032ER-DQ1-CL,Conoide Trebbia-Luretta - libero,553310,4989082,56.4,116.5,,5,66.5,113.5,civile
PC,PC56-03,Pozzo,PIACENZA,0032ER-DQ1-CL,Conoide Trebbia-Luretta - libero,551663,4988893,59.6,94,,2,72,94,Acquedottistico
PC,PC56-06,Pozzo,PIACENZA,0040ER-DQ1-CL,Conoide Nure - libero,556118,4987070,57.7,160,,3,54.5,154,Acquedottistico
PC,PC56-07,Pozzo,PIACENZA,0040ER-DQ1-CL,Conoide Nure - libero,557993,4987826,52,103.3,,4,46.5,102,Acquedottistico
PC,PC56-08,Pozzo,PIACENZA,0032ER-DQ1-CL,Conoide Trebbia-Luretta - libero,552523,4987217,64,103,,3,66,93,Acquedottistico
PC,PC56-09,Pozzo,PIACENZA,0630ER-DQ2-PPCS,Pianura Alluvionale Padana - confinato superiore,561572,4986046,56.1,75,,3,41,73.5,Acquedottistico
PC,PC56-10,Pozzo,PIACENZA,0630ER-DQ2-PPCS,Pianura Alluvionale Padana - confinato superiore,559545,4991988,50,106,,1,82,98,Acquedottistico
PC,PC56-11,Pozzo,PIACENZA,0630ER-DQ2-PPCS,Pianura Alluvionale Padana - confinato superiore,559012,4989339,46.6,54,Fondo foro,1,40,50.5,Acquedottistico
PC,PC63-01,Pozzo,PIACENZA,0630ER-DQ2-PPCS,Pianura Alluvionale Padana - confinato superiore,562514,4988071,48.9,81.7,,2,40,76.5,civile
PC,PC64-00,Pozzo,PIACENZA,0040ER-DQ1-CL,Conoide Nure - libero,560601,4984310,67.14,114.5,,4,89,114.5,civile
PC,PC69-00,Pozzo,PIACENZA,0032ER-DQ1-CL,Conoide Trebbia-Luretta - libero,552041,4988752,61,111,,4,43,108,civile
PC,PC75-00,Pozzo,RIVERGARO,0650ER-DET1-CMSG,Conoidi montane e Sabbie gialle occidentali,549945,4975082,153.8,156,,2,134,154,civile
PC,PC77-01,Pozzo,PIACENZA,0032ER-DQ1-CL,Conoide Trebbia-Luretta - libero,546273,4977835,137,107,,,,,Acquedottistico
PC,PC80-00,Pozzo,MONTICELLI,0630ER-DQ2-PPCS,Pianura Alluvionale Padana - confinato superiore,575399,4993161,38.41,68,Fondo foro,1,52.45,64.95,Acquedottistico
PC,PC81-00,Pozzo,PODENZANO,0032ER-DQ1-CL,Conoide Trebbia-Luretta - libero,554375,4983243,75.39,97,,2,57,95,Acquedottistico
PC,PC82-00,Pozzo,BORGONOVO VAL TIDONE,0010ER-DQ1-CL,Conoide Tidone - libero,538911,4983568,100.8,101.5,,2,34,70,Acquedottistico
PC,PC83-00,Pozzo,BORGONOVO VAL TIDONE,0010ER-DQ1-CL,Conoide Tidone - libero,535349,4985113,105.7,97,,4,30,91,Acquedottistico
PC,PC85-00,Pozzo,GRAGNANO TREBBIENSE,0032ER-DQ1-CL,Conoide Trebbia-Luretta - libero,542330,4980858,109.7,101,,,50,101,Acquedottistico
PC,PC86-00,Pozzo,BORGONOVO VAL TIDONE,0300ER-DQ2-CCS,Conoide Tidone-Luretta - confinato superiore,540266,4984618,88,40,,,,,Acquedottistico
PC,PC87-01,Pozzo,GAZZOLA,0032ER-DQ1-CL,Conoide Trebbia-Luretta - libero,545997,4980073,102.6,105,,,,,Acquedottistico
PC,PC88-00,Pozzo,SARMATO,0630ER-DQ2-PPCS,Pianura Alluvionale Padana - confinato superiore,538209,4990129,59,18.5,Fondo foro,1,16,18.5,Acquedottistico
PC,PC89-00,Pozzo,PONTE DELL'OLIO,5020ER-AV2-VA,Depositi vallate App. Trebbia-Nure-Arda,549899,4967923,215,35,,,,,Acquedottistico
PC,PC90-00,Pozzo,PIANELLO VAL TIDONE,5020ER-AV2-VA,Depositi vallate App. Trebbia-Nure-Arda,533539,4977204,170,11,,,,,Acquedottistico
PC,PC91-01,Pozzo,VIGOLZONE,0650ER-DET1-CMSG,Conoidi montane e Sabbie gialle occidentali,551234,4972786,211,175,,4,107,169,civile
PC,PC94-01,Pozzo,RIVERGARO,0032ER-DQ1-CL,Conoide Trebbia-Luretta - libero,546517,4972735,135.5,12,,,,,Industriale
PC,PC95-00,Pozzo,PODENZANO,0040ER-DQ1-CL,Conoide Nure - libero,553537,4977885,123,118,,2,60,100,Industriale
PC,PC96-00,Pozzo,PODENZANO,0040ER-DQ1-CL,Conoide Nure - libero,557881,4982179,80.5,80,Fondo foro,1,65,80,Industriale
PC,PC97-00,Pozzo,GOSSOLENGO,2301ER-DQ2-CCI,Conoide Trebbia - confinato inferiore,551468,4980393,96.8,200,,1,183,193,Civile
PC,PC98-00,Pozzo,CADEO,2700ER-DQ2-PACI,Pianura Alluvionale - confinato inferiore,567199,4976628,77,102,Fondo foro,1,87.5,100,Industriale
PC,PC99-00,Pozzo,CASTELL’ARQUATO,0050ER-DQ1-CL,Conoide Arda - libero,569013,4967757,158,65,Fondo foro,1,51,57,Industriale
PC,PCA0-00,Pozzo,CASTEL SAN GIOVANNI,2700ER-DQ2-PACI,Pianura Alluvionale - confinato inferiore,535335,4988056,87,158,,,,,Industriale
PC,PCA2-00,Pozzo,AGAZZANO,2300ER-DQ2-CCI,Conoide Tidone-Luretta - confinato inferiore,540084,4983319,87.4,94,,4,45,85,Irriguo
PC,PC-F01-00,Pozzo,SARMATO,9015ER-DQ1-FPF,Freatico di pianura fluviale,541032,4990346,60,6.1,,,,,Domestico
PC,PC-F03-00,Pozzo,PIACENZA,9015ER-DQ1-FPF,Freatico di pianura fluviale,559271,4988654,46.5,7.2,,,,,Irriguo
PC,PC-F05-00,Pozzo,SAN PIETRO IN CERRO,9015ER-DQ1-FPF,Freatico di pianura fluviale,571874,4988422,41.9,4,,,,,Domestico
PR,PR04-01,Pozzo,SORAGNA,0630ER-DQ2-PPCS,Pianura Alluvionale Padana - confinato superiore,591204,4978826,37.3,161,,,,,Zootecnico
PR,PR05-00,Pozzo,PARMA,0360ER-DQ2-CCS,Conoide Parma-Baganza - confinato superiore,606371,4961131,54.53,75.5,,5,32,75.5,Idropotabile
PR,PR06-01,Pozzo,SISSA TRECASALI,0630ER-DQ2-PPCS,Pianura Alluvionale Padana - confinato superiore,598909,4982301,30,105,,,,,Zootecnico
PR,PR08-03,Pozzo,COLORNO,0630ER-DQ2-PPCS,Pianura Alluvionale Padana - confinato superiore,608780,4979630,26.9,45,,,,,Irriguo
PR,PR09-02,Pozzo,FIDENZA,0340ER-DQ2-CCS,Conoide Stirone-Parola - confinato superiore,583155,4972760,57.2,26,,,,,Irriguo
PR,PR12-00,Pozzo,SAN SECONDO PARMENSE,0350ER-DQ2-CCS,Conoide Taro - confinato superiore,596519,4972121,36.2,86,,1,35,39.7,civile
PR,PR19-01,Pozzo,FIDENZA,2700ER-DQ2-PACI,Pianura Alluvionale - confinato inferiore,583719,4969761,67,175,Fondo foro,1,170,175,Domestico
PR,PR20-00,Pozzo,FIDENZA,0072ER-DQ1-CL,Conoide Taro-Parola - libero,587029,4967231,73,97,,5,49.15,93.6,Acquedottistico
PR,PR21-02,Pozzo,FONTANELLATO,0350ER-DQ2-CCS,Conoide Taro - confinato superiore,590292,4970941,49,30,,,,,Irriguo
PR,PR23-01,Pozzo,FONTEVIVO,0072ER-DQ1-CL,Conoide Taro-Parola - libero,593592,4966261,56,20,,,,,Irriguo
PR,PR23-02,Piezometro,FONTANELLATO,2352ER-DQ2-CCI,Conoide Taro-Parola - confinato inferiore,595949,4968921,46.5,166,Fondo foro,1,154,163,Monitoraggio
PR,PR23-03,Piezometro,FONTANELLATO,0072ER-DQ1-CL,Conoide Taro-Parola - libero,595949,4968921,46.5,70,Fondo foro,1,58,67,Monitoraggio
PR,PR23-04,Pozzo,FONTEVIVO,0072ER-DQ1-CL,Conoide Taro-Parola - libero,594520,4966495,54.3,14,,,,,Irriguo
PR,PR25-00,Pozzo,TORRILE,0630ER-DQ2-PPCS,Pianura Alluvionale Padana - confinato superiore,607779,4972291,30.2,46,Fondo foro,1,34,41,Industriale
PR,PR31-00,Pozzo,FONTEVIVO,0072ER-DQ1-CL,Conoide Taro-Parola - libero,592099,4965566,65.18,31.5,Fondo foro,1,25.5,31.5,civile
PR,PR32-00,Pozzo,PARMA,0080ER-DQ1-CL,Conoide Parma-Baganza - libero,604589,4959501,66.7,109,,5,45.5,105,Acquedottistico
PR,PR33-00,Pozzo,PARMA,0350ER-DQ2-CCS,Conoide Taro - confinato superiore,600299,4963056,56.6,64.4,,1,32,55,Non in uso
PR,PR34-00,Pozzo,PARMA,0360ER-DQ2-CCS,Conoide Parma-Baganza - confinato superiore,605319,4963221,49.9,55,,2,34,46,civile
PR,PR38-00,Pozzo,COLLECCHIO,0072ER-DQ1-CL,Conoide Taro-Parola - libero,596259,4961201,71,78,,2,53,78,Industriale
PR,PR45-01,Pozzo,PARMA,0080ER-DQ1-CL,Conoide Parma-Baganza - libero,600839,4953341,128.7,108,,,,,Acquedottistico
PR,PR47-01,Pozzo,PARMA,0080ER-DQ1-CL,Conoide Parma-Baganza - libero,605553,4953996,106,30,,,,,Irriguo
PR,PR54-01,Pozzo,PARMA,0080ER-DQ1-CL,Conoide Parma-Baganza - libero,607354,4958917,60,103.3,,9,42,102.5,Acquedottistico
PR,PR55-01,Pozzo,PARMA,0360ER-DQ2-CCS,Conoide Parma-Baganza - confinato superiore,611838,4960151,45.8,93,,,,,Irriguo
PR,PR57-02,Pozzo,PARMA,0080ER-DQ1-CL,Conoide Parma-Baganza - libero,609058,4953996,91,40,,,,,Irriguo
PR,PR61-02,Pozzo,MONTECHIARUGOLO,0650ER-DET1-CMSG,Conoidi montane e Sabbie gialle occidentali,608593,4949252,130,28,,,,,Domestico
PR,PR61-05,Pozzo,MONTECHIARUGOLO,0080ER-DQ1-CL,Conoide Parma-Baganza - libero,606648,4948801,147,40,Fondo foro,1,35,40,Domestico
PR,PR69-00,Pozzo,MONTECHIARUGOLO,0650ER-DET1-CMSG,Conoidi montane e Sabbie gialle occidentali,611028,4954246,83.69,40,,2,9,26,civile
PR,PR76-00,Pozzo,PARMA,0360ER-DQ2-CCS,Conoide Parma-Baganza - confinato superiore,608748,4960721,48.5,86,,6,23.5,82.7,Acquedottistico
PR,PR77-00,Pozzo,FONTANELLATO,0072ER-DQ1-CL,Conoide Taro-Parola - libero,590991,4966781,61.7,93,,6,33,86.5,Acquedottistico
PR,PR93-02,Pozzo,PARMA,0080ER-DQ1-CL,Conoide Parma-Baganza - libero,606458,4956181,89,30,,,,,Domestico
PR,PR94-00,Pozzo,COLLECCHIO,0072ER-DQ1-CL,Conoide Taro-Parola - libero,595642,4956836,103.5,25,,,,,Domestico
PR,PR99-00,Piezometro,PARMA,0080ER-DQ1-CL,Conoide Parma-Baganza - libero,601967,4950366,149.1,175,,,,,Monitoraggio
PR,PRA0-00,Pozzo,COLLECCHIO,0072ER-DQ1-CL,Conoide Taro-Parola - libero,591559,4952941,117.5,10,,,,,Irriguo
PR,PRA1-00,Pozzo,PARMA,0080ER-DQ1-CL,Conoide Parma-Baganza - libero,602713,4950961,143.5,30,,,,,Zootecnico
PR,PRA2-00,Pozzo,SALA BAGANZA,0080ER-DQ1-CL,Conoide Parma-Baganza - libero,596597,4949571,194,10.3,,,,,Domestico
PR,PRA5-01,Pozzo,ROCCABIANCA,0630ER-DQ2-PPCS,Pianura Alluvionale Padana - confinato superiore,592872,4983796,32,18,,,,,Irriguo
PR,PRA5-02,Pozzo,ROCCABIANCA,0630ER-DQ2-PPCS,Pianura Alluvionale Padana - confinato superiore,593275,4984280,32,30,,,,,Irriguo
PR,PRA6-00,Pozzo,SORBOLO,0630ER-DQ2-PPCS,Pianura Alluvionale Padana - confinato superiore,614301,4972981,25,30,,,,,Irriguo
PR,PRA7-00,Pozzo,COLORNO,0630ER-DQ2-PPCS,Pianura Alluvionale Padana - confinato superiore,611088,4974251,25.5,110,,,,,Domestico
PR,PRB3-00,Pozzo,NOCETO,0072ER-DQ1-CL,Conoide Taro-Parola - libero,593423,4962701,74.6,70.15,,2,15,65,Acquedottistico
PR,PRB4-00,Piezometro,FONTANELLATO,0072ER-DQ1-CL,Conoide Taro-Parola - libero,591053,4966331,63.5,45,,1,8,45,Monitoraggio
PR,PRB5-00,Pozzo,SOLIGNANO,5030ER-AV2-VA,Depositi vallate App. Taro-Enza-Tresinaro,584579,4947421,158,11.5,,,,,Acquedottistico
PR,PRB8-00,Pozzo,PARMA,2360ER-DQ2-CCI,Conoide Parma-Baganza - confinato inferiore,611468,4957571,58,111.5,,,,,Irriguo
PR,PRB9-00,Pozzo,PARMA,2360ER-DQ2-CCI,Conoide Parma-Baganza - confinato inferiore,609420,4960060,51,150,,3,103,147,Acquedottistico
PR,PRC0-00,Pozzo,PARMA,2352ER-DQ2-CCI,Conoide Taro-Parola - confinato inferiore,597409,4963096,61.5,110,,,,,Irriguo
PR,PR-F01-00,Pozzo,POLESINE ZIBELLO,9015ER-DQ1-FPF,Freatico di pianura fluviale,591029,4984941,32.5,4.37,,,,,Non in uso
PR,PR-F01-01,Pozzo,POLESINE ZIBELLO,9015ER-DQ1-FPF,Freatico di pianura fluviale,591454,4984386,32,4.55,,,,,Irriguo
PR,PR-F06-00,Pozzo,PARMA,9015ER-DQ1-FPF,Freatico di pianura fluviale,604719,4970511,36.7,6.81,,,,,Non in uso
PR,PR-F07-00,Pozzo,SAN SECONDO PARMENSE,9015ER-DQ1-FPF,Freatico di pianura fluviale,598925,4974770,36.4,8.22,,,,,Non in uso
PR,PR-F09-01,Pozzo,SORAGNA,9015ER-DQ1-FPF,Freatico di pianura fluviale,587184,4974510,49.3,6.57,,,,,Irriguo
PR,PR-F10-01,Pozzo,BUSSETO,9015ER-DQ1-FPF,Freatico di pianura fluviale,579735,4977078,48.9,6.52,,,,,Domestico
PR,PR-F11-00,Pozzo,FIDENZA,9015ER-DQ1-FPF,Freatico di pianura fluviale,586763,4968685,65.8,6.79,,,,,Non in uso
RA,RA03-00,Pozzo,MASSALOMBARDA,0610ER-DQ2-PACS,Pianura Alluvionale Appenninica - confinato superiore,724418,4924919,11.3,102,Fondo foro,1,95,102,Irriguo
RA,RA05-00,Pozzo,BAGNACAVALLO,0610ER-DQ2-PACS,Pianura Alluvionale Appenninica - confinato superiore,741015,4930369,5,108,Fondo foro,1,101.72,106.72,Non in uso
RA,RA08-00,Pozzo,FAENZA,0610ER-DQ2-PACS,Pianura Alluvionale Appenninica - confinato superiore,738690,4915703,15,96,Fondo foro,1,87.56,96,
RA,RA09-00,Pozzo,RAVENNA,0640ER-DQ2-PCC,Pianura Alluvionale Costiera - confinato,758180,4941791,0.43,273,,,142,150,Non in uso
RA,RA09-01,Pozzo,RAVENNA,0640ER-DQ2-PCC,Pianura Alluvionale Costiera - confinato,758227,4940523,0.43,150,Fondo foro,1,142,150,Zootecnico
RA,RA12-01,Pozzo,RAVENNA,0640ER-DQ2-PCC,Pianura Alluvionale Costiera - confinato,755883,4938447,1.57,155,,,,,Non in uso
RA,RA13-02,Pozzo,RAVENNA,0640ER-DQ2-PCC,Pianura Alluvionale Costiera - confinato,756201,4911624,2.08,215,Fondo foro,1,206,215,Irriguo
RA,RA14-01,Pozzo,RAVENNA,2700ER-DQ2-PACI,Pianura Alluvionale - confinato inferiore,745922,4913833,7.3,248,Fondo foro,1,242,248,Industriale
RA,RA15-00,Pozzo,CASTEL BOLOGNESE,0522ER-DQ2-CC,Conoide Senio - confinato,723585,4913863,29.82,31.74,,1,17.61,21,civile
RA,RA17-01,Pozzo,FAENZA,2700ER-DQ2-PACI,Pianura Alluvionale - confinato inferiore,730858,4912855,22,106,Fondo foro,1,100,106,Domestico
RA,RA18-00,Pozzo,FAENZA,2700ER-DQ2-PACI,Pianura Alluvionale - confinato inferiore,726769,4909433,38.2,67,Fondo foro,1,57,67,Domestico
RA,RA21-01,Pozzo,RAVENNA,0640ER-DQ2-PCC,Pianura Alluvionale Costiera - confinato,766702,4912271,1.65,370,,,,,Irriguo
RA,RA24-00,Pozzo,RAVENNA,0640ER-DQ2-PCC,Pianura Alluvionale Costiera - confinato,760513,4938208,1.2,265.3,Fondo foro,1,240.8,265.3,Non in uso
RA,RA24-01,Pozzo,RAVENNA,0640ER-DQ2-PCC,Pianura Alluvionale Costiera - confinato,760474,4936523,0.7,183.5,,,,,Irriguo
RA,RA29-00,Pozzo,RAVENNA,0640ER-DQ2-PCC,Pianura Alluvionale Costiera - confinato,760044,4932212,0.7,251,Fondo foro,1,232.92,250.87,Irriguo
RA,RA30-00,Pozzo,RAVENNA,2700ER-DQ2-PACI,Pianura Alluvionale - confinato inferiore,752680,4930373,1.6,230.08,Fondo foro,1,218,230.08,Irriguo
RA,RA33-00,Pozzo,RAVENNA,0640ER-DQ2-PCC,Pianura Alluvionale Costiera - confinato,761243,4922887,1.5,214,Fondo foro,1,206.3,213.6,Irriguo
RA,RA33-01,Pozzo,RAVENNA,0640ER-DQ2-PCC,Pianura Alluvionale Costiera - confinato,761244,4922912,0.5,205,Fondo foro,1,187,205,Irriguo
RA,RA34-00,Pozzo,RAVENNA,2700ER-DQ2-PACI,Pianura Alluvionale - confinato inferiore,755369,4918940,2.9,207.5,Fondo foro,1,197.18,207.41,Domestico
RA,RA34-02,Pozzo,RAVENNA,0610ER-DQ2-PACS,Pianura Alluvionale Appenninica - confinato superiore,754282,4919291,3.9,120,,,,,Domestico
RA,RA35-00,Pozzo,RAVENNA,2700ER-DQ2-PACI,Pianura Alluvionale - confinato inferiore,750390,4917832,4.9,237,Fondo foro,1,223,236.91,Non in uso
RA,RA35-01,Pozzo,RAVENNA,2700ER-DQ2-PACI,Pianura Alluvionale - confinato inferiore,747923,4916849,8.5,230,,,,,Irriguo
RA,RA36-00,Pozzo,RAVENNA,0640ER-DQ2-PCC,Pianura Alluvionale Costiera - confinato,763639,4917210,0.66,280,Fondo foro,1,265,280,Irriguo
RA,RA36-01,Pozzo,RAVENNA,0640ER-DQ2-PCC,Pianura Alluvionale Costiera - confinato,761527,4918363,0.4,180,,,,,Irriguo
RA,RA38-00,Pozzo,RAVENNA,2700ER-DQ2-PACI,Pianura Alluvionale - confinato inferiore,759174,4907496,4.8,285,,2,256,282,Non in uso
RA,RA39-00,Pozzo,RAVENNA,2700ER-DQ2-PACI,Pianura Alluvionale - confinato inferiore,754064,4906316,9.55,180,Fondo foro,1,173,177,Non in uso
RA,RA41-02,Pozzo,RAVENNA,0640ER-DQ2-PCC,Pianura Alluvionale Costiera - confinato,764107,4912914,1.7,318.68,Fondo foro,1,286,318,Zootecnico
RA,RA42-01,Pozzo,RAVENNA,0610ER-DQ2-PACS,Pianura Alluvionale Appenninica - confinato superiore,755862,4924811,2.2,150,,,,,Domestico
RA,RA42-02,Pozzo,RAVENNA,0610ER-DQ2-PACS,Pianura Alluvionale Appenninica - confinato superiore,750215,4924945,2.1,180,,,,,Irriguo
RA,RA44-00,Pozzo,CONSELICE,0610ER-DQ2-PACS,Pianura Alluvionale Appenninica - confinato superiore,722038,4933143,9,327,,,,,Irriguo
RA,RA45-01,Pozzo,RAVENNA,0640ER-DQ2-PCC,Pianura Alluvionale Costiera - confinato,751774,4936004,2.89,271,,,,,Non in uso
RA,RA47-00,Pozzo,RAVENNA,2700ER-DQ2-PACI,Pianura Alluvionale - confinato inferiore,746633,4927545,4.1,325.2,Fondo foro,1,317,325.2,Non in uso
RA,RA48-01,Pozzo,FAENZA,2700ER-DQ2-PACI,Pianura Alluvionale - confinato inferiore,737141,4909916,19,281.28,,6,75.77,281.28,Non in uso
RA,RA48-02,Pozzo,RUSSI,2700ER-DQ2-PACI,Pianura Alluvionale - confinato inferiore,742338,4919132,9.6,253,Fondo foro,1,242,252,Industriale
RA,RA49-00,Pozzo,RAVENNA,2700ER-DQ2-PACI,Pianura Alluvionale - confinato inferiore,752304,4925658,1.1,229,Fondo foro,1,205,229,Non in uso
RA,RA53-04,Pozzo,CERVIA,0640ER-DQ2-PCC,Pianura Alluvionale Costiera - confinato,765442,4909103,2,120,Fondo foro,1,114,120,Irriguo
RA,RA54-01,Pozzo,CERVIA,2700ER-DQ2-PACI,Pianura Alluvionale - confinato inferiore,766736,4905970,1.3,350,Fondo foro,1,345,350,Non in uso
RA,RA54-02,Pozzo,CERVIA,0610ER-DQ2-PACS,Pianura Alluvionale Appenninica - confinato superiore,766938,4906596,1.2,280,,,,,Non in uso
RA,RA54-03,Pozzo,CERVIA,2700ER-DQ2-PACI,Pianura Alluvionale - confinato inferiore,763492,4906179,0.9,240,,,,,Irriguo
RA,RA55-02,Pozzo,COTIGNOLA,0610ER-DQ2-PACS,Pianura Alluvionale Appenninica - confinato superiore,729890,4918790,18,300,,3,69.5,300,Domestico
RA,RA58-00,Pozzo,FUSIGNANO,2700ER-DQ2-PACI,Pianura Alluvionale - confinato inferiore,735531,4928175,8.7,460,,4,236,451,Irriguo
RA,RA59-01,Pozzo,BAGNACAVALLO,2700ER-DQ2-PACI,Pianura Alluvionale - confinato inferiore,737143,4921852,9,408.1,Fondo foro,1,381.2,408.1,Industriale
RA,RA60-01,Pozzo,ALFONSINE,0610ER-DQ2-PACS,Pianura Alluvionale Appenninica - confinato superiore,735399,4932471,4.76,250,,,,,Irriguo
RA,RA66-01,Pozzo,RAVENNA,0640ER-DQ2-PCC,Pianura Alluvionale Costiera - confinato,757991,4912838,0.7,150,,,,,Zootecnico
RA,RA67-00,Pozzo,RAVENNA,2700ER-DQ2-PACI,Pianura Alluvionale - confinato inferiore,747675,4921574,4.3,275,,,,,Non in uso
RA,RA67-01,Pozzo,RAVENNA,0610ER-DQ2-PACS,Pianura Alluvionale Appenninica - confinato superiore,747277,4920444,2.3,236,,,,,Irriguo
RA,RA71-00,Pozzo,CONSELICE,2700ER-DQ2-PACI,Pianura Alluvionale - confinato inferiore,726046,4937271,4.95,225,,,,,Non in uso
RA,RA73-00,Pozzo,CERVIA,2700ER-DQ2-PACI,Pianura Alluvionale - confinato inferiore,769981,4902222,2,180,,,,,Non in uso
RA,RA73-01,Pozzo,CERVIA,2700ER-DQ2-PACI,Pianura Alluvionale - confinato inferiore,768984,4904266,1.5,242,,,,,Domestico
RA,RA76-03,Pozzo,COTIGNOLA,0610ER-DQ2-PACS,Pianura Alluvionale Appenninica - confinato superiore,734106,4919319,16,356,,,,,Industriale
RA,RA77-00,Pozzo,CASTEL BOLOGNESE,0220ER-DQ1-CL,Conoide Senio - libero,722887,4911491,39.84,37.2,Fondo foro,1,29,35.2,civile
RA,RA78-00,Pozzo,FAENZA,0230ER-DQ1-CL,Conoide Lamone - libero,730747,4908299,33,45,Fondo foro,1,35,44.88,Monitoraggio
RA,RA79-00,Pozzo,SOLAROLO,0522ER-DQ2-CC,Conoide Senio - confinato,726558,4915324,24.83,300,,,,,Altro
RA,RA80-01,Pozzo,RAVENNA,0610ER-DQ2-PACS,Pianura Alluvionale Appenninica - confinato superiore,748414,4919186,2.5,115,Fondo foro,1,103,115,Irriguo
RA,RA80-02,Pozzo,RAVENNA,0610ER-DQ2-PACS,Pianura Alluvionale Appenninica - confinato superiore,748688,4920131,2.6,120,Fondo foro,1,114,120,Zootecnico
RA,RA82-00,Pozzo,RAVENNA,2700ER-DQ2-PACI,Pianura Alluvionale - confinato inferiore,747033,4929315,3.32,221,,,,,Non in uso
RA,RA84-01,Pozzo,RAVENNA,0640ER-DQ2-PCC,Pianura Alluvionale Costiera - confinato,752295,4908913,11.06,180,Fondo foro,1,175,180,Irriguo
RA,RA85-00,Pozzo,FAENZA,2700ER-DQ2-PACI,Pianura Alluvionale - confinato inferiore,737064,4904662,24.2,242,,3,129,242,Irriguo
RA,RA89-00,Pozzo,FAENZA,0532ER-DQ2-CC,Conoide Lamone - confinato,728640,4908289,38.6,87.63,,1,52,87.63,Industriale
RA,RA89-02,Pozzo,FAENZA,0532ER-DQ2-CC,Conoide Lamone - confinato,731384,4905584,45.2,65,,,,,Domestico
RA,RA90-00,Pozzo,FAENZA,0230ER-DQ1-CL,Conoide Lamone - libero,727550,4905022,45,15.3,Fondo foro,1,10.3,15.3,Irriguo
RA,RAA1-00,Pozzo,CASTEL BOLOGNESE,0220ER-DQ1-CL,Conoide Senio - libero,723285,4911696,37.9,60,Fondo foro,1,42.5,58,Irriguo
RA,RAA2-00,Pozzo,RIOLO TERME,5090ER-AV2-VA,Depositi vallate App. Senio-Savio,715831,4905590,82,12,,,,,Domestico
RA,RA-F01-00,Pozzo,CONSELICE,9015ER-DQ1-FPF,Freatico di pianura fluviale,728959,4940178,5,5.73,,,,,Domestico
RA,RA-F06-00,Piezometro,RAVENNA,9020ER-DQ1-FPC,Freatico di pianura costiero,755574,4929643,1.12,10,,,,,Monitoraggio
RA,RA-F13-01,Pozzo,BAGNACAVALLO,9015ER-DQ1-FPF,Freatico di pianura fluviale,737935,4924053,8.3,7,,,,,Domestico
RA,RA-F14-00,Pozzo,RUSSI,9015ER-DQ1-FPF,Freatico di pianura fluviale,745191,4920756,5.8,7.25,,,,,Domestico
RA,RA-F16-00,Piezometro,RAVENNA,9020ER-DQ1-FPC,Freatico di pianura costiero,765347,4915210,1,10.5,,,,,Monitoraggio
RA,RA-F22-00,Pozzo,RAVENNA,9015ER-DQ1-FPF,Freatico di pianura fluviale,747972,4908087,13.9,7.7,,,,,Non in uso
RA,RA-F23-01,Pozzo,CERVIA,9015ER-DQ1-FPF,Freatico di pianura fluviale,758727,4902869,16,11,,,,,Domestico
RE,RE01-03,Pozzo,BRESCELLO,0630ER-DQ2-PPCS,Pianura Alluvionale Padana - confinato superiore,616999,4968726,28.6,130,,,,,Industriale
RE,RE03-01,Pozzo,GUALTIERI,0630ER-DQ2-PPCS,Pianura Alluvionale Padana - confinato superiore,629018,4969333,19.07,60,,,,,Industriale
RE,RE04-00,Pozzo,POVIGLIO,0610ER-DQ2-PACS,Pianura Alluvionale Appenninica - confinato superiore,622139,4966148,28.37,108,Fondo foro,1,105.5,108,Irriguo
RE,RE06-00,Pozzo,GATTATICO,0610ER-DQ2-PACS,Pianura Alluvionale Appenninica - confinato superiore,616008,4965393,33.42,113,Fondo foro,1,110,113,Zootecnico
RE,RE10-00,Pozzo,GUASTALLA,0630ER-DQ2-PPCS,Pianura Alluvionale Padana - confinato superiore,630724,4975490,22.13,112,Fondo foro,1,85,112,Non in uso
RE,RE14-01,Pozzo,CAMPAGNOLA E.,0620ER-DQ2-TPAPCS,Transizione Pianura Appenninica-Padana - confinato superiore,638714,4966789,24.71,97,,,,,Irriguo
RE,RE15-00,Pozzo,CAMPAGNOLA E.,2700ER-DQ2-PACI,Pianura Alluvionale - confinato inferiore,638692,4964900,25.86,170,,,,,Non in uso
RE,RE16-01,Pozzo,CAMPEGINE,2370ER-DQ2-CCI,Conoide Enza - confinato inferiore,618355,4958394,39,120,,1,86,89,civile
RE,RE18-03,Pozzo,CADELBOSCO DI SOPRA,2700ER-DQ2-PACI,Pianura Alluvionale - confinato inferiore,628927,4964032,22.3,240,Fondo foro,1,238,240,Zootecnico
RE,RE19-01,Pozzo,BAGNOLO IN PIANO,0610ER-DQ2-PACS,Pianura Alluvionale Appenninica - confinato superiore,632515,4957696,32,70,Fondo foro,1,65,70,Industriale
RE,RE19-02,Pozzo,BAGNOLO IN PIANO,0610ER-DQ2-PACS,Pianura Alluvionale Appenninica - confinato superiore,632048,4958671,32,75,,,,,Irriguo
RE,RE19-03,Pozzo,BAGNOLO IN PIANO,0610ER-DQ2-PACS,Pianura Alluvionale Appenninica - confinato superiore,631967,4957053,33.2,70,,,,,
RE,RE21-00,Pozzo,CORREGGIO,0610ER-DQ2-PACS,Pianura Alluvionale Appenninica - confinato superiore,643429,4959572,29.1,116,Fondo foro,1,108,111,Zootecnico
RE,RE22-00,Pozzo,S.ILARIO D'ENZA,2370ER-DQ2-CCI,Conoide Enza - confinato inferiore,616819,4954961,60.67,90,,3,45,86,Irriguo
RE,RE23-00,Pozzo,REGGIO NELL'EMILIA,0370ER-DQ2-CCS,Conoide Enza - confinato superiore,623908,4955035,38.7,74,,3,27.2,73.6,civile
RE,RE23-01,Pozzo,REGGIO NELL'EMILIA,2370ER-DQ2-CCI,Conoide Enza - confinato inferiore,624032,4954957,38.7,267.5,,5,82.63,218.42,Non in uso
RE,RE23-02,Pozzo,REGGIO NELL'EMILIA,0370ER-DQ2-CCS,Conoide Enza - confinato superiore,623977,4954802,38.7,33.5,,,,,Acquedottistico
RE,RE24-00,Pozzo,REGGIO NELL'EMILIA,2370ER-DQ2-CCI,Conoide Enza - confinato inferiore,623901,4955026,38.98,278,,6,132.9,263.9,Non in uso
RE,RE25-00,Pozzo,CAVRIAGO,2370ER-DQ2-CCI,Conoide Enza - confinato inferiore,620162,4952943,58.99,160,,7,52,156,acquedottistico
RE,RE25-01,Piezometro,CAVRIAGO,2370ER-DQ2-CCI,Conoide Enza - confinato inferiore,619416,4952951,60.47,84,Fondo foro,1,69,84,Monitoraggio
RE,RE26-00,Pozzo,CAVRIAGO,2370ER-DQ2-CCI,Conoide Enza - confinato inferiore,621961,4951098,59.65,150,,9,50.5,76,civile
RE,RE31-00,Pozzo,S.MARTINO IN RIO,2700ER-DQ2-PACI,Pianura Alluvionale - confinato inferiore,641894,4952670,38.32,165,Fondo foro,1,152.5,157.5,Irriguo
RE,RE32-00,Pozzo,MONTECCHIO EMILIA,0090ER-DQ1-CL,Conoide Enza - libero,614113,4949322,106.66,80,,1,30.5,37.5,civile
RE,RE33-00,Pozzo,BIBBIANO,0090ER-DQ1-CL,Conoide Enza - libero,615503,4948290,112.72,56,,4,20,56,Irriguo
RE,RE33-02,Pozzo,BIBBIANO,0090ER-DQ1-CL,Conoide Enza - libero,615874,4947650,116.2,61,,1,18,59,Acquedottistico
RE,RE34-03,Pozzo,REGGIO NELL'EMILIA,0610ER-DQ2-PACS,Pianura Alluvionale Appenninica - confinato superiore,627945,4955902,37.2,85,,,,,Industriale
RE,RE36-00,Pozzo,REGGIO NELL'EMILIA,2380ER-DQ2-CCI,Conoide Crostolo-Tresinaro - confinato inferiore,633837,4948233,54.79,109,Fondo foro,1,82,101,Irriguo
RE,RE37-00,Pozzo,REGGIO NELL'EMILIA,0650ER-DET1-CMSG,Conoidi montane e Sabbie gialle occidentali,625488,4946534,100.41,90,,3,41.5,80.7,Acquedottistico
RE,RE38-03,Pozzo,RUBIERA,0390ER-DQ2-CCS,Conoide Secchia - confinato superiore,641074,4948577,46,60,,,,,Irriguo
RE,RE39-00,Pozzo,REGGIO NELL'EMILIA,0380ER-DQ2-CCS,Conoide Crostolo-Tresinaro - confinato superiore,633322,4946975,57.38,28,Fondo foro,1,24,26,Irriguo
RE,RE42-03,Pozzo,REGGIO NELL'EMILIA,0610ER-DQ2-PACS,Pianura Alluvionale Appenninica - confinato superiore,634445,4954582,38,50,,,,,
RE,RE43-00,Pozzo,ALBINEA,0650ER-DET1-CMSG,Conoidi montane e Sabbie gialle occidentali,630696,4942166,111.93,41,Fondo foro,1,37,41,civile
RE,RE44-00,Pozzo,ALBINEA,0650ER-DET1-CMSG,Conoidi montane e Sabbie gialle occidentali,631486,4942979,91.3,90,,4,26.6,72.9,Irriguo
RE,RE45-00,Pozzo,RUBIERA,2390ER-DQ2-CCI,Conoide Secchia - confinato inferiore,641743,4945300,53.38,305,,6,243,295,acquedottistico
RE,RE46-00,Pozzo,SCANDIANO,0380ER-DQ2-CCS,Conoide Crostolo-Tresinaro - confinato superiore,637544,4942699,67.72,48,Fondo foro,1,46,48,Irriguo
RE,RE46-01,Pozzo,SCANDIANO,0380ER-DQ2-CCS,Conoide Crostolo-Tresinaro - confinato superiore,636501,4943043,70.9,64,,,,,civile
RE,RE47-00,Pozzo,CASALGRANDE,2390ER-DQ2-CCI,Conoide Secchia - confinato inferiore,641368,4942502,62.3,258,Fondo foro,1,213,247,acquedottistico
RE,RE48-00,Pozzo,CASALGRANDE,0380ER-DQ2-CCS,Conoide Crostolo-Tresinaro - confinato superiore,637473,4939413,94.07,30,,,,,Non in uso
RE,RE48-03,Pozzo,SCANDIANO,0110ER-DQ1-CL,Conoide Tresinaro - libero,635422,4940058,89,30,,,,,Irriguo
RE,RE48-04,Pozzo,SCANDIANO,0380ER-DQ2-CCS,Conoide Crostolo-Tresinaro - confinato superiore,637693,4941644,68,36,,,,,Irriguo
RE,RE49-01,Pozzo,CASALGRANDE,0390ER-DQ2-CCS,Conoide Secchia - confinato superiore,638432,4939123,88.88,80,,,,,civile
RE,RE50-00,Pozzo,CASALGRANDE,0120ER-DQ1-CL,Conoide Secchia - libero,641180,4939682,79.85,158,,6,55,156,Acquedottistico
RE,RE53-02,Pozzo,ROLO,0630ER-DQ2-PPCS,Pianura Alluvionale Padana - confinato superiore,645934,4972889,18.7,81,Fondo foro,1,67,81,Industriale
RE,RE54-00,Pozzo,SANT'ILARIO D'ENZA,0090ER-DQ1-CL,Conoide Enza - libero,614257,4956182,63.77,113,,5,11,113,Industriale
RE,RE54-02,Pozzo,SANT'ILARIO D'ENZA,0090ER-DQ1-CL,Conoide Enza - libero,614059,4955328,66,50,,,,,Irriguo
RE,RE55-00,Pozzo,REGGIO NELL'EMILIA,2380ER-DQ2-CCI,Conoide Crostolo-Tresinaro - confinato inferiore,627553,4950455,55.35,150,,3,90,146,Irriguo
RE,RE58-00,Pozzo,GUASTALLA,0630ER-DQ2-PPCS,Pianura Alluvionale Padana - confinato superiore,636117,4975145,20.2,119,,,,,Zootecnico
RE,RE60-00,Pozzo,BORETTO,0630ER-DQ2-PPCS,Pianura Alluvionale Padana - confinato superiore,623377,4973053,22.51,110,,,,,civile
RE,RE68-00,Pozzo,RIO SALICETO,2700ER-DQ2-PACI,Pianura Alluvionale - confinato inferiore,642964,4965924,22.6,225,Fondo foro,1,220,225,Zootecnico
RE,RE69-00,Pozzo,SANT'ILARIO D'ENZA,0090ER-DQ1-CL,Conoide Enza - libero,615347,4955861,60.8,112,Fondo foro,1,81,100,Acquedottistico
RE,RE70-00,Pozzo,QUATTRO CASTELLA,0650ER-DET1-CMSG,Conoidi montane e Sabbie gialle occidentali,621239,4944491,138.3,88,,3,46,74,Acquedottistico
RE,RE71-00,Pozzo,MONTECCHIO EMILIA,0090ER-DQ1-CL,Conoide Enza - libero,613417,4947904,116,57,,1,43,48,Irriguo
RE,RE72-02,Pozzo,BIBBIANO,0090ER-DQ1-CL,Conoide Enza - libero,614707,4946585,127.1,70,,,,,Industriale
RE,RE73-01,Pozzo,REGGIO NELL'EMILIA,2370ER-DQ2-CCI,Conoide Enza - confinato inferiore,624110,4950447,57.8,63,Fondo foro,1,60,63,civile
RE,RE74-00,Pozzo,BIBBIANO,0650ER-DET1-CMSG,Conoidi montane e Sabbie gialle occidentali,619199,4949267,100,44,,1,35,38,Irriguo
RE,RE76-00,Pozzo,REGGIO NELL'EMILIA,2380ER-DQ2-CCI,Conoide Crostolo-Tresinaro - confinato inferiore,630151,4946622,65.3,103,Fondo foro,1,100,103,irriguo
RE,RE77-00,Pozzo,ALBINEA,0650ER-DET1-CMSG,Conoidi montane e Sabbie gialle occidentali,627659,4942140,145,70,Fondo foro,1,64,66,Irriguo
RE,RE77-01,Pozzo,ALBINEA,0650ER-DET1-CMSG,Conoidi montane e Sabbie gialle occidentali,627726,4942145,143,100,Fondo foro,0,0,0,Irriguo
RE,RE78-00,Pozzo,QUATTRO CASTELLA,0380ER-DQ2-CCS,Conoide Crostolo-Tresinaro - confinato superiore,623581,4943104,149.1,100,,2,29.1,50.3,Domestico
RE,RE79-01,Pozzo,BIBBIANO,0650ER-DET1-CMSG,Conoidi montane e Sabbie gialle occidentali,616803,4945480,135,60,Fondo foro,1,40,60,Irriguo
RE,RE80-01,Pozzo,CASALGRANDE,0110ER-DQ1-CL,Conoide Tresinaro - libero,636801,4939110,102.4,101,,,,,Zootecnico
RE,RE80-03,Pozzo,SCANDIANO,0650ER-DET1-CMSG,Conoidi montane e Sabbie gialle occidentali,634705,4938158,139,20,,,,,Irriguo
RE,RE80-04,Pozzo,CASALGRANDE,0650ER-DET1-CMSG,Conoidi montane e Sabbie gialle occidentali,637736,4937195,132,78,,,,,Industriale
RE,RE81-00,Pozzo,REGGIO NELL'EMILIA,0380ER-DQ2-CCS,Conoide Crostolo-Tresinaro - confinato superiore,631235,4952549,40.2,60,,,,,Irriguo
RE,RE82-00,Pozzo,MONTECCHIO EMILIA,0090ER-DQ1-CL,Conoide Enza - libero,613605,4948382,116,67,,1,45,52,Domestico
RE,RE83-00,Pozzo,CANOSSA,5030ER-AV2-VA,Depositi vallate App. Taro-Enza-Tresinaro,611593,4939680,190,5.5,,,,,Irriguo
RE,RE84-00,Pozzo,SCANDIANO,0110ER-DQ1-CL,Conoide Tresinaro - libero,631535,4937605,121.3,10,,,,,Domestico
RE,RE85-00,Pozzo,REGGIO NELL'EMILIA,0100ER-DQ1-CL,Conoide Crostolo - libero,627808,4948101,74.2,14.2,,,,,Domestico
RE,RE85-01,Pozzo,REGGIO NELL'EMILIA,0100ER-DQ1-CL,Conoide Crostolo - libero,627138,4949623,63,55,Fondo foro,,,,Irriguo
RE,RE86-00,Pozzo,CASTELLARANO,5040ER-AV2-VA,Depositi vallate App. Secchia,634199,4926401,181,17,,,,,Domestico
RE,RE86-01,Pozzo,CASTELLARANO,5040ER-AV2-VA,Depositi vallate App. Secchia,633255,4926551,197,15,,,,,Domestico
RE,RE90-00,Pozzo,REGGIO NELL'EMILIA,0100ER-DQ1-CL,Conoide Crostolo - libero,627639,4946815,93.4,34,,,,,Irriguo
RE,RE-F01-00,Pozzo,REGGIO NELL'EMILIA,9015ER-DQ1-FPF,Freatico di pianura fluviale,635132,4948538,53.5,7.2,,,,,Domestico
RE,RE-F03-00,Pozzo,CORREGGIO,9015ER-DQ1-FPF,Freatico di pianura fluviale,643911,4960799,27.5,11,,,,,Domestico
RE,RE-F05-00,Pozzo,CADELBOSCO DI SOPRA,9015ER-DQ1-FPF,Freatico di pianura fluviale,628880,4959432,27.5,6.5,,,,,Domestico
RE,RE-F11-00,Pozzo,BRESCELLO,9015ER-DQ1-FPF,Freatico di pianura fluviale,617034,4972417,25,5.4,,,,,Domestico
RE,RE-F11-01,Pozzo,BRESCELLO,9015ER-DQ1-FPF,Freatico di pianura fluviale,620232,4972010,25,8,,,,,Domestico
RE,RE-F12-00,Pozzo,GUALTIERI,9015ER-DQ1-FPF,Freatico di pianura fluviale,629949,4973962,22,5.3,,,,,Domestico
RN,RN02-00,Pozzo,MISANO ADRIATICO,0600ER-DQ2-CCS,Conoide Conca - confinato superiore,797566,4874609,8,36.5,Fondo foro,1,23,29,Acquedottistico
RN,RN03-00,Piezometro,SANTARCANGELO DI ROMAGNA,0280ER-DQ1-CL,Conoide Marecchia - libero,777283,4881282,50.33,28,Fondo foro,1,12,28,Monitoraggio
RN,RN04-00,Pozzo,RIMINI,0590ER-DQ2-CCS,Conoide Marecchia - confinato superiore,784553,4884990,8.15,50,,1,28,29,Acquedottistico
RN,RN05-00,Piezometro,RIMINI,0590ER-DQ2-CCS,Conoide Marecchia - confinato superiore,780345,4885373,20.45,96,Fondo foro,1,90,96,Monitoraggio
RN,RN06-00,Pozzo,MISANO ADRIATICO,0600ER-DQ2-CCS,Conoide Conca - confinato superiore,798118,4874977,2.4,34.7,,,,,Acquedottistico
RN,RN21-02,Pozzo,RIMINI,0280ER-DQ1-CL,Conoide Marecchia - libero,779194,4882616,33.3,53.6,Fondo foro,1,39.5,52.5,Acquedottistico
RN,RN29-00,Pozzo,RIMINI,0590ER-DQ2-CCS,Conoide Marecchia - confinato superiore,777722,4887408,22.37,37.4,Fondo foro,1,26,37.4,Domestico
RN,RN30-00,Pozzo,RIMINI,0590ER-DQ2-CCS,Conoide Marecchia - confinato superiore,781291,4887309,14.07,42,,2,25.5,38.5,Acquedottistico
RN,RN31-01,Pozzo,RIMINI,0590ER-DQ2-CCS,Conoide Marecchia - confinato superiore,783994,4885076,6.6,31,Fondo foro,1,25.4,28.4,Acquedottistico
RN,RN33-01,Pozzo,SANTARCANGELO DI ROMAGNA,0280ER-DQ1-CL,Conoide Marecchia - libero,776419,4884064,41.2,27,,,,,Irriguo
RN,RN34-00,Pozzo,RIMINI,0590ER-DQ2-CCS,Conoide Marecchia - confinato superiore,785421,4884848,3,30,Fondo foro,1,26.6,29.5,civile
RN,RN36-00,Pozzo,RICCIONE,0600ER-DQ2-CCS,Conoide Conca - confinato superiore,794961,4876586,13.5,33,,,,,civile
RN,RN38-00,Pozzo,SAN GIOVANNI IN MARIGNANO,0600ER-DQ2-CCS,Conoide Conca - confinato superiore,799246,4872215,21,34.3,,,,,civile
RN,RN38-01,Pozzo,SAN GIOVANNI IN MARIGNANO,0290ER-DQ1-CL,Conoide Conca - libero,798396,4872593,25,38,,,,,civile
RN,RN59-00,Pozzo,BELLARIA-IGEA MARINA,2590ER-DQ2-CCI,Conoide Marecchia - confinato inferiore,778854,4890670,10.5,234,,5,42,219,Acquedottistico
RN,RN60-01,Pozzo,RIMINI,0590ER-DQ2-CCS,Conoide Marecchia - confinato superiore,778815,4885449,28.5,78,,1,65.5,71.5,civile
RN,RN62-00,Pozzo,CATTOLICA,0600ER-DQ2-CCS,Conoide Conca - confinato superiore,800113,4873916,10.29,35.6,,2,10,15.5,civile
RN,RN63-01,Pozzo,RIMINI,9015ER-DQ1-FPF,Freatico di pianura fluviale,786274,4881805,13.6,7,,,,,Domestico
RN,RN66-00,Pozzo,RICCIONE,9015ER-DQ1-FPF,Freatico di pianura fluviale,792434,4877742,12.08,8,,,,,Domestico
RN,RN67-00,Pozzo,MISANO ADRIATICO,0600ER-DQ2-CCS,Conoide Conca - confinato superiore,798091,4874982,4,32.3,,,,,Acquedottistico
RN,RN67-01,Pozzo,MISANO ADRIATICO,0600ER-DQ2-CCS,Conoide Conca - confinato superiore,796795,4875645,4,42,Fondo foro,1,28.6,36.9,Acquedottistico
RN,RN68-00,Pozzo,MISANO ADRIATICO,0600ER-DQ2-CCS,Conoide Conca - confinato superiore,797093,4875432,3.1,36,,,,,civile
RN,RN70-00,Piezometro,SAN GIOVANNI IN MARIGNANO,9015ER-DQ1-FPF,Freatico di pianura fluviale,796986,4873830,18.6,15,,,,,Monitoraggio
RN,RN71-00,Pozzo,RIMINI,0590ER-DQ2-CCS,Conoide Marecchia - confinato superiore,780313,4886907,17.7,101.2,Fondo foro,1,90.7,96.7,civile
RN,RN72-00,Pozzo,RIMINI,0590ER-DQ2-CCS,Conoide Marecchia - confinato superiore,781199,4884985,17.75,105,Fondo foro,1,89,101,Acquedottistico
RN,RN73-00,Pozzo,RIMINI,0590ER-DQ2-CCS,Conoide Marecchia - confinato superiore,782375,4885516,12.9,50,,1,35,44,civile
RN,RN74-00,Pozzo,RIMINI,0590ER-DQ2-CCS,Conoide Marecchia - confinato superiore,780624,4889890,1.5,25,Fondo foro,1,20.5,23.8,civile
RN,RN76-00,Pozzo,SAN CLEMENTE,0290ER-DQ1-CL,Conoide Conca - libero,794124,4870628,75,13,,,,,Irriguo
RN,RN77-00,Pozzo,RIMINI,2590ER-DQ2-CCI,Conoide Marecchia - confinato inferiore,781240,4884920,17,119,Fondo foro,1,107,113,Acquedottistico
RN,RN-F01-00,Piezometro,RIMINI,9020ER-DQ1-FPC,Freatico di pianura costiero,781166,4889206,2,5.5,,,,,irriguo
RN,RN-F02-00,Pozzo,RIMINI,9015ER-DQ1-FPF,Freatico di pianura fluviale,786461,4881183,16,7.8,,,,,Domestico
RN,RN-F03-00,Piezometro,MISANO ADRIATICO,9020ER-DQ1-FPC,Freatico di pianura costiero,795537,4876404,4,5.7,,,,,Domestico
RN,RN-M11-00,Pozzo,NOVAFELTRIA,5100IR-AV2-VA,Depositi vallate App. Marecchia-Conca,766128,4868356,210,9.8,,,,,Acquedottistico