Codice,Tipologia stazione,Provincia,Comune,Codice_GWB-PdG_2021-2027,Nome_GWB_2021-2027,XUTM-ETRS89,YUTM-ETRS89,Quota Piano Campagna (m),Profondità pozzo (m),Posizione filtri ,N tot filtri,Inizio filtri: da m,Fine filtri: a m
BO03-01,Pozzo,BO,SAN PIETRO IN CASALE,IT080610ER-DQ2-PACS-ITB,Pianura Alluvionale Appenninica - confinato superiore,690997,4952708,16,205,,3,61,202
BO05-00,Pozzo,BO,SANT'AGATA BOLOGNESE,IT082700ER-DQ2-PACI-ITB,Pianura Alluvionale - confinato inferiore,669136,4947084,22.19,177,Fondo foro,1,168,172
BO06-00,Pozzo,BO,SAN GIOVANNI IN PERSICETO,IT082700ER-DQ2-PACI-ITB,Pianura Alluvionale - confinato inferiore,674133,4946699,17.92,615.19,,32,73.5,615.19
BO07-00,Pozzo,BO,SALA BOLOGNESE,IT080610ER-DQ2-PACS-ITB,Pianura Alluvionale Appenninica - confinato superiore,680112,4947393,22.5,125.09,Fondo foro,1,119,125.09
BO08-00,Pozzo,BO,SAN GIOVANNI IN PERSICETO,IT080610ER-DQ2-PACS-ITB,Pianura Alluvionale Appenninica - confinato superiore,676011,4943790,25.25,106,Fondo foro,1,103,106
BO11-01,Pozzo,BO,ANZOLA EMILIA,IT080410ER-DQ2-CCS,Conoide Panaro - confinato superiore,669527,4937118,44,175.92,,5,84,171.44
BO12-00,Pozzo,BO,VALSAMOGGIA,IT080410ER-DQ2-CCS,Conoide Panaro - confinato superiore,668956,4935544,48,54,,,,
BO13-00,Pozzo,BO,CALDERARA DI RENO,IT082442ER-DQ2-CCI,Conoide Reno-Lavino - confinato inferiore,677141,4935958,36.4,348,,3,180.5,347.74
BO14-00,Pozzo,BO,CALDERARA DI RENO,IT080442ER-DQ2-CCS,Conoide Reno-Lavino - confinato superiore,677197,4935970,36.89,30,Fondo foro,1,22,30
BO15-01,Pozzo,BO,ANZOLA EMILIA,IT082420ER-DQ2-CCI,Conoide Samoggia - confinato inferiore,675076,4934381,41.5,318.61,,5,127.4,306.5
BO16-00,Pozzo,BO,ANZOLA EMILIA,IT080442ER-DQ2-CCS,Conoide Reno-Lavino - confinato superiore,676572,4933961,43.19,88.3,Fondo foro,1,77.35,82.1
BO16-01,Pozzo,BO,ANZOLA EMILIA,IT080442ER-DQ2-CCS,Conoide Reno-Lavino - confinato superiore,676411,4934263,37,105,Fondo foro,1,95,100
BO17-00,Pozzo,BO,CALDERARA DI RENO,IT080442ER-DQ2-CCS,Conoide Reno-Lavino - confinato superiore,679930,4934498,37.3,75,Fondo foro,1,62,73
BO18-00,Pozzo,BO,VALSAMOGGIA,IT082420ER-DQ2-CCI,Conoide Samoggia - confinato inferiore,667844,4931516,68.51,99,,4,53,97
BO18-01,Pozzo,BO,VALSAMOGGIA,IT080150ER-DQ1-CL,Conoide Samoggia - libero,666872,4930794,75,100,,,,
BO19-00,Pozzo,BO,VALSAMOGGIA,IT082420ER-DQ2-CCI,Conoide Samoggia - confinato inferiore,672674,4932138,49.16,85,,2,55,83.3
BO20-00,Pozzo,BO,BOLOGNA,IT080160ER-DQ1-CL,Conoide Reno-Lavino - libero,680192,4931629,47.43,131,,3,65,125
BO20-01,Pozzo,BO,BOLOGNA,IT082442ER-DQ2-CCI,Conoide Reno-Lavino - confinato inferiore,681784,4931646,42,344,,12,143.4,324
BO23-00,Pozzo,BO,BENTIVOGLIO,IT082700ER-DQ2-PACI-ITB,Pianura Alluvionale - confinato inferiore,691580,4946084,13.44,391,,3,323,382.4
BO23-01,Pozzo,BO,BENTIVOGLIO,IT080610ER-DQ2-PACS-ITB,Pianura Alluvionale Appenninica - confinato superiore,692260,4944161,15.85,115,,,,
BO24-01,Pozzo,BO,SALA BOLOGNESE,IT080610ER-DQ2-PACS-ITB,Pianura Alluvionale Appenninica - confinato superiore,682073,4942667,24.6,100,,,,
BO25-03,Pozzo,BO,ARGELATO,IT080610ER-DQ2-PACS-ITB,Pianura Alluvionale Appenninica - confinato superiore,687588,4942301,23.4,133,Fondo foro,1,122.3,132.6
BO26-00,Pozzo,BO,GRANAROLO DELL'EMILIA,IT080610ER-DQ2-PACS-ITB,Pianura Alluvionale Appenninica - confinato superiore,692735,4938114,24.33,140,Fondo foro,1,125,132
BO26-01,Pozzo,BO,GRANAROLO DELL'EMILIA,IT080610ER-DQ2-PACS-ITB,Pianura Alluvionale Appenninica - confinato superiore,695084,4938007,21,140,,,,
BO27-00,Pozzo,BO,CALDERARA DI RENO,IT080442ER-DQ2-CCS,Conoide Reno-Lavino - confinato superiore,683070,4935411,30.58,450.94,,11,100.01,429.53
BO28-00,Pozzo,BO,CASTEL MAGGIORE,IT080610ER-DQ2-PACS-ITB,Pianura Alluvionale Appenninica - confinato superiore,688501,4936637,28.8,67,Fondo foro,1,58,67
BO29-00,Pozzo,BO,GRANAROLO DELL'EMILIA,IT082700ER-DQ2-PACI-ITB,Pianura Alluvionale - confinato inferiore,693713,4936362,26.64,231.35,,2,120,231.35
BO30-00,Pozzo,BO,BOLOGNA,IT082442ER-DQ2-CCI,Conoide Reno-Lavino - confinato inferiore,682893,4931879,39.82,351.93,,10,156,334
BO30-01,Pozzo,BO,BOLOGNA,IT082442ER-DQ2-CCI,Conoide Reno-Lavino - confinato inferiore,682915,4931988,40.84,350,,11,101,323.5
BO32-00,Pozzo,BO,BOLOGNA,IT080462ER-DQ2-CCS,Conoide Savena - confinato superiore,690256,4932321,41.1,211,,4,95.5,203.3
BO33-00,Pozzo,BO,GRANAROLO DELL'EMILIA,IT080462ER-DQ2-CCS,Conoide Savena - confinato superiore,692966,4932801,39.98,375,,9,84.09,354.11
BO36-01,Pozzo,BO,BUDRIO,IT080610ER-DQ2-PACS-ITB,Pianura Alluvionale Appenninica - confinato superiore,704526,4940673,16.2,516,,,,
BO37-00,Pozzo,BO,BUDRIO,IT082700ER-DQ2-PACI-ITB,Pianura Alluvionale - confinato inferiore,697601,4937796,21.46,165,,,,
BO38-00,Pozzo,BO,BUDRIO,IT082700ER-DQ2-PACI-ITB,Pianura Alluvionale - confinato inferiore,701070,4934896,23.64,475,,2,389,474
BO40-02,Pozzo,BO,MOLINELLA,IT082700ER-DQ2-PACI-ITB,Pianura Alluvionale - confinato inferiore,712284,4945264,7.74,176,,1,137,159
BO41-00,Pozzo,BO,MEDICINA,IT082700ER-DQ2-PACI-ITB,Pianura Alluvionale - confinato inferiore,713599,4938274,10.9,500,Fondo foro,1,477,500
BO43-01,Pozzo,BO,MOLINELLA,IT082700ER-DQ2-PACI-ITB,Pianura Alluvionale - confinato inferiore,708368,4936856,10.67,190,,,,
BO44-00,Pozzo,BO,MEDICINA,IT082700ER-DQ2-PACI-ITB,Pianura Alluvionale - confinato inferiore,716532,4931281,7.9,440,,3,230,410
BO47-01,Pozzo,BO,BOLOGNA,IT080160ER-DQ1-CL,Conoide Reno-Lavino - libero,680182,4929208,53.8,110,Fondo foro,1,89,108
BO50-00,Pozzo,BO,BOLOGNA,IT082462ER-DQ2-CCI,Conoide Savena - confinato inferiore,689421,4928818,55.23,269.58,,9,78.54,249.97
BO50-01,Pozzo,BO,BOLOGNA,IT082462ER-DQ2-CCI,Conoide Savena - confinato inferiore,689537,4928883,55.23,272.01,,11,80,256
BO50-02,Pozzo,BO,BOLOGNA,IT082462ER-DQ2-CCI,Conoide Savena - confinato inferiore,689316,4928818,55.23,276.77,,11,84,261.5
BO52-00,Pozzo,BO,BOLOGNA,IT080170ER-DQ1-CL,Conoide Savena - libero,689193,4925716,73.26,14,,,,
BO53-02,Pozzo,BO,SAN LAZZARO DI SAVENA,IT080470ER-DQ2-CCS,Conoide Zena-Idice - confinato superiore,692897,4926261,66,70,,,,
BO53-03,Pozzo,BO,SAN LAZZARO DI SAVENA,IT082470ER-DQ2-CCI,Conoide Zena-Idice - confinato inferiore,692456,4927345,55,93,,1,56.5,61.3
BO55-01,Pozzo,BO,CASTENASO,IT080470ER-DQ2-CCS,Conoide Zena-Idice - confinato superiore,696514,4928048,47.5,84,,,,
BO55-02,Pozzo,BO,SAN LAZZARO DI SAVENA,IT080470ER-DQ2-CCS,Conoide Zena-Idice - confinato superiore,695621,4927462,54.6,87.8,,9,17,87
BO56-01,Pozzo,BO,SAN LAZZARO DI SAVENA,IT082470ER-DQ2-CCI,Conoide Zena-Idice - confinato inferiore,695449,4925917,52.42,203.04,,5,80.5,185.45
BO57-01,Pozzo,BO,OZZANO DELL'EMILIA,IT080470ER-DQ2-CCS,Conoide Zena-Idice - confinato superiore,696479,4924615,61.4,81,,2,45,81
BO58-00,Pozzo,BO,CASTEL SAN PIETRO TERME,IT082700ER-DQ2-PACI-ITB,Pianura Alluvionale - confinato inferiore,704957,4925609,37.4,453,,2,354,444.39
BO60-00,Pozzo,BO,CASTEL SAN PIETRO TERME,IT080660ER-DET1-CMSG,Conoidi montane e Sabbie gialle orientali,704907,4919915,75.5,136,,4,36.4,131.3
BO61-00,Pozzo,BO,CASTEL SAN PIETRO TERME,IT082492ER-DQ2-CCI,Conoide Sillaro-Sellustra - confinato inferiore,706826,4919601,59.65,101,,6,73.3,95.72
BO62-01,Pozzo,BO,MEDICINA,IT082700ER-DQ2-PACI-ITB,Pianura Alluvionale - confinato inferiore,710530,4929431,19.9,259,,2,177,245
BO65-00,Pozzo,BO,IMOLA,IT082700ER-DQ2-PACI-ITB,Pianura Alluvionale - confinato inferiore,717206,4926821,17.34,235,Fondo foro,1,221,235
BO66-00,Pozzo,BO,DOZZA,IT082492ER-DQ2-CCI,Conoide Sillaro-Sellustra - confinato inferiore,710921,4920769,43.2,190,,2,96,189
BO67-02,Pozzo,BO,IMOLA,IT080510ER-DQ2-CCS,Conoide Santerno - confinato superiore,718087,4921334,23.4,59,Fondo foro,1,54,58
BO68-00,Pozzo,BO,DOZZA,IT082492ER-DQ2-CCI,Conoide Sillaro-Sellustra - confinato inferiore,709768,4918965,59.7,196.4,Fondo foro,1,188.9,196.4
BO69-00,Pozzo,BO,IMOLA,IT082510ER-DQ2-CCI,Conoide Santerno - confinato inferiore,717196,4917436,33.2,101,,4,53,98.9
BO70-01,Pozzo,BO,DOZZA,IT082492ER-DQ2-CCI,Conoide Sillaro-Sellustra - confinato inferiore,710050,4918123,67,201,,4,93,180
BO71-01,Pozzo,BO,IMOLA,IT080210ER-DQ1-CL,Conoide Santerno - libero,715791,4916868,42,97,,2,54,97
BO72-00,Pozzo,BO,IMOLA,IT082510ER-DQ2-CCI,Conoide Santerno - confinato inferiore,720981,4915871,31.2,62,,4,47,61
BO73-00,Pozzo,BO,IMOLA,IT080660ER-DET1-CMSG,Conoidi montane e Sabbie gialle orientali,719825,4912888,58.8,97,,,,
BO75-00,Pozzo,BO,CASTENASO,IT080470ER-DQ2-CCS,Conoide Zena-Idice - confinato superiore,692566,4929401,49.17,104,,6,52.5,97.5
BO75-01,Pozzo,BO,CASTENASO,IT080470ER-DQ2-CCS,Conoide Zena-Idice - confinato superiore,693061,4929852,48,46,,,,
BO77-01,Pozzo,BO,VALSAMOGGIA,IT080420ER-DQ2-CCS,Conoide Samoggia - confinato superiore,671263,4931041,60,100,,,,
BO78-01,Pozzo,BO,BOLOGNA,IT082700ER-DQ2-PACI-ITB,Pianura Alluvionale - confinato inferiore,689825,4933567,37.46,450.63,,9,135,420.45
BO79-00,Pozzo,BO,IMOLA,IT082700ER-DQ2-PACI-ITB,Pianura Alluvionale - confinato inferiore,721626,4928881,8,459,,9,165.25,454.55
BO82-01,Pozzo,BO,CREVALCORE,IT080620ER-DQ2-TPAPCS-ITB,Transizione Pianura Appenninica-Padana - confinato superiore,680090,4962867,16,85,,,,
BO83-00,Pozzo,BO,GALLIERA,IT082700ER-DQ2-PACI-ITB,Pianura Alluvionale - confinato inferiore,690975,4958871,13.77,190,,,,
BO84-01,Pozzo,BO,CASTEL SAN PIETRO TERME,IT080492ER-DQ2-CCS,Conoide Sillaro-Sellustra - confinato superiore,706413,4922717,51.2,20,,,,
BO87-01,Pozzo,BO,CALDERARA DI RENO,IT082442ER-DQ2-CCI,Conoide Reno-Lavino - confinato inferiore,680579,4938855,25,,,,,
BO88-02,Pozzo,BO,ZOLA PREDOSA,IT080160ER-DQ1-CL,Conoide Reno-Lavino - libero,676914,4928322,77,101.93,,3,29.07,99.7
BO89-00,Pozzo,BO,ZOLA PREDOSA,IT082442ER-DQ2-CCI,Conoide Reno-Lavino - confinato inferiore,674322,4930012,73.8,226.3,,8,106.78,223.8
BO92-00,Pozzo,BO,ANZOLA EMILIA,IT082420ER-DQ2-CCI,Conoide Samoggia - confinato inferiore,672582,4936972,35.72,150,,2,88.5,147
BO95-00,Pozzo,BO,BUDRIO,IT082700ER-DQ2-PACI-ITB,Pianura Alluvionale - confinato inferiore,702423,4935153,23.5,486,,3,246,476
BO99-00,Pozzo,BO,GRANAROLO DELL'EMILIA,IT080610ER-DQ2-PACS-ITB,Pianura Alluvionale Appenninica - confinato superiore,691566,4935651,29.8,213,,3,88.82,212.75
BOA5-00,Pozzo,BO,CASTENASO,IT080470ER-DQ2-CCS,Conoide Zena-Idice - confinato superiore,695616,4930400,39.01,159,,2,61,74.5
BOA6-01,Pozzo,BO,DOZZA,IT082492ER-DQ2-CCI,Conoide Sillaro-Sellustra - confinato inferiore,711138,4917725,68.4,165,,,,
BOA7-00,Pozzo,BO,MOLINELLA,IT082700ER-DQ2-PACI-ITB,Pianura Alluvionale - confinato inferiore,714286,4942901,7.3,190,,1,175,183.75
BOB3-00,Pozzo,BO,CREVALCORE,IT080610ER-DQ2-PACS-ITB,Pianura Alluvionale Appenninica - confinato superiore,672436,4955556,15.87,100,,,,
BOB8-00,Pozzo,BO,CREVALCORE,IT080620ER-DQ2-TPAPCS-ITB,Transizione Pianura Appenninica-Padana - confinato superiore,670194,4959181,19.21,80,Fondo foro,1,70,76
BOE8-00,Pozzo,BO,VALSAMOGGIA,IT080150ER-DQ1-CL,Conoide Samoggia - libero,667087,4928063,100,21,,,,
BOE9-00,Pozzo,BO,BOLOGNA,IT080160ER-DQ1-CL,Conoide Reno-Lavino - libero,678075,4933190,44.9,68,Fondo foro,1,64,68
BOE9-01,Pozzo,BO,BOLOGNA,IT080160ER-DQ1-CL,Conoide Reno-Lavino - libero,678135,4933504,41.7,70,,,,
BO-F01-00,Pozzo,BO,SALA BOLOGNESE,IT089015ER-DQ1-FPF-ITB,Freatico di pianura fluviale,677394,4940978,24.2,6.6,,,,
BO-F02-00,Pozzo,BO,SALA BOLOGNESE,IT089015ER-DQ1-FPF-ITB,Freatico di pianura fluviale,681965,4942653,24.2,7.5,,,,
BO-F04-00,Pozzo,BO,MALALBERGO,IT089015ER-DQ1-FPF-ITB,Freatico di pianura fluviale,699177,4949318,12.3,7.3,,,,
BO-F07-00,Pozzo,BO,SAN GIOVANNI IN PERSICETO,IT089015ER-DQ1-FPF-ITB,Freatico di pianura fluviale,676768,4948948,18.1,7,,,,
BO-F08-00,Pozzo,BO,ARGELATO,IT089015ER-DQ1-FPF-ITB,Freatico di pianura fluviale,684902,4947067,21.2,6.7,,,,
BO-F11-00,Pozzo,BO,MOLINELLA,IT089015ER-DQ1-FPF-ITB,Freatico di pianura fluviale,705857,4940727,14.3,7.2,,,,
BO-F12-00,Pozzo,BO,CASTENASO,IT089015ER-DQ1-FPF-ITB,Freatico di pianura fluviale,699279,4932056,31,6.65,,,,
BO-F13-00,Pozzo,BO,CASTENASO,IT089015ER-DQ1-FPF-ITB,Freatico di pianura fluviale,695284,4934008,34.5,7.65,,,,
BO-F15-00,Pozzo,BO,CASTEL GUELFO DI BOLOGNA,IT089015ER-DQ1-FPF-ITB,Freatico di pianura fluviale,711231,4923429,37,6.3,,,,
BO-F16-00,Pozzo,BO,IMOLA,IT089015ER-DQ1-FPF-ITB,Freatico di pianura fluviale,715642,4923009,27.6,10,,,,
BO-F18-00,Pozzo,BO,MORDANO,IT089015ER-DQ1-FPF-ITB,Freatico di pianura fluviale,724554,4920253,19.7,7.5,,,,
BOF2-01,Pozzo,BO,CASTELLO D'ARGILE,IT080610ER-DQ2-PACS-ITB,Pianura Alluvionale Appenninica - confinato superiore,682666,4952366,19.2,100,,,,
BO-F21-00,Pozzo,BO,BOLOGNA,IT089015ER-DQ1-FPF-ITB,Freatico di pianura fluviale,678805,4934906,36.7,7.4,,,,
BOF3-00,Pozzo,BO,OZZANO DELL'EMILIA,IT080482ER-DQ2-CC,Conoide Quaderna - confinato,700760,4926540,39,80,,,,
BOF3-01,Pozzo,BO,OZZANO DELL'EMILIA,IT080482ER-DQ2-CC,Conoide Quaderna - confinato,701768,4926171,37.5,75,,,,
BOF6-00,Pozzo,BO,ZOLA PREDOSA,IT080160ER-DQ1-CL,Conoide Reno-Lavino - libero,677832,4929734,64.5,131.9,,5,90.3,130.85
BOF7-00,Piezometro,BO,BENTIVOGLIO,IT080610ER-DQ2-PACS-ITB,Pianura Alluvionale Appenninica - confinato superiore,691203,4942161,18.7,80,,2,41,74
BOF8-00,Piezometro,BO,BOLOGNA,IT080442ER-DQ2-CCS,Conoide Reno-Lavino - confinato superiore,682966,4931939,39.19,60,Fondo foro,1,50,60
BOF9-00,Piezometro,BO,CASTELLO D'ARGILE,IT080610ER-DQ2-PACS-ITB,Pianura Alluvionale Appenninica - confinato superiore,680802,4950302,19,200,,1,100,130
BOG0-00,Piezometro,BO,IMOLA,IT080210ER-DQ1-CL,Conoide Santerno - libero,718555,4915467,36.5,183.5,Fondo foro,1,154,183.5
BOH0-00,Pozzo,BO,SAN LAZZARO DI SAVENA,IT080192ER-DQ1-CL,Conoide Zena-Idice - libero,692784,4924110,79,51,,,,
BOH1-00,Pozzo,BO,SAN LAZZARO DI SAVENA,IT080192ER-DQ1-CL,Conoide Zena-Idice - libero,694780,4924511,71,100,,,,
BOH2-00,Pozzo,BO,DOZZA,IT080660ER-DET1-CMSG,Conoidi montane e Sabbie gialle orientali,709871,4917220,76,16,,,,
BOH2-01,Pozzo,BO,DOZZA,IT080660ER-DET1-CMSG,Conoidi montane e Sabbie gialle orientali,709980,4917172,76,15,,,,
BOK1-00,Pozzo,BO,CASTEL SAN PIETRO TERME,IT080200ER-DQ1-CL,Conoide Sillaro - libero,706731,4917663,84.5,14,,,,
BOK2-00,Pozzo,BO,CASTEL SAN PIETRO TERME,IT080200ER-DQ1-CL,Conoide Sillaro - libero,708077,4920226,59.5,80,,,,
BOK3-00,Pozzo,BO,VALSAMOGGIA,IT080420ER-DQ2-CCS,Conoide Samoggia - confinato superiore,672484,4936180,37,30,Fondo foro,1,20,25
BOK5-00,Pozzo,BO,MEDICINA,IT080492ER-DQ2-CCS,Conoide Sillaro-Sellustra - confinato superiore,709366,4927310,28,28,,,,
BOK9-00,Pozzo,BO,MINERBIO,IT080610ER-DQ2-PACS-ITB,Pianura Alluvionale Appenninica - confinato superiore,696947,4942912,18,87,,2,75,87
FC01-00,Pozzo,FC,FORLÌ,IT080610ER-DQ2-PACS-ITB,Pianura Alluvionale Appenninica - confinato superiore,745412,4902354,22,176,,2,116.4,166
FC02-00,Pozzo,FC,FORLÌ,IT080540ER-DQ2-CCS,Conoide Ronco-Montone - confinato superiore,737408,4900953,39.1,30,,,,
FC03-02,Pozzo,FC,FORLÌ,IT082540ER-DQ2-CCI,Conoide Ronco-Montone - confinato inferiore,742205,4898227,41,44,Fondo foro,1,38,44
FC04-00,Pozzo,FC,FORLIMPOPOLI,IT080540ER-DQ2-CCS,Conoide Ronco-Montone - confinato superiore,749779,4897241,31,41.9,,,,
FC06-02,Pozzo,FC,CESENA,IT080550ER-DQ2-CCS,Conoide Savio - confinato superiore,757142,4894783,33.5,131.5,,4,52.5,122.4
FC06-03,Pozzo,FC,CESENA,IT080550ER-DQ2-CCS,Conoide Savio - confinato superiore,757656,4894146,35,71,Fondo foro,1,60.27,66.07
FC07-02,Pozzo,FC,GAMBETTOLA,IT080610ER-DQ2-PACS-ITB,Pianura Alluvionale Appenninica - confinato superiore,769221,4889764,20.7,40,Fondo foro,1,36,40
FC12-00,Pozzo,FC,FORLÌ,IT082700ER-DQ2-PACI-ITB,Pianura Alluvionale - confinato inferiore,745334,4908329,17.03,200,Fondo foro,1,199,200
FC13-00,Pozzo,FC,FORLÌ,IT082700ER-DQ2-PACI-ITB,Pianura Alluvionale - confinato inferiore,742537,4904150,23.46,150,Fondo foro,1,149,150
FC14-02,Pozzo,FC,FORLÌ,IT082700ER-DQ2-PACI-ITB,Pianura Alluvionale - confinato inferiore,748563,4900097,24.5,170.3,Fondo foro,1,156.9,160.3
FC16-01,Pozzo,FC,SAVIGNANO SUL RUBICONE,IT080610ER-DQ2-PACS-ITB,Pianura Alluvionale Appenninica - confinato superiore,775163,4896146,1,218,,2,90,218
FC18-00,Pozzo,FC,CESENATICO,IT080610ER-DQ2-PACS-ITB,Pianura Alluvionale Appenninica - confinato superiore,769089,4894534,11.2,107,,,,
FC19-00,Pozzo,FC,FORLÌ,IT082700ER-DQ2-PACI-ITB,Pianura Alluvionale - confinato inferiore,741051,4909431,17,300,Fondo foro,1,278.2,282.6
FC19-02,Pozzo,FC,FORLÌ,IT080610ER-DQ2-PACS-ITB,Pianura Alluvionale Appenninica - confinato superiore,739672,4906371,19.3,70,Fondo foro,1,65,70
FC19-03,Pozzo,FC,FORLÌ,IT080610ER-DQ2-PACS-ITB,Pianura Alluvionale Appenninica - confinato superiore,741133,4907692,16,76,Fondo foro,1,73,76
FC20-00,Pozzo,FC,FORLÌ,IT082540ER-DQ2-CCI,Conoide Ronco-Montone - confinato inferiore,741466,4901290,29.7,108.5,Fondo foro,1,101,108.5
FC22-00,Pozzo,FC,FORLÌ,IT080610ER-DQ2-PACS-ITB,Pianura Alluvionale Appenninica - confinato superiore,749384,4904116,19.7,200,,,,
FC25-00,Pozzo,FC,CESENA,IT080550ER-DQ2-CCS,Conoide Savio - confinato superiore,765677,4896373,12.4,88.9,Fondo foro,1,84,88
FC27-00,Pozzo,FC,CESENA,IT080550ER-DQ2-CCS,Conoide Savio - confinato superiore,759087,4897759,24.3,90,,,,
FC28-03,Pozzo,FC,CESENA,IT080270ER-DQ1-CL,Conoide Savio - libero,755996,4889685,51.6,23,,,,
FC41-00,Pozzo,FC,CESENA,IT080550ER-DQ2-CCS,Conoide Savio - confinato superiore,762976,4897161,14.5,30,,,,
FC43-00,Pozzo,FC,GATTEO,IT082700ER-DQ2-PACI-ITB,Pianura Alluvionale - confinato inferiore,772727,4894282,6,182,Fondo foro,1,171,182
FC50-02,Pozzo,FC,FORLÌ,IT082700ER-DQ2-PACI-ITB,Pianura Alluvionale - confinato inferiore,745193,4901314,22,162.12,,1,140.42,154.12
FC52-00,Pozzo,FC,FORLÌ,IT082700ER-DQ2-PACI-ITB,Pianura Alluvionale - confinato inferiore,754245,4901885,16,256,Fondo foro,1,238,256
FC53-00,Pozzo,FC,FORLIMPOPOLI,IT082540ER-DQ2-CCI,Conoide Ronco-Montone - confinato inferiore,749482,4897978,27,400,,4,25,345
FC56-00,Pozzo,FC,CESENA,IT080550ER-DQ2-CCS,Conoide Savio - confinato superiore,760890,4901578,12,89,,,,
FC57-03,Pozzo,FC,GAMBETTOLA,IT080565ER-DQ2-CCS,Conoide Pisciatello-Rubicone-Uso - confinato superiore,765900,4890320,32,50,Fondo foro,1,31.4,45.2
FC70-00,Pozzo,FC,SAN MAURO PASCOLI,IT080590ER-DQ2-CCS,Conoide Marecchia - confinato superiore,775377,4889943,15,40,,,,
FC71-00,Piezometro,FC,FORLÌ,IT082540ER-DQ2-CCI,Conoide Ronco-Montone - confinato inferiore,741252,4901195,30,141.5,Fondo foro,1,132.5,141.5
FC73-00,Piezometro,FC,FORLÌ,IT082540ER-DQ2-CCI,Conoide Ronco-Montone - confinato inferiore,744374,4897325,35,56,Fondo foro,1,38,50
FC77-00,Piezometro,FC,FORLÌ,IT082700ER-DQ2-PACI-ITB,Pianura Alluvionale - confinato inferiore,751113,4901473,20,128,Fondo foro,1,120,128
FC79-01,Pozzo,FC,BERTINORO,IT080610ER-DQ2-PACS-ITB,Pianura Alluvionale Appenninica - confinato superiore,754406,4899487,27,70,,1,24,27
FC80-02,Pozzo,FC,CESENA,IT080550ER-DQ2-CCS,Conoide Savio - confinato superiore,757412,4895571,29,83,Fondo foro,1,76,78
FC80-03,Pozzo,FC,CESENA,IT080550ER-DQ2-CCS,Conoide Savio - confinato superiore,757312,4895953,28,70,Fondo foro,1,63,65
FC81-03,Pozzo,FC,CESENATICO,IT080610ER-DQ2-PACS-ITB,Pianura Alluvionale Appenninica - confinato superiore,770077,4900261,0.3,99,,,,
FC81-04,Pozzo,FC,CESENATICO,IT080610ER-DQ2-PACS-ITB,Pianura Alluvionale Appenninica - confinato superiore,772420,4898589,2.5,105,,,,
FC83-00,Pozzo,FC,FORLÌ,IT082540ER-DQ2-CCI,Conoide Ronco-Montone - confinato inferiore,744553,4898760,28,100,,2,57,85
FC83-01,Pozzo,FC,FORLÌ,IT082540ER-DQ2-CCI,Conoide Ronco-Montone - confinato inferiore,744603,4898725,27.9,90.6,,2,56.7,86.6
FC85-00,Pozzo,FC,FORLIMPOPOLI,IT080245ER-DQ1-CL,Conoide Ronco-Montone - libero,747556,4896538,23,22.65,,,,
FC86-00,Pozzo,FC,FORLÌ,IT082700ER-DQ2-PACI-ITB,Pianura Alluvionale - confinato inferiore,738934,4903088,26,249.5,,3,205.4,242
FC89-00,Pozzo,FC,FORLÌ,IT080245ER-DQ1-CL,Conoide Ronco-Montone - libero,745925,4893453,47,10,,,,
FC90-00,Pozzo,FC,CESENA,IT080270ER-DQ1-CL,Conoide Savio - libero,757886,4893264,25,125,,1,63.5,72
FC93-00,Pozzo,FC,FORLÌ,IT082700ER-DQ2-PACI-ITB,Pianura Alluvionale - confinato inferiore,746304,4901831,22,132,Fondo foro,1,120,129
FC94-00,Pozzo,FC,CASTROCARO TERME E TERRA DEL SOLE,IT085090ER-AV2-VA,Depositi vallate App. Senio-Savio,736705,4896222,55,13.5,,,,
FC95-00,Pozzo,FC,MELDOLA,IT085090ER-AV2-VA,Depositi vallate App. Senio-Savio,744829,4888543,81,5,,,,
FC96-00,Pozzo,FC,CESENA,IT085090ER-AV2-VA,Depositi vallate App. Senio-Savio,754308,4882052,73,5.5,,,,
FC97-00,Pozzo,FC,FORLÌ,IT080245ER-DQ1-CL,Conoide Ronco-Montone - libero,738566,4899203,47.1,42,,,,
FC98-00,Pozzo,FC,FORLÌ,IT080245ER-DQ1-CL,Conoide Ronco-Montone - libero,741429,4895561,53,8,,,,
FC99-00,Pozzo,FC,FORLÌ,IT080540ER-DQ2-CCS,Conoide Ronco-Montone - confinato superiore,746228,4900780,22.4,80,,1,61.5,68.5
FCA0-00,Pozzo,FC,CESENA,IT082550ER-DQ2-CCI,Conoide Savio - confinato inferiore,757656,4894146,35,110,Fondo foro,1,73.7,98
FC-F01-00,Pozzo,FC,FORLÌ,IT089015ER-DQ1-FPF-ITB,Freatico di pianura fluviale,742161,4912623,14.4,11.59,,,,
FC-F04-00,Pozzo,FC,FORLIMPOPOLI,IT089015ER-DQ1-FPF-ITB,Freatico di pianura fluviale,750030,4899225,25.6,10.52,,,,
FC-F06-00,Pozzo,FC,CESENA,IT089015ER-DQ1-FPF-ITB,Freatico di pianura fluviale,760216,4896293,27.3,8.69,,,,
FC-F07-00,Pozzo,FC,GATTEO,IT089015ER-DQ1-FPF-ITB,Freatico di pianura fluviale,771211,4889465,21.4,9.04,,,,
FE01-01,Pozzo,FE,BONDENO,IT080630ER-DQ2-PPCS,Pianura Alluvionale Padana - confinato superiore,690795,4978495,12.5,35,,2,21,34
FE05-02,Pozzo,FE,FERRARA,IT080630ER-DQ2-PPCS,Pianura Alluvionale Padana - confinato superiore,704595,4973733,10.12,37.55,,1,22,32.05
FE05-03,Pozzo,FE,FERRARA,IT080630ER-DQ2-PPCS,Pianura Alluvionale Padana - confinato superiore,704670,4973700,10.12,34.5,,1,16.1,31.2
FE07-01,Pozzo,FE,RIVA DEL PO,IT080630ER-DQ2-PPCS,Pianura Alluvionale Padana - confinato superiore,718990,4981747,3.3,50,,1,23.2,46
FE09-01,Pozzo,FE,FERRARA,IT080640ER-DQ2-PCC-ITB,Pianura Alluvionale Costiera - confinato,714625,4970293,5,38,Fondo foro,1,30,36
FE12-00,Pozzo,FE,TRESIGNANA,IT080630ER-DQ2-PPCS,Pianura Alluvionale Padana - confinato superiore,726466,4969250,2.5,130,,1,95,129
FE13-01,Pozzo,FE,RIVA DEL PO,IT080630ER-DQ2-PPCS,Pianura Alluvionale Padana - confinato superiore,733775,4984419,0.72,49,,1,29,35
FE15-00,Pozzo,FE,RIVA DEL PO,IT080630ER-DQ2-PPCS,Pianura Alluvionale Padana - confinato superiore,743260,4982671,-2.3,26,,,,
FE16-00,Pozzo,FE,ARGENTA,IT080640ER-DQ2-PCC-ITB,Pianura Alluvionale Costiera - confinato,747705,4938463,0.12,200,,,,
FE18-01,Pozzo,FE,MESOLA,IT080640ER-DQ2-PCC-ITB,Pianura Alluvionale Costiera - confinato,755380,4973165,-1.03,170,,,,
FE18-02,Pozzo,FE,CODIGORO,IT080640ER-DQ2-PCC-ITB,Pianura Alluvionale Costiera - confinato,751375,4971717,-0.7,160,Fondo foro,1,135,155
FE19-04,Pozzo,FE,CODIGORO,IT080640ER-DQ2-PCC-ITB,Pianura Alluvionale Costiera - confinato,742967,4970243,-3,141,Fondo foro,1,120,138
FE21-00,Pozzo,FE,GORO,IT080640ER-DQ2-PCC-ITB,Pianura Alluvionale Costiera - confinato,759844,4971650,-1.61,34.7,,,,
FE22-00,Pozzo,FE,TERRE DEL RENO,IT082700ER-DQ2-PACI-ITB,Pianura Alluvionale - confinato inferiore,685137,4960021,13.5,172,,,,
FE23-00,Pozzo,FE,TERRE DEL RENO,IT080620ER-DQ2-TPAPCS-ITB,Transizione Pianura Appenninica-Padana - confinato superiore,690581,4964056,17.88,140.2,,3,72.12,140.19
FE24-03,Pozzo,FE,CENTO,IT082700ER-DQ2-PACI-ITB,Pianura Alluvionale - confinato inferiore,682224,4955674,14.3,123.5,,1,114.5,123.5
FE30-00,Pozzo,FE,FERRARA,IT080620ER-DQ2-TPAPCS-ITB,Transizione Pianura Appenninica-Padana - confinato superiore,703494,4960438,10.45,102,Fondo foro,1,85,102
FE33-00,Pozzo,FE,FERRARA,IT080620ER-DQ2-TPAPCS-ITB,Transizione Pianura Appenninica-Padana - confinato superiore,711280,4961583,3,123,Fondo foro,1,98,123
FE34-01,Pozzo,FE,FERRARA,IT080620ER-DQ2-TPAPCS-ITB,Transizione Pianura Appenninica-Padana - confinato superiore,712605,4955291,5.59,117,Fondo foro,1,96,116
FE34-02,Pozzo,FE,FERRARA,IT080620ER-DQ2-TPAPCS-ITB,Transizione Pianura Appenninica-Padana - confinato superiore,709642,4957129,7.4,81.6,Fondo foro,1,58,81
FE35-00,Pozzo,FE,ARGENTA,IT082700ER-DQ2-PACI-ITB,Pianura Alluvionale - confinato inferiore,708486,4953080,7.91,138,Fondo foro,1,133.6,138
FE36-01,Pozzo,FE,MASI TORELLO,IT080620ER-DQ2-TPAPCS-ITB,Transizione Pianura Appenninica-Padana - confinato superiore,720507,4964328,4.1,120,Fondo foro,1,105,120
FE37-00,Pozzo,FE,PORTOMAGGIORE,IT082700ER-DQ2-PACI-ITB,Pianura Alluvionale - confinato inferiore,721344,4959241,0.43,159,Fondo foro,1,135.88,153.88
FE38-00,Pozzo,FE,OSTELLATO,IT080620ER-DQ2-TPAPCS-ITB,Transizione Pianura Appenninica-Padana - confinato superiore,730536,4959854,0.9,88,Fondo foro,1,73,86
FE39-01,Pozzo,FE,OSTELLATO,IT080620ER-DQ2-TPAPCS-ITB,Transizione Pianura Appenninica-Padana - confinato superiore,727496,4958786,1,122,Fondo foro,1,101,122
FE41-01,Pozzo,FE,MIGLIARO,IT080640ER-DQ2-PCC-ITB,Pianura Alluvionale Costiera - confinato,733513,4963263,4.28,36,Fondo foro,1,34,36
FE41-02,Pozzo,FE,FISCAGLIA,IT080640ER-DQ2-PCC-ITB,Pianura Alluvionale Costiera - confinato,734408,4965154,0.3,70,Fondo foro,1,45,70
FE45-01,Pozzo,FE,COMACCHIO,IT080640ER-DQ2-PCC-ITB,Pianura Alluvionale Costiera - confinato,747136,4958603,-1.6,160,,3,45,160
FE47-01,Pozzo,FE,ARGENTA,IT082700ER-DQ2-PACI-ITB,Pianura Alluvionale - confinato inferiore,717666,4951764,0.81,110,Fondo foro,1,96,110
FE48-00,Pozzo,FE,PORTOMAGGIORE,IT080640ER-DQ2-PCC-ITB,Pianura Alluvionale Costiera - confinato,727660,4948452,0.86,80,,,,
FE49-00,Pozzo,FE,ARGENTA,IT080620ER-DQ2-TPAPCS-ITB,Transizione Pianura Appenninica-Padana - confinato superiore,725007,4944875,0.7,230,,5,17,229
FE52-00,Pozzo,FE,BONDENO,IT080630ER-DQ2-PPCS,Pianura Alluvionale Padana - confinato superiore,680585,4979784,8,36,,1,25,30
FE53-00,Pozzo,FE,BONDENO,IT080630ER-DQ2-PPCS,Pianura Alluvionale Padana - confinato superiore,685655,4972210,8.2,30,,,,
FE54-01,Pozzo,FE,LAGOSANTO,IT080640ER-DQ2-PCC-ITB,Pianura Alluvionale Costiera - confinato,747977,4959578,-1,90,Fondo foro,1,83,90
FE54-02,Pozzo,FE,LAGOSANTO,IT080640ER-DQ2-PCC-ITB,Pianura Alluvionale Costiera - confinato,748261,4961674,0.4,90,,,,
FE56-00,Pozzo,FE,FERRARA,IT080630ER-DQ2-PPCS,Pianura Alluvionale Padana - confinato superiore,702655,4970438,7,60,Fondo foro,1,42,60
FE58-01,Piezometro,FE,FERRARA,IT080640ER-DQ2-PCC-ITB,Pianura Alluvionale Costiera - confinato,705549,4971137,6,47,,,,
FE58-02,Pozzo,FE,FERRARA,IT080640ER-DQ2-PCC-ITB,Pianura Alluvionale Costiera - confinato,705536,4971213,6,45,,1,26,42
FE59-01,Pozzo,FE,FERRARA,IT082700ER-DQ2-PACI-ITB,Pianura Alluvionale - confinato inferiore,708187,4967809,6,140,Fondo foro,1,126,140
FE60-00,Pozzo,FE,FERRARA,IT080630ER-DQ2-PPCS,Pianura Alluvionale Padana - confinato superiore,705138,4965716,7.2,42,,,,
FE61-01,Pozzo,FE,FERRARA,IT080630ER-DQ2-PPCS,Pianura Alluvionale Padana - confinato superiore,714115,4976957,3.8,38,,,,
FE63-00,Pozzo,FE,CENTO,IT080620ER-DQ2-TPAPCS-ITB,Transizione Pianura Appenninica-Padana - confinato superiore,678700,4954402,18.99,101,,,,
FE64-00,Pozzo,FE,RIVA DEL PO,IT080630ER-DQ2-PPCS,Pianura Alluvionale Padana - confinato superiore,727936,4983760,2.5,70,,,,
FE65-00,Pozzo,FE,JOLANDA DI SAVOIA,IT080640ER-DQ2-PCC-ITB,Pianura Alluvionale Costiera - confinato,735836,4974726,-2.6,36,,,,
FE69-00,Pozzo,FE,OSTELLATO,IT080640ER-DQ2-PCC-ITB,Pianura Alluvionale Costiera - confinato,745041,4953044,-1.09,145,Fondo foro,1,128,145
FE70-00,Piezometro,FE,COMACCHIO,IT089020ER-DQ1-FPC-ITB,Freatico di pianura costiero,757807,4948325,2.77,2.4,,,,
FE71-00,Piezometro,FE,COMACCHIO,IT089020ER-DQ1-FPC-ITB,Freatico di pianura costiero,757488,4963960,0.77,1.6,,,,
FE72-00,Pozzo,FE,CENTO,IT082700ER-DQ2-PACI-ITB,Pianura Alluvionale - confinato inferiore,682383,4958363,13,194,,2,170,194
FE73-00,Pozzo,FE,FERRARA,IT080620ER-DQ2-TPAPCS-ITB,Transizione Pianura Appenninica-Padana - confinato superiore,705664,4957355,10,126,,2,55,126
FE74-00,Pozzo,FE,ARGENTA,IT080640ER-DQ2-PCC-ITB,Pianura Alluvionale Costiera - confinato,744292,4943212,-1.9,86,,,,
FE75-00,Pozzo,FE,COPPARO,IT080640ER-DQ2-PCC-ITB,Pianura Alluvionale Costiera - confinato,723796,4971332,1.85,30,,,,
FE77-00,Pozzo,FE,VIGARANO MAINARDA,IT080630ER-DQ2-PPCS,Pianura Alluvionale Padana - confinato superiore,697179,4968963,10.4,97,,,,
FE78-00,Pozzo,FE,BONDENO,IT082700ER-DQ2-PACI-ITB,Pianura Alluvionale - confinato inferiore,690480,4973681,9.8,63,,,,
FE78-01,Pozzo,FE,BONDENO,IT080630ER-DQ2-PPCS,Pianura Alluvionale Padana - confinato superiore,689953,4972978,8.9,34,Fondo foro,1,24,34
FE80-00,Piezometro,FE,BONDENO,IT080630ER-DQ2-PPCS,Pianura Alluvionale Padana - confinato superiore,679931,4979526,9,40,,1,7,40
FE81-00,Piezometro,FE,BONDENO,IT080630ER-DQ2-PPCS,Pianura Alluvionale Padana - confinato superiore,682819,4978747,8.4,40,,1,12,33
FE82-00,Pozzo,FE,ARGENTA,IT080620ER-DQ2-TPAPCS-ITB,Transizione Pianura Appenninica-Padana - confinato superiore,714812,4954000,4.4,85,Fondo foro,1,73,85
FE-F01-00,Pozzo,FE,BONDENO,IT089015ER-DQ1-FPF-ITB,Freatico di pianura fluviale,687196,4974399,8.3,4.9,,,,
FE-F01-01,Pozzo,FE,BONDENO,IT089015ER-DQ1-FPF-ITB,Freatico di pianura fluviale,682120,4979446,8.8,4.65,,,,
FE-F03-00,Pozzo,FE,FERRARA,IT089015ER-DQ1-FPF-ITB,Freatico di pianura fluviale,700188,4974344,6.3,5.5,,,,
FE-F04-00,Pozzo,FE,TERRE DEL RENO,IT089015ER-DQ1-FPF-ITB,Freatico di pianura fluviale,686995,4961580,13.2,7.94,,,,
FE-F04-01,Pozzo,FE,TERRE DEL RENO,IT089015ER-DQ1-FPF-ITB,Freatico di pianura fluviale,686434,4961020,14,9.2,,,,
FE-F09-00,Pozzo,FE,VOGHIERA,IT089015ER-DQ1-FPF-ITB,Freatico di pianura fluviale,717485,4959398,3.9,3.2,,,,
FE-F13-00,Pozzo,FE,COPPARO,IT089015ER-DQ1-FPF-ITB,Freatico di pianura fluviale,726662,4978146,1.5,4.69,,,,
FE-F15-00,Pozzo,FE,RIVA DEL PO,IT089015ER-DQ1-FPF-ITB,Freatico di pianura fluviale,717844,4981133,4.4,3.68,,,,
FE-F21-00,Pozzo,FE,COMACCHIO,IT089020ER-DQ1-FPC-ITB,Freatico di pianura costiero,755130,4956058,1.15,2.14,,,,
FE-F22-00,Piezometro,FE,LAGOSANTO,IT089020ER-DQ1-FPC-ITB,Freatico di pianura costiero,747369,4959658,-0.5,5.34,,,,
FE-F24-00,Pozzo,FE,MESOLA,IT089020ER-DQ1-FPC-ITB,Freatico di pianura costiero,757112,4970216,-0.1,2.59,,,,
FE-F26-00,Pozzo,FE,FISCAGLIA,IT089015ER-DQ1-FPF-ITB,Freatico di pianura fluviale,735355,4964826,1,3.75,,,,
FE-F28-00,Piezometro,FE,MESOLA,IT089020ER-DQ1-FPC-ITB,Freatico di pianura costiero,757087,4970252,-0.1,16.4,,1,1,16.4
FE-F29-00,Piezometro,FE,MESOLA,IT089020ER-DQ1-FPC-ITB,Freatico di pianura costiero,754913,4974386,0.3,12.5,,1,1,12.5
FE-F30-00,Piezometro,FE,COMACCHIO,IT089020ER-DQ1-FPC-ITB,Freatico di pianura costiero,757442,4963877,0.7,11.7,,1,1,11.7
FE-F31-00,Piezometro,FE,COMACCHIO,IT089020ER-DQ1-FPC-ITB,Freatico di pianura costiero,751608,4965796,-1.1,11.9,,1,1,11.9
FE-F32-00,Piezometro,FE,COMACCHIO,IT089020ER-DQ1-FPC-ITB,Freatico di pianura costiero,755256,4957683,-0.2,16,,1,1,16
FE-F33-00,Piezometro,FE,COMACCHIO,IT089020ER-DQ1-FPC-ITB,Freatico di pianura costiero,748044,4957253,-0.7,9.9,,1,1,9.9
FE-F34-00,Piezometro,FE,COMACCHIO,IT089020ER-DQ1-FPC-ITB,Freatico di pianura costiero,757563,4948710,1.81,8.8,,1,1,8.8
FE-F35-00,Piezometro,FE,MESOLA,IT089020ER-DQ1-FPC-ITB,Freatico di pianura costiero,755222,4979542,-2.23,14.5,,1,1,14.5
MO03-01,Pozzo,MO,MIRANDOLA,IT080630ER-DQ2-PPCS,Pianura Alluvionale Padana - confinato superiore,665202,4973006,15,34,,,,
MO03-02,Pozzo,MO,MIRANDOLA,IT080630ER-DQ2-PPCS,Pianura Alluvionale Padana - confinato superiore,664231,4973480,14,45,Fondo foro,1,35,45
MO07-01,Pozzo,MO,NOVI DI MODENA,IT080630ER-DQ2-PPCS,Pianura Alluvionale Padana - confinato superiore,652382,4966843,20.3,60,,,,
MO08-00,Pozzo,MO,CAMPOSANTO,IT080620ER-DQ2-TPAPCS-ITB,Transizione Pianura Appenninica-Padana - confinato superiore,667234,4965144,16.81,256,,7,49.3,243.6
MO10-01,Pozzo,MO,CARPI,IT080610ER-DQ2-PACS-ITB,Pianura Alluvionale Appenninica - confinato superiore,647863,4961224,27.1,120,,,,
MO11-00,Pozzo,MO,BOMPORTO,IT080610ER-DQ2-PACS-ITB,Pianura Alluvionale Appenninica - confinato superiore,658816,4957800,25.52,143,Fondo foro,1,137,143
MO12-01,Pozzo,MO,BOMPORTO,IT080610ER-DQ2-PACS-ITB,Pianura Alluvionale Appenninica - confinato superiore,661295,4954293,25,120,Fondo foro,1,117,120
MO13-01,Pozzo,MO,CAMPOGALLIANO,IT080390ER-DQ2-CCS,Conoide Secchia - confinato superiore,646967,4950441,36.5,110,Fondo foro,1,105,110
MO14-00,Pozzo,MO,MODENA,IT080610ER-DQ2-PACS-ITB,Pianura Alluvionale Appenninica - confinato superiore,652035,4952807,25.94,121,Fondo foro,1,115,121
MO15-01,Pozzo,MO,MODENA,IT080610ER-DQ2-PACS-ITB,Pianura Alluvionale Appenninica - confinato superiore,655299,4951540,29.25,120,,,,
MO16-00,Pozzo,MO,RAVARINO,IT082700ER-DQ2-PACI-ITB,Pianura Alluvionale - confinato inferiore,665873,4954168,22.28,538,,3,449,530.5
MO17-02,Pozzo,MO,NONANTOLA,IT080610ER-DQ2-PACS-ITB,Pianura Alluvionale Appenninica - confinato superiore,661132,4949049,26.3,320,,,,
MO19-00,Pozzo,MO,MODENA,IT080390ER-DQ2-CCS,Conoide Secchia - confinato superiore,642782,4943967,56.9,70,,2,17,68
MO20-00,Pozzo,MO,MODENA,IT080390ER-DQ2-CCS,Conoide Secchia - confinato superiore,651345,4943531,37.16,82,,2,64,77.5
MO20-02,Pozzo,MO,MODENA,IT080390ER-DQ2-CCS,Conoide Secchia - confinato superiore,650052,4944626,36,71,Fondo foro,1,61,71
MO20-03,Pozzo,MO,MODENA,IT080390ER-DQ2-CCS,Conoide Secchia - confinato superiore,651201,4943327,40.6,106,,2,49,66
MO22-01,Pozzo,MO,CASTELFRANCO EMILIA,IT080410ER-DQ2-CCS,Conoide Panaro - confinato superiore,662932,4943277,33.3,62,,,,
MO24-01,Pozzo,MO,SAN CESARIO SUL PANARO,IT080410ER-DQ2-CCS,Conoide Panaro - confinato superiore,660766,4938412,44.37,45,,,,
MO25-00,Pozzo,MO,SASSUOLO,IT080120ER-DQ1-CL,Conoide Secchia - libero,641385,4934288,111.5,22.8,,2,5,22.8
MO26-01,Pozzo,MO,SASSUOLO,IT080120ER-DQ1-CL,Conoide Secchia - libero,642158,4935612,102.1,70,,2,17,44
MO27-01,Pozzo,MO,FORMIGINE,IT082390ER-DQ2-CCI,Conoide Secchia - confinato inferiore,645265,4936419,92.1,80,,2,54,76
MO28-01,Pozzo,MO,FORMIGINE,IT080400ER-DQ2-CCS,Conoide Tiepido - confinato superiore,650024,4935999,81,70,,2,35,59.5
MO29-01,Pozzo,MO,CASTELVETRO DI MODENA,IT080140ER-DQ1-CL,Conoide Panaro - libero,657853,4932974,70.8,110,,,,
MO30-00,Pozzo,MO,SPILAMBERTO,IT080140ER-DQ1-CL,Conoide Panaro - libero,660534,4932763,73,118,,3,23,100
MO30-02,Pozzo,MO,SPILAMBERTO,IT080140ER-DQ1-CL,Conoide Panaro - libero,660616,4931654,79.5,90,,,,
MO31-02,Pozzo,MO,CASTELFRANCO EMILIA,IT080140ER-DQ1-CL,Conoide Panaro - libero,663446,4934309,58.2,57,,,,
MO32-01,Pozzo,MO,VIGNOLA,IT080140ER-DQ1-CL,Conoide Panaro - libero,660049,4929925,95,54,,,,
MO34-00,Pozzo,MO,MARANO,IT080140ER-DQ1-CL,Conoide Panaro - libero,657555,4925015,128.7,8.5,,1,2,8
MO35-03,Pozzo,MO,CARPI,IT080610ER-DQ2-PACS-ITB,Pianura Alluvionale Appenninica - confinato superiore,646513,4956091,31,105,Fondo foro,1,100,105
MO36-00,Pozzo,MO,MODENA,IT080120ER-DQ1-CL,Conoide Secchia - libero,647618,4941941,52,51,Fondo foro,1,42,51
MO37-02,Pozzo,MO,CARPI,IT080610ER-DQ2-PACS-ITB,Pianura Alluvionale Appenninica - confinato superiore,649636,4959512,24,95,Fondo foro,1,90,95
MO38-00,Pozzo,MO,CAVEZZO,IT080620ER-DQ2-TPAPCS-ITB,Transizione Pianura Appenninica-Padana - confinato superiore,660176,4966605,23.33,59,Fondo foro,1,53,58
MO38-02,Pozzo,MO,CAVEZZO,IT080620ER-DQ2-TPAPCS-ITB,Transizione Pianura Appenninica-Padana - confinato superiore,660176,4966605,23.33,75,Fondo foro,,,
MO41-01,Pozzo,MO,CARPI,IT080620ER-DQ2-TPAPCS-ITB,Transizione Pianura Appenninica-Padana - confinato superiore,644988,4966064,22.7,60,,,,
MO42-00,Pozzo,MO,CASTELVETRO DI MODENA,IT082400ER-DQ2-CCI,Conoide Tiepido - confinato inferiore,651596,4932533,115.24,90,,,,
MO42-01,Pozzo,MO,CASTELVETRO DI MODENA,IT082400ER-DQ2-CCI,Conoide Tiepido - confinato inferiore,651583,4932810,110,146,,3,65,141.5
MO43-01,Pozzo,MO,CAMPOSANTO,IT080620ER-DQ2-TPAPCS-ITB,Transizione Pianura Appenninica-Padana - confinato superiore,668808,4962027,17,148,,2,98,144
MO44-01,Pozzo,MO,CARPI,IT080630ER-DQ2-PPCS,Pianura Alluvionale Padana - confinato superiore,650950,4968357,19.8,50,,,,
MO45-01,Pozzo,MO,SAN FELICE SUL PANARO,IT082700ER-DQ2-PACI-ITB,Pianura Alluvionale - confinato inferiore,667148,4966901,17,180,,1,102,113
MO47-00,Pozzo,MO,CONCORDIA SULLA SECCHIA,IT080630ER-DQ2-PPCS,Pianura Alluvionale Padana - confinato superiore,654906,4974982,19,43,,,,
MO48-01,Pozzo,MO,FINALE EMILIA,IT082700ER-DQ2-PACI-ITB,Pianura Alluvionale - confinato inferiore,676728,4969138,11,224,,5,108,165.4
MO49-00,Pozzo,MO,MODENA,IT080390ER-DQ2-CCS,Conoide Secchia - confinato superiore,646494,4945211,44.1,27,,,,
MO50-03,Pozzo,MO,VIGNOLA,IT080140ER-DQ1-CL,Conoide Panaro - libero,660689,4929438,96,60,,2,18,60
MO51-00,Pozzo,MO,CASTELNUOVO RANGONE,IT080130ER-DQ1-CL,Conoide Tiepido - libero,653493,4934363,82,120,,2,67,120
MO53-00,Pozzo,MO,SAN CESARIO SUL PANARO,IT080140ER-DQ1-CL,Conoide Panaro - libero,662655,4935035,57,40,,,,
MO55-00,Pozzo,MO,SAN CESARIO SUL PANARO,IT080140ER-DQ1-CL,Conoide Panaro - libero,661360,4936076,54,110,,2,30,85
MO56-02,Pozzo,MO,CASTELFRANCO EMILIA,IT080410ER-DQ2-CCS,Conoide Panaro - confinato superiore,660481,4941487,37,100,,,,
MO58-00,Pozzo,MO,FORMIGINE,IT080120ER-DQ1-CL,Conoide Secchia - libero,644069,4939402,74.2,138,,6,45,133
MO58-01,Pozzo,MO,FORMIGINE,IT082390ER-DQ2-CCI,Conoide Secchia - confinato inferiore,644069,4939402,74.2,138,,3,72,120
MO59-00,Pozzo,MO,FIORANO MODENESE,IT080120ER-DQ1-CL,Conoide Secchia - libero,643786,4935108,105.5,93,,4,45,68
MO60-00,Pozzo,MO,MARANELLO,IT080130ER-DQ1-CL,Conoide Tiepido - libero,648346,4933151,118,95,,,,
MO62-00,Pozzo,MO,SAVIGNANO SUL PANARO,IT080140ER-DQ1-CL,Conoide Panaro - libero,662657,4931157,77.7,108,,,,
MO63-00,Pozzo,MO,CASTELVETRO DI MODENA,IT080400ER-DQ2-CCS,Conoide Tiepido - confinato superiore,655537,4933802,72,156,,,,
MO64-00,Pozzo,MO,CASTELFRANCO EMILIA,IT080140ER-DQ1-CL,Conoide Panaro - libero,663978,4932716,65,73,,,,
MO64-01,Pozzo,MO,SAN CESARIO SUL PANARO,IT080140ER-DQ1-CL,Conoide Panaro - libero,662467,4933879,63.8,60,,2,30,54
MO65-00,Pozzo,MO,CASTELVETRO DI MODENA,IT082400ER-DQ2-CCI,Conoide Tiepido - confinato inferiore,651514,4932590,115,100,,1,67.5,73.5
MO66-00,Pozzo,MO,CASTELFRANCO EMILIA,IT080410ER-DQ2-CCS,Conoide Panaro - confinato superiore,667381,4933587,59.2,120,,,,
MO68-01,Pozzo,MO,MODENA,IT080400ER-DQ2-CCS,Conoide Tiepido - confinato superiore,651527,4939092,53.3,40,Fondo foro,1,39,40
MO69-00,Pozzo,MO,MODENA,IT080390ER-DQ2-CCS,Conoide Secchia - confinato superiore,645367,4943903,47.3,43.5,,,,
MO71-01,Pozzo,MO,FIORANO MODENESE,IT080120ER-DQ1-CL,Conoide Secchia - libero,645242,4933838,116.4,116.5,,,,
MO72-01,Pozzo,MO,FORMIGINE,IT080120ER-DQ1-CL,Conoide Secchia - libero,647747,4938930,65,104,Fondo foro,1,93,104
MO73-01,Pozzo,MO,SASSUOLO,IT080120ER-DQ1-CL,Conoide Secchia - libero,642270,4937458,90.8,97,,3,57,96
MO74-00,Pozzo,MO,CASTELFRANCO EMILIA,IT080410ER-DQ2-CCS,Conoide Panaro - confinato superiore,667917,4939476,36,52,Fondo foro,1,42,48
MO75-00,Pozzo,MO,CAMPOGALLIANO,IT080390ER-DQ2-CCS,Conoide Secchia - confinato superiore,644555,4948280,46,60,,3,37,56
MO76-00,Pozzo,MO,CASTELFRANCO EMILIA,IT080410ER-DQ2-CCS,Conoide Panaro - confinato superiore,662292,4939319,42,123,,4,75,121
MO77-01,Pozzo,MO,CASTELFRANCO EMILIA,IT080410ER-DQ2-CCS,Conoide Panaro - confinato superiore,666200,4936040,43,30,,,,
MO80-00,Pozzo,MO,MIRANDOLA,IT082700ER-DQ2-PACI-ITB,Pianura Alluvionale - confinato inferiore,664133,4971866,17.5,300,,4,24.85,300
MO81-00,Pozzo,MO,SASSUOLO,IT080120ER-DQ1-CL,Conoide Secchia - libero,642602,4937030,92.4,116,,4,48,107
MO82-00,Pozzo,MO,CONCORDIA SULLA SECCHIA,IT082700ER-DQ2-PACI-ITB,Pianura Alluvionale - confinato inferiore,657362,4975110,17.6,120,,,,
MO84-00,Pozzo,MO,MARANO,IT085050ER-AV2-VA,Depositi vallate App. Panaro-Tiepido,655346,4923873,143.3,15,,,,
MO85-00,Pozzo,MO,MARANELLO,IT080130ER-DQ1-CL,Conoide Tiepido - libero,649736,4932259,127.6,30,,,,
MO86-00,Pozzo,MO,FORMIGINE,IT080130ER-DQ1-CL,Conoide Tiepido - libero,650218,4934914,92.2,40,,1,23,25
MO87-00,Pozzo,MO,CASTELFRANCO EMILIA,IT082700ER-DQ2-PACI-ITB,Pianura Alluvionale - confinato inferiore,660753,4944674,31.5,280,,3,143,275
MO88-00,Pozzo,MO,CASTELFRANCO EMILIA,IT082410ER-DQ2-CCI,Conoide Panaro - confinato inferiore,668887,4941029,30,200,,3,98,192
MO-F01-00,Pozzo,MO,NONANTOLA,IT089015ER-DQ1-FPF-ITB,Freatico di pianura fluviale,658842,4947531,28.2,12,,,,
MO-F02-00,Pozzo,MO,MODENA,IT089015ER-DQ1-FPF-ITB,Freatico di pianura fluviale,650986,4948885,36.2,3.8,,,,
MO-F05-00,Pozzo,MO,SAN PROSPERO,IT089015ER-DQ1-FPF-ITB,Freatico di pianura fluviale,658710,4957831,26.2,5.43,,,,
MO-F08-00,Pozzo,MO,CAMPOSANTO,IT089015ER-DQ1-FPF-ITB,Freatico di pianura fluviale,668888,4962026,17,6.6,,,,
MO-F13-00,Pozzo,MO,CAVEZZO,IT089015ER-DQ1-FPF-ITB,Freatico di pianura fluviale,656642,4967080,21.6,9,,,,
MO-F14-00,Pozzo,MO,MIRANDOLA,IT089015ER-DQ1-FPF-ITB,Freatico di pianura fluviale,660089,4969370,19,6,,,,
MO-F20-00,Pozzo,MO,CONCORDIA SULLA SECCHIA,IT089015ER-DQ1-FPF-ITB,Freatico di pianura fluviale,654014,4977233,20.2,7.8,,,,
MO-F20-01,Pozzo,MO,NOVI DI MODENA,IT089015ER-DQ1-FPF-ITB,Freatico di pianura fluviale,654751,4968708,25,10.38,,,,
PC01-00,Pozzo,PC,ROTTOFRENO,IT080032ER-DQ1-CL,Conoide Trebbia-Luretta - libero,544503,4991341,59.86,39,,,,
PC02-00,Pozzo,PC,ROTTOFRENO,IT080300ER-DQ2-CCS,Conoide Tidone-Luretta - confinato superiore,543007,4989237,64.02,42,Fondo foro,1,41,42
PC03-02,Pozzo,PC,GRAGNANO TREBBIENSE,IT080032ER-DQ1-CL,Conoide Trebbia-Luretta - libero,541802,4983035,92.3,49,Fondo foro,1,39,48
PC04-01,Pozzo,PC,PIACENZA,IT082301ER-DQ2-CCI,Conoide Trebbia - confinato inferiore,550226,4985278,76.7,155,,3,108.8,153
PC05-02,Pozzo,PC,PIACENZA,IT082301ER-DQ2-CCI,Conoide Trebbia - confinato inferiore,553513,4985289,71.6,152.5,,3,125,150
PC07-00,Pozzo,PC,GRAGNANO TREBBIENSE,IT080032ER-DQ1-CL,Conoide Trebbia-Luretta - libero,544823,4984661,81.5,64,,2,40,60
PC09-01,Pozzo,PC,CAORSO,IT080630ER-DQ2-PPCS,Pianura Alluvionale Padana - confinato superiore,567937,4988928,43.5,133,,1,89,120
PC10-01,Pozzo,PC,MONTICELLI D'ONGINA,IT080630ER-DQ2-PPCS,Pianura Alluvionale Padana - confinato superiore,572309,4992801,40.19,140,,3,67,136
PC11-02,Pozzo,PC,CASTELVETRO PIACENTINO,IT080630ER-DQ2-PPCS,Pianura Alluvionale Padana - confinato superiore,578168,4991421,37.6,107,,1,87,96
PC12-01,Pozzo,PC,VILLANOVA SULL'ARDA,IT080630ER-DQ2-PPCS,Pianura Alluvionale Padana - confinato superiore,578359,4986601,39.61,109,Fondo foro,1,93,96
PC13-00,Pozzo,PC,CORTEMAGGIORE,IT080630ER-DQ2-PPCS,Pianura Alluvionale Padana - confinato superiore,568819,4984090,53.25,86,Fondo foro,1,69.5,76.5
PC15-01,Pozzo,PC,GOSSOLENGO,IT080032ER-DQ1-CL,Conoide Trebbia-Luretta - libero,548321,4983170,88.1,105,,1,67,103
PC17-00,Pozzo,PC,SAN GIORGIO PIACENTINO,IT080040ER-DQ1-CL,Conoide Nure - libero,558127,4978445,101.86,70,Fondo foro,1,62,70
PC20-00,Pozzo,PC,FIORENZUOLA D'ARDA,IT080330ER-DQ2-CCS,Conoide Arda - confinato superiore,571853,4979134,62.31,76.45,,4,18.5,73.6
PC21-03,Pozzo,PC,BESENZONE,IT080630ER-DQ2-PPCS,Pianura Alluvionale Padana - confinato superiore,575970,4981456,49.1,73,Fondo foro,1,62,71.5
PC23-02,Pozzo,PC,PONTENURE,IT080040ER-DQ1-CL,Conoide Nure - libero,561563,4982935,67,80,,3,47,78
PC23-05,Pozzo,PC,PONTENURE,IT080040ER-DQ1-CL,Conoide Nure - libero,561569,4979400,79.5,60,,2,25,59
PC23-06,Pozzo,PC,PONTENURE,IT080040ER-DQ1-CL,Conoide Nure - libero,561700,4979761,79,97,,1,59,63
PC26-02,Pozzo,PC,CARPANETO PIACENTINO,IT080322ER-DQ2-CCS,Conoide Chiavenna-Nure - confinato superiore,564593,4973084,110.5,92,,4,30,78.5
PC27-02,Pozzo,PC,FIORENZUOLA D'ARDA,IT080050ER-DQ1-CL,Conoide Arda - libero,570609,4975231,85,120,,3,48,114
PC28-00,Pozzo,PC,ALSENO,IT080330ER-DQ2-CCS,Conoide Arda - confinato superiore,576755,4975214,54,30,Fondo foro,1,24,28
PC30-03,Pozzo,PC,SAN GIORGIO PIACENTINO,IT080650ER-DET1-CMSG,Conoidi montane e Sabbie gialle occidentali,560035,4972595,132.5,43.5,Fondo foro,1,37,43
PC33-01,Pozzo,PC,ALSENO,IT080330ER-DQ2-CCS,Conoide Arda - confinato superiore,576995,4971934,73.8,39,,3,19,35
PC34-00,Pozzo,PC,ALSENO,IT080050ER-DQ1-CL,Conoide Arda - libero,571640,4970705,121.58,101,,4,30,95
PC36-00,Pozzo,PC,GRAGNANO TREBBIENSE,IT082301ER-DQ2-CCI,Conoide Trebbia - confinato inferiore,545036,4982629,87.88,130,Fondo foro,1,125,130
PC41-01,Pozzo,PC,CASTEL SAN GIOVANNI,IT080300ER-DQ2-CCS,Conoide Tidone-Luretta - confinato superiore,535351,4990174,70.8,32,Fondo foro,1,30,32
PC45-01,Pozzo,PC,SAN PIETRO IN CERRO,IT080630ER-DQ2-PPCS,Pianura Alluvionale Padana - confinato superiore,574864,4985753,45.22,16,,,,
PC48-00,Pozzo,PC,ROTTOFRENO,IT080032ER-DQ1-CL,Conoide Trebbia-Luretta - libero,547963,4989045,63.3,35,,1,84,110
PC55-01,Pozzo,PC,PODENZANO,IT080040ER-DQ1-CL,Conoide Nure - libero,554491,4980651,91.69,200,,,,
PC56-00,Pozzo,PC,PIACENZA,IT080032ER-DQ1-CL,Conoide Trebbia-Luretta - libero,554675,4986794,62.03,102,,4,47,101.6
PC56-02,Pozzo,PC,PIACENZA,IT080032ER-DQ1-CL,Conoide Trebbia-Luretta - libero,553310,4989082,56.4,116.5,,5,66.5,113.5
PC56-03,Pozzo,PC,PIACENZA,IT080032ER-DQ1-CL,Conoide Trebbia-Luretta - libero,551663,4988893,59.6,94,,2,72,94
PC56-06,Pozzo,PC,PIACENZA,IT080040ER-DQ1-CL,Conoide Nure - libero,556118,4987070,57.7,160,,3,54.5,154
PC56-07,Pozzo,PC,PIACENZA,IT080040ER-DQ1-CL,Conoide Nure - libero,557993,4987826,52,103.3,,4,46.5,102
PC56-08,Pozzo,PC,PIACENZA,IT080032ER-DQ1-CL,Conoide Trebbia-Luretta - libero,552523,4987217,64,103,,3,66,93
PC56-09,Pozzo,PC,PIACENZA,IT080630ER-DQ2-PPCS,Pianura Alluvionale Padana - confinato superiore,561572,4986046,56.1,75,,3,41,73.5
PC56-10,Pozzo,PC,PIACENZA,IT080630ER-DQ2-PPCS,Pianura Alluvionale Padana - confinato superiore,559545,4991988,50,106,,1,82,98
PC56-11,Pozzo,PC,PIACENZA,IT080630ER-DQ2-PPCS,Pianura Alluvionale Padana - confinato superiore,559012,4989339,46.6,54,Fondo foro,1,40,50.5
PC63-01,Pozzo,PC,PIACENZA,IT080630ER-DQ2-PPCS,Pianura Alluvionale Padana - confinato superiore,562514,4988071,48.9,81.7,,2,40,76.5
PC64-00,Pozzo,PC,PIACENZA,IT080040ER-DQ1-CL,Conoide Nure - libero,560601,4984310,67.14,114.5,,4,89,114.5
PC69-00,Pozzo,PC,PIACENZA,IT080032ER-DQ1-CL,Conoide Trebbia-Luretta - libero,552041,4988752,61,111,,4,43,108
PC75-00,Pozzo,PC,RIVERGARO,IT080650ER-DET1-CMSG,Conoidi montane e Sabbie gialle occidentali,549945,4975082,153.8,156,,2,134,154
PC77-01,Pozzo,PC,PIACENZA,IT080032ER-DQ1-CL,Conoide Trebbia-Luretta - libero,546273,4977835,137,107,,,,
PC80-00,Pozzo,PC,MONTICELLI D'ONGINA,IT080630ER-DQ2-PPCS,Pianura Alluvionale Padana - confinato superiore,575399,4993161,38.41,68,Fondo foro,1,52.45,64.95
PC81-00,Pozzo,PC,PODENZANO,IT080032ER-DQ1-CL,Conoide Trebbia-Luretta - libero,554375,4983243,75.39,97,,2,57,95
PC82-00,Pozzo,PC,BORGONOVO VAL TIDONE,IT080010ER-DQ1-CL,Conoide Tidone - libero,538911,4983568,100.8,101.5,,2,34,70
PC83-00,Pozzo,PC,BORGONOVO VAL TIDONE,IT080010ER-DQ1-CL,Conoide Tidone - libero,535349,4985113,105.7,97,,4,30,91
PC85-00,Pozzo,PC,GRAGNANO TREBBIENSE,IT080032ER-DQ1-CL,Conoide Trebbia-Luretta - libero,542330,4980858,109.7,101,,1,45,57
PC86-00,Pozzo,PC,BORGONOVO VAL TIDONE,IT080300ER-DQ2-CCS,Conoide Tidone-Luretta - confinato superiore,540266,4984618,88,40,,,,
PC87-01,Pozzo,PC,GAZZOLA,IT080032ER-DQ1-CL,Conoide Trebbia-Luretta - libero,545997,4980073,102.6,105,,,,
PC88-00,Pozzo,PC,SARMATO,IT080630ER-DQ2-PPCS,Pianura Alluvionale Padana - confinato superiore,538209,4990129,59,18.5,Fondo foro,1,16,18.5
PC89-00,Pozzo,PC,PONTE DELL'OLIO,IT085020ER-AV2-VA,Depositi vallate App. Trebbia-Nure-Arda,549899,4967923,215,35,,,,
PC90-00,Pozzo,PC,PIANELLO VAL TIDONE,IT085020ER-AV2-VA,Depositi vallate App. Trebbia-Nure-Arda,533539,4977204,170,11,,,,
PC91-01,Pozzo,PC,VIGOLZONE,IT080650ER-DET1-CMSG,Conoidi montane e Sabbie gialle occidentali,551234,4972786,211,175,,4,107,169
PC94-01,Pozzo,PC,RIVERGARO,IT080032ER-DQ1-CL,Conoide Trebbia-Luretta - libero,546517,4972735,135.5,12,,,,
PC95-00,Pozzo,PC,PODENZANO,IT080040ER-DQ1-CL,Conoide Nure - libero,553537,4977885,123,118,,2,60,100
PC96-00,Pozzo,PC,PODENZANO,IT080040ER-DQ1-CL,Conoide Nure - libero,557881,4982179,80.5,80,Fondo foro,1,65,80
PC97-00,Pozzo,PC,GOSSOLENGO,IT082301ER-DQ2-CCI,Conoide Trebbia - confinato inferiore,551468,4980393,96.8,200,,1,183,193
PC98-00,Pozzo,PC,CADEO,IT082700ER-DQ2-PACI-ITB,Pianura Alluvionale - confinato inferiore,567199,4976628,77,102,Fondo foro,1,87.5,100
PC99-00,Pozzo,PC,CASTELL’ARQUATO,IT080050ER-DQ1-CL,Conoide Arda - libero,569013,4967757,158,65,Fondo foro,1,51,57
PCA0-00,Pozzo,PC,CASTEL SAN GIOVANNI,IT082700ER-DQ2-PACI-ITB,Pianura Alluvionale - confinato inferiore,535335,4988056,87,158,,,,
PCA2-00,Pozzo,PC,AGAZZANO,IT082300ER-DQ2-CCI,Conoide Tidone-Luretta - confinato inferiore,540084,4983319,87.4,94,,4,45,85
PC-F01-00,Pozzo,PC,SARMATO,IT089015ER-DQ1-FPF-ITB,Freatico di pianura fluviale,541032,4990346,60,6.1,,,,
PC-F03-00,Pozzo,PC,PIACENZA,IT089015ER-DQ1-FPF-ITB,Freatico di pianura fluviale,559271,4988654,46.5,7.2,,,,
PC-F05-00,Pozzo,PC,SAN PIETRO IN CERRO,IT089015ER-DQ1-FPF-ITB,Freatico di pianura fluviale,571874,4988422,41.9,4,,,,
PR03-01,Pozzo,PR,BUSSETO,IT080630ER-DQ2-PPCS,Pianura Alluvionale Padana - confinato superiore,584189,4978451,40,100,,,,
PR04-01,Pozzo,PR,SORAGNA,IT080630ER-DQ2-PPCS,Pianura Alluvionale Padana - confinato superiore,591204,4978826,37.3,161,,,,
PR05-00,Pozzo,PR,PARMA,IT080360ER-DQ2-CCS,Conoide Parma-Baganza - confinato superiore,606371,4961131,54.53,75.5,,5,32,75.5
PR06-01,Pozzo,PR,SISSA TRECASALI,IT080630ER-DQ2-PPCS,Pianura Alluvionale Padana - confinato superiore,598909,4982301,30,105,,,,
PR08-03,Pozzo,PR,COLORNO,IT080630ER-DQ2-PPCS,Pianura Alluvionale Padana - confinato superiore,608780,4979630,26.9,45,,,,
PR09-02,Pozzo,PR,FIDENZA,IT080340ER-DQ2-CCS,Conoide Stirone-Parola - confinato superiore,583155,4972760,57.2,26,,,,
PR12-00,Pozzo,PR,SAN SECONDO PARMENSE,IT080350ER-DQ2-CCS,Conoide Taro - confinato superiore,596519,4972121,36.2,86,,1,35,39.7
PR19-01,Pozzo,PR,FIDENZA,IT082700ER-DQ2-PACI-ITB,Pianura Alluvionale - confinato inferiore,583719,4969761,67,175,Fondo foro,1,170,175
PR20-00,Pozzo,PR,FIDENZA,IT080072ER-DQ1-CL,Conoide Taro-Parola - libero,587029,4967231,73,97,,5,49.15,93.6
PR21-02,Pozzo,PR,FONTANELLATO,IT080350ER-DQ2-CCS,Conoide Taro - confinato superiore,590292,4970941,49,30,,,,
PR23-01,Pozzo,PR,FONTEVIVO,IT080072ER-DQ1-CL,Conoide Taro-Parola - libero,593592,4966261,56,20,,,,
PR23-02,Piezometro,PR,FONTANELLATO,IT082352ER-DQ2-CCI,Conoide Taro-Parola - confinato inferiore,595949,4968921,46.5,166,Fondo foro,1,154,163
PR23-03,Piezometro,PR,FONTANELLATO,IT080072ER-DQ1-CL,Conoide Taro-Parola - libero,595949,4968921,46.5,70,Fondo foro,1,58,67
PR23-04,Pozzo,PR,FONTEVIVO,IT080072ER-DQ1-CL,Conoide Taro-Parola - libero,594520,4966495,54.3,14,,,,
PR25-00,Pozzo,PR,TORRILE,IT080630ER-DQ2-PPCS,Pianura Alluvionale Padana - confinato superiore,607779,4972291,30.2,46,Fondo foro,1,34,41
PR31-00,Pozzo,PR,FONTEVIVO,IT080072ER-DQ1-CL,Conoide Taro-Parola - libero,592099,4965566,65.18,31.5,Fondo foro,1,25.5,31.5
PR32-00,Pozzo,PR,PARMA,IT080080ER-DQ1-CL,Conoide Parma-Baganza - libero,604589,4959501,66.7,109,,5,45.5,105
PR33-00,Pozzo,PR,PARMA,IT080350ER-DQ2-CCS,Conoide Taro - confinato superiore,600299,4963056,56.6,64.4,,1,32,55
PR34-00,Pozzo,PR,PARMA,IT080360ER-DQ2-CCS,Conoide Parma-Baganza - confinato superiore,605319,4963221,49.9,55,,2,34,46
PR38-00,Pozzo,PR,COLLECCHIO,IT080072ER-DQ1-CL,Conoide Taro-Parola - libero,596259,4961201,71,78,,2,53,78
PR45-01,Pozzo,PR,PARMA,IT080080ER-DQ1-CL,Conoide Parma-Baganza - libero,600839,4953341,128.7,108,,9,45,102.5
PR47-01,Pozzo,PR,PARMA,IT080080ER-DQ1-CL,Conoide Parma-Baganza - libero,605553,4953996,106,30,,,,
PR54-01,Pozzo,PR,PARMA,IT080080ER-DQ1-CL,Conoide Parma-Baganza - libero,607354,4958917,60,103.3,,9,42,102.5
PR55-01,Pozzo,PR,PARMA,IT080360ER-DQ2-CCS,Conoide Parma-Baganza - confinato superiore,611838,4960151,45.8,93,,,,
PR57-02,Pozzo,PR,PARMA,IT080080ER-DQ1-CL,Conoide Parma-Baganza - libero,609058,4953996,91,40,,,,
PR61-02,Pozzo,PR,MONTECHIARUGOLO,IT080650ER-DET1-CMSG,Conoidi montane e Sabbie gialle occidentali,608593,4949252,130,28,,,,
PR61-05,Pozzo,PR,MONTECHIARUGOLO,IT080080ER-DQ1-CL,Conoide Parma-Baganza - libero,606648,4948801,147,40,Fondo foro,1,35,40
PR69-00,Pozzo,PR,MONTECHIARUGOLO,IT080650ER-DET1-CMSG,Conoidi montane e Sabbie gialle occidentali,611028,4954246,83.69,40,,2,9,26
PR76-00,Pozzo,PR,PARMA,IT080360ER-DQ2-CCS,Conoide Parma-Baganza - confinato superiore,608748,4960721,48.5,86,,6,23.5,82.7
PR77-00,Pozzo,PR,FONTANELLATO,IT080072ER-DQ1-CL,Conoide Taro-Parola - libero,590991,4966781,61.7,93,,6,33,86.5
PR90-03,Pozzo,PR,TRAVERSETOLO,IT080650ER-DET1-CMSG,Conoidi montane e Sabbie gialle occidentali,609788,4944321,165,50,Fondo foro,1,32,47
PR93-02,Pozzo,PR,PARMA,IT080080ER-DQ1-CL,Conoide Parma-Baganza - libero,606458,4956181,89,30,,,,
PR94-00,Pozzo,PR,COLLECCHIO,IT080072ER-DQ1-CL,Conoide Taro-Parola - libero,595642,4956836,103.5,25,,,,
PR99-00,Piezometro,PR,PARMA,IT080080ER-DQ1-CL,Conoide Parma-Baganza - libero,601967,4950366,149.1,175,,,,
PRA0-00,Pozzo,PR,COLLECCHIO,IT080072ER-DQ1-CL,Conoide Taro-Parola - libero,591559,4952941,117.5,10,,,,
PRA1-00,Pozzo,PR,PARMA,IT080080ER-DQ1-CL,Conoide Parma-Baganza - libero,602713,4950961,143.5,30,,,,
PRA2-00,Pozzo,PR,SALA BAGANZA,IT080080ER-DQ1-CL,Conoide Parma-Baganza - libero,596597,4949571,194,10.3,,,,
PRA5-01,Pozzo,PR,ROCCABIANCA,IT080630ER-DQ2-PPCS,Pianura Alluvionale Padana - confinato superiore,592872,4983796,32,18,,,,
PRA5-02,Pozzo,PR,ROCCABIANCA,IT080630ER-DQ2-PPCS,Pianura Alluvionale Padana - confinato superiore,593275,4984280,32,30,,,,
PRA6-00,Pozzo,PR,SORBOLO,IT080630ER-DQ2-PPCS,Pianura Alluvionale Padana - confinato superiore,614301,4972981,25,30,,,,
PRA7-00,Pozzo,PR,COLORNO,IT080630ER-DQ2-PPCS,Pianura Alluvionale Padana - confinato superiore,611088,4974251,25.5,110,,,,
PRB3-00,Pozzo,PR,NOCETO,IT080072ER-DQ1-CL,Conoide Taro-Parola - libero,593423,4962701,74.6,70.15,,2,15,65
PRB4-00,Piezometro,PR,FONTANELLATO,IT080072ER-DQ1-CL,Conoide Taro-Parola - libero,591053,4966331,63.5,45,,1,8,45
PRB5-00,Pozzo,PR,SOLIGNANO,IT085030ER-AV2-VA,Depositi vallate App. Taro-Enza-Tresinaro,584579,4947421,158,11.5,,,,
PRB8-00,Pozzo,PR,PARMA,IT082360ER-DQ2-CCI,Conoide Parma-Baganza - confinato inferiore,611468,4957571,58,111.5,,,,
PRB9-00,Pozzo,PR,PARMA,IT082360ER-DQ2-CCI,Conoide Parma-Baganza - confinato inferiore,609420,4960060,51,150,,3,103,147
PRC0-00,Pozzo,PR,PARMA,IT082352ER-DQ2-CCI,Conoide Taro-Parola - confinato inferiore,597409,4963096,61.5,110,,,,
PR-F01-00,Pozzo,PR,POLESINE ZIBELLO,IT089015ER-DQ1-FPF-ITB,Freatico di pianura fluviale,591029,4984941,32.5,4.37,,,,
PR-F01-01,Pozzo,PR,POLESINE ZIBELLO,IT089015ER-DQ1-FPF-ITB,Freatico di pianura fluviale,591454,4984386,32,4.55,,,,
PR-F06-00,Pozzo,PR,PARMA,IT089015ER-DQ1-FPF-ITB,Freatico di pianura fluviale,604719,4970511,36.7,6.81,,,,
PR-F07-00,Pozzo,PR,SAN SECONDO PARMENSE,IT089015ER-DQ1-FPF-ITB,Freatico di pianura fluviale,598925,4974770,36.4,8.22,,,,
PR-F09-01,Pozzo,PR,SORAGNA,IT089015ER-DQ1-FPF-ITB,Freatico di pianura fluviale,587184,4974510,49.3,6.57,,,,
PR-F10-01,Pozzo,PR,BUSSETO,IT089015ER-DQ1-FPF-ITB,Freatico di pianura fluviale,579735,4977078,48.9,6.52,,,,
PR-F11-00,Pozzo,PR,FIDENZA,IT089015ER-DQ1-FPF-ITB,Freatico di pianura fluviale,586763,4968685,65.8,6.79,,,,
RA03-00,Pozzo,RA,MASSALOMBARDA,IT080610ER-DQ2-PACS-ITB,Pianura Alluvionale Appenninica - confinato superiore,724418,4924919,11.3,102,Fondo foro,1,95,102
RA05-00,Pozzo,RA,BAGNACAVALLO,IT080610ER-DQ2-PACS-ITB,Pianura Alluvionale Appenninica - confinato superiore,741015,4930369,5,108,Fondo foro,1,101.72,106.72
RA08-00,Pozzo,RA,FAENZA,IT080610ER-DQ2-PACS-ITB,Pianura Alluvionale Appenninica - confinato superiore,738690,4915703,15,96,Fondo foro,1,87.56,96
RA09-00,Pozzo,RA,RAVENNA,IT080640ER-DQ2-PCC-ITB,Pianura Alluvionale Costiera - confinato,758180,4941791,0.43,273,,1,142,150
RA09-01,Pozzo,RA,RAVENNA,IT080640ER-DQ2-PCC-ITB,Pianura Alluvionale Costiera - confinato,758227,4940523,0.43,150,Fondo foro,1,142,150
RA12-01,Pozzo,RA,RAVENNA,IT080640ER-DQ2-PCC-ITB,Pianura Alluvionale Costiera - confinato,755883,4938447,1.57,155,,,,
RA13-02,Pozzo,RA,RAVENNA,IT080640ER-DQ2-PCC-ITB,Pianura Alluvionale Costiera - confinato,756201,4911624,2.08,215,Fondo foro,1,206,215
RA14-01,Pozzo,RA,RAVENNA,IT082700ER-DQ2-PACI-ITB,Pianura Alluvionale - confinato inferiore,745922,4913833,7.3,248,Fondo foro,1,242,248
RA15-00,Pozzo,RA,CASTEL BOLOGNESE,IT080522ER-DQ2-CC,Conoide Senio - confinato,723585,4913863,29.82,31.74,,1,17.61,21
RA17-01,Pozzo,RA,FAENZA,IT082700ER-DQ2-PACI-ITB,Pianura Alluvionale - confinato inferiore,730858,4912855,22,106,Fondo foro,1,100,106
RA18-00,Pozzo,RA,FAENZA,IT082700ER-DQ2-PACI-ITB,Pianura Alluvionale - confinato inferiore,726769,4909433,38.2,67,Fondo foro,1,57,67
RA21-01,Pozzo,RA,RAVENNA,IT080640ER-DQ2-PCC-ITB,Pianura Alluvionale Costiera - confinato,766702,4912271,1.65,370,,,,
RA24-00,Pozzo,RA,RAVENNA,IT080640ER-DQ2-PCC-ITB,Pianura Alluvionale Costiera - confinato,760513,4938208,1.2,265.3,Fondo foro,1,240.8,265.3
RA24-01,Pozzo,RA,RAVENNA,IT080640ER-DQ2-PCC-ITB,Pianura Alluvionale Costiera - confinato,760474,4936523,0.7,183.5,,,,
RA29-00,Pozzo,RA,RAVENNA,IT080640ER-DQ2-PCC-ITB,Pianura Alluvionale Costiera - confinato,760044,4932212,0.7,251,Fondo foro,1,232.92,250.87
RA30-00,Pozzo,RA,RAVENNA,IT082700ER-DQ2-PACI-ITB,Pianura Alluvionale - confinato inferiore,752680,4930373,1.6,230.08,Fondo foro,1,218,230.08
RA33-00,Pozzo,RA,RAVENNA,IT080640ER-DQ2-PCC-ITB,Pianura Alluvionale Costiera - confinato,761243,4922887,1.5,214,Fondo foro,1,206.3,213.6
RA33-01,Pozzo,RA,RAVENNA,IT080640ER-DQ2-PCC-ITB,Pianura Alluvionale Costiera - confinato,761244,4922912,0.5,205,Fondo foro,1,187,205
RA34-00,Pozzo,RA,RAVENNA,IT082700ER-DQ2-PACI-ITB,Pianura Alluvionale - confinato inferiore,755369,4918940,2.9,207.5,Fondo foro,1,197.18,207.41
RA34-02,Pozzo,RA,RAVENNA,IT080610ER-DQ2-PACS-ITB,Pianura Alluvionale Appenninica - confinato superiore,754282,4919291,3.9,120,,,,
RA35-00,Pozzo,RA,RAVENNA,IT082700ER-DQ2-PACI-ITB,Pianura Alluvionale - confinato inferiore,750390,4917832,4.9,237,Fondo foro,1,223,236.91
RA35-01,Pozzo,RA,RAVENNA,IT082700ER-DQ2-PACI-ITB,Pianura Alluvionale - confinato inferiore,747923,4916849,8.5,230,,,,
RA36-00,Pozzo,RA,RAVENNA,IT080640ER-DQ2-PCC-ITB,Pianura Alluvionale Costiera - confinato,763639,4917210,0.66,280,Fondo foro,1,265,280
RA36-01,Pozzo,RA,RAVENNA,IT080640ER-DQ2-PCC-ITB,Pianura Alluvionale Costiera - confinato,761527,4918363,0.4,180,,,,
RA38-00,Pozzo,RA,RAVENNA,IT082700ER-DQ2-PACI-ITB,Pianura Alluvionale - confinato inferiore,759174,4907496,4.8,285,,2,256,282
RA39-00,Pozzo,RA,RAVENNA,IT082700ER-DQ2-PACI-ITB,Pianura Alluvionale - confinato inferiore,754064,4906316,9.55,180,Fondo foro,1,173,177
RA41-02,Pozzo,RA,RAVENNA,IT080640ER-DQ2-PCC-ITB,Pianura Alluvionale Costiera - confinato,764107,4912914,1.7,318.68,Fondo foro,1,286,318
RA42-01,Pozzo,RA,RAVENNA,IT080610ER-DQ2-PACS-ITB,Pianura Alluvionale Appenninica - confinato superiore,755862,4924811,2.2,150,,,,
RA42-02,Pozzo,RA,RAVENNA,IT080610ER-DQ2-PACS-ITB,Pianura Alluvionale Appenninica - confinato superiore,750215,4924945,2.1,180,,,,
RA44-00,Pozzo,RA,CONSELICE,IT080610ER-DQ2-PACS-ITB,Pianura Alluvionale Appenninica - confinato superiore,722038,4933143,9,327,,,,
RA45-01,Pozzo,RA,RAVENNA,IT080640ER-DQ2-PCC-ITB,Pianura Alluvionale Costiera - confinato,751774,4936004,2.89,271,,,,
RA47-00,Pozzo,RA,RAVENNA,IT082700ER-DQ2-PACI-ITB,Pianura Alluvionale - confinato inferiore,746633,4927545,4.1,325.2,Fondo foro,1,317,325.2
RA47-02,Pozzo,RA,RAVENNA,IT080610ER-DQ2-PACS-ITB,Pianura Alluvionale Appenninica - confinato superiore,745830,4928479,3.8,130,Fondo foro,1,110,120
RA48-01,Pozzo,RA,FAENZA,IT082700ER-DQ2-PACI-ITB,Pianura Alluvionale - confinato inferiore,737141,4909916,19,281.28,,6,75.77,281.28
RA48-02,Pozzo,RA,RUSSI,IT082700ER-DQ2-PACI-ITB,Pianura Alluvionale - confinato inferiore,742338,4919132,9.6,253,Fondo foro,1,242,252
RA49-00,Pozzo,RA,RAVENNA,IT082700ER-DQ2-PACI-ITB,Pianura Alluvionale - confinato inferiore,752304,4925658,1.1,229,Fondo foro,1,205,229
RA53-04,Pozzo,RA,CERVIA,IT080640ER-DQ2-PCC-ITB,Pianura Alluvionale Costiera - confinato,765442,4909103,2,120,Fondo foro,1,114,120
RA54-01,Pozzo,RA,CERVIA,IT082700ER-DQ2-PACI-ITB,Pianura Alluvionale - confinato inferiore,766736,4905970,1.3,350,Fondo foro,1,345,350
RA54-02,Pozzo,RA,CERVIA,IT080610ER-DQ2-PACS-ITB,Pianura Alluvionale Appenninica - confinato superiore,766938,4906596,1.2,280,,,,
RA54-03,Pozzo,RA,CERVIA,IT082700ER-DQ2-PACI-ITB,Pianura Alluvionale - confinato inferiore,763492,4906179,0.9,240,,,,
RA54-04,Pozzo,RA,CERVIA,IT080610ER-DQ2-PACS-ITB,Pianura Alluvionale Appenninica - confinato superiore,766420,4906148,0.2,140,,,,
RA55-02,Pozzo,RA,COTIGNOLA,IT080610ER-DQ2-PACS-ITB,Pianura Alluvionale Appenninica - confinato superiore,729890,4918790,18,300,,3,69.5,300
RA58-00,Pozzo,RA,FUSIGNANO,IT082700ER-DQ2-PACI-ITB,Pianura Alluvionale - confinato inferiore,735531,4928175,8.7,460,,4,236,451
RA59-01,Pozzo,RA,BAGNACAVALLO,IT082700ER-DQ2-PACI-ITB,Pianura Alluvionale - confinato inferiore,737143,4921852,9,408.1,Fondo foro,1,381.2,408.1
RA60-01,Pozzo,RA,ALFONSINE,IT080610ER-DQ2-PACS-ITB,Pianura Alluvionale Appenninica - confinato superiore,735399,4932471,4.76,250,,,,
RA66-01,Pozzo,RA,RAVENNA,IT080640ER-DQ2-PCC-ITB,Pianura Alluvionale Costiera - confinato,757991,4912838,0.7,150,,,,
RA67-00,Pozzo,RA,RAVENNA,IT082700ER-DQ2-PACI-ITB,Pianura Alluvionale - confinato inferiore,747675,4921574,4.3,275,,,,
RA67-01,Pozzo,RA,RAVENNA,IT080610ER-DQ2-PACS-ITB,Pianura Alluvionale Appenninica - confinato superiore,747277,4920444,2.3,236,,,,
RA71-00,Pozzo,RA,CONSELICE,IT082700ER-DQ2-PACI-ITB,Pianura Alluvionale - confinato inferiore,726046,4937271,4.95,225,,,,
RA73-00,Pozzo,RA,CERVIA,IT082700ER-DQ2-PACI-ITB,Pianura Alluvionale - confinato inferiore,769981,4902222,2,180,,,,
RA73-01,Pozzo,RA,CERVIA,IT082700ER-DQ2-PACI-ITB,Pianura Alluvionale - confinato inferiore,768984,4904266,1.5,242,,,,
RA76-03,Pozzo,RA,COTIGNOLA,IT080610ER-DQ2-PACS-ITB,Pianura Alluvionale Appenninica - confinato superiore,734106,4919319,16,356,,,,
RA77-00,Pozzo,RA,CASTEL BOLOGNESE,IT080220ER-DQ1-CL,Conoide Senio - libero,722887,4911491,39.84,37.2,Fondo foro,1,29,35.2
RA78-00,Pozzo,RA,FAENZA,IT080230ER-DQ1-CL,Conoide Lamone - libero,730747,4908299,33,45,Fondo foro,1,35,44.88
RA79-00,Pozzo,RA,SOLAROLO,IT080522ER-DQ2-CC,Conoide Senio - confinato,726558,4915324,24.83,300,,,,
RA80-01,Pozzo,RA,RAVENNA,IT080610ER-DQ2-PACS-ITB,Pianura Alluvionale Appenninica - confinato superiore,748414,4919186,2.5,115,Fondo foro,1,103,115
RA80-02,Pozzo,RA,RAVENNA,IT080610ER-DQ2-PACS-ITB,Pianura Alluvionale Appenninica - confinato superiore,748688,4920131,2.6,120,Fondo foro,1,114,120
RA82-00,Pozzo,RA,RAVENNA,IT082700ER-DQ2-PACI-ITB,Pianura Alluvionale - confinato inferiore,747033,4929315,3.32,221,,,,
RA84-01,Pozzo,RA,RAVENNA,IT080640ER-DQ2-PCC-ITB,Pianura Alluvionale Costiera - confinato,752295,4908913,11.06,180,Fondo foro,1,175,180
RA85-00,Pozzo,RA,FAENZA,IT082700ER-DQ2-PACI-ITB,Pianura Alluvionale - confinato inferiore,737064,4904662,24.2,242,,3,129,242
RA89-00,Pozzo,RA,FAENZA,IT080532ER-DQ2-CC,Conoide Lamone - confinato,728640,4908289,38.6,87.63,,1,52,87.63
RA89-02,Pozzo,RA,FAENZA,IT080532ER-DQ2-CC,Conoide Lamone - confinato,731384,4905584,45.2,65,,,,
RA90-00,Pozzo,RA,FAENZA,IT080230ER-DQ1-CL,Conoide Lamone - libero,727550,4905022,45,15.3,Fondo foro,1,10.3,15.3
RAA1-00,Pozzo,RA,CASTEL BOLOGNESE,IT080220ER-DQ1-CL,Conoide Senio - libero,723285,4911696,37.9,60,Fondo foro,1,42.5,58
RAA2-00,Pozzo,RA,RIOLO TERME,IT085090ER-AV2-VA,Depositi vallate App. Senio-Savio,715831,4905590,82,12,,,,
RA-F01-00,Pozzo,RA,CONSELICE,IT089015ER-DQ1-FPF-ITB,Freatico di pianura fluviale,728959,4940178,5,5.73,,,,
RA-F06-00,Piezometro,RA,RAVENNA,IT089020ER-DQ1-FPC-ITB,Freatico di pianura costiero,755574,4929643,1.12,10,,,,
RA-F13-01,Pozzo,RA,BAGNACAVALLO,IT089015ER-DQ1-FPF-ITB,Freatico di pianura fluviale,737935,4924053,8.3,7,,,,
RA-F14-00,Pozzo,RA,RUSSI,IT089015ER-DQ1-FPF-ITB,Freatico di pianura fluviale,745191,4920756,5.8,7.25,,,,
RA-F16-00,Piezometro,RA,RAVENNA,IT089020ER-DQ1-FPC-ITB,Freatico di pianura costiero,765347,4915210,1,10.5,,,,
RA-F22-00,Pozzo,RA,RAVENNA,IT089015ER-DQ1-FPF-ITB,Freatico di pianura fluviale,747972,4908087,13.9,7.7,,,,
RA-F23-01,Pozzo,RA,CERVIA,IT089015ER-DQ1-FPF-ITB,Freatico di pianura fluviale,758727,4902869,16,11,,,,
RE01-03,Pozzo,RE,BRESCELLO,IT080630ER-DQ2-PPCS,Pianura Alluvionale Padana - confinato superiore,616999,4968726,28.6,130,,,,
RE03-01,Pozzo,RE,GUALTIERI,IT080630ER-DQ2-PPCS,Pianura Alluvionale Padana - confinato superiore,629018,4969333,19.07,60,,,,
RE04-00,Pozzo,RE,POVIGLIO,IT080610ER-DQ2-PACS-ITB,Pianura Alluvionale Appenninica - confinato superiore,622139,4966148,28.37,108,Fondo foro,1,105.5,108
RE06-00,Pozzo,RE,GATTATICO,IT080610ER-DQ2-PACS-ITB,Pianura Alluvionale Appenninica - confinato superiore,616008,4965393,33.42,113,Fondo foro,1,110,113
RE10-00,Pozzo,RE,GUASTALLA,IT080630ER-DQ2-PPCS,Pianura Alluvionale Padana - confinato superiore,630724,4975490,22.13,112,Fondo foro,1,85,112
RE14-01,Pozzo,RE,CAMPAGNOLA EMILIA,IT080620ER-DQ2-TPAPCS-ITB,Transizione Pianura Appenninica-Padana - confinato superiore,638714,4966789,24.71,97,,,,
RE15-00,Pozzo,RE,CAMPAGNOLA EMILIA,IT082700ER-DQ2-PACI-ITB,Pianura Alluvionale - confinato inferiore,638692,4964900,25.86,170,,,,
RE16-01,Pozzo,RE,CAMPEGINE,IT082370ER-DQ2-CCI,Conoide Enza - confinato inferiore,618355,4958394,39,120,,1,86,89
RE18-03,Pozzo,RE,CADELBOSCO DI SOPRA,IT082700ER-DQ2-PACI-ITB,Pianura Alluvionale - confinato inferiore,628927,4964032,22.3,240,Fondo foro,1,238,240
RE19-01,Pozzo,RE,BAGNOLO IN PIANO,IT080610ER-DQ2-PACS-ITB,Pianura Alluvionale Appenninica - confinato superiore,632515,4957696,32,70,Fondo foro,1,65,70
RE19-02,Pozzo,RE,BAGNOLO IN PIANO,IT080610ER-DQ2-PACS-ITB,Pianura Alluvionale Appenninica - confinato superiore,632048,4958671,32,75,,,,
RE19-03,Pozzo,RE,BAGNOLO IN PIANO,IT080610ER-DQ2-PACS-ITB,Pianura Alluvionale Appenninica - confinato superiore,631967,4957053,33.2,70,,,,
RE21-00,Pozzo,RE,CORREGGIO,IT080610ER-DQ2-PACS-ITB,Pianura Alluvionale Appenninica - confinato superiore,643429,4959572,29.1,116,Fondo foro,1,108,111
RE22-00,Pozzo,RE,SANT'ILARIO D'ENZA,IT082370ER-DQ2-CCI,Conoide Enza - confinato inferiore,616819,4954961,60.67,90,,3,45,86
RE23-00,Pozzo,RE,REGGIO NELL'EMILIA,IT080370ER-DQ2-CCS,Conoide Enza - confinato superiore,623908,4955035,38.7,74,,3,27.2,73.6
RE23-01,Pozzo,RE,REGGIO NELL'EMILIA,IT082370ER-DQ2-CCI,Conoide Enza - confinato inferiore,624032,4954957,38.7,267.5,,5,129.64,259.96
RE23-02,Pozzo,RE,REGGIO NELL'EMILIA,IT080370ER-DQ2-CCS,Conoide Enza - confinato superiore,623977,4954802,38.7,33.5,,,,
RE24-00,Pozzo,RE,REGGIO NELL'EMILIA,IT082370ER-DQ2-CCI,Conoide Enza - confinato inferiore,623901,4955026,38.98,278,,6,132.94,263.86
RE25-00,Pozzo,RE,CAVRIAGO,IT082370ER-DQ2-CCI,Conoide Enza - confinato inferiore,620162,4952943,58.99,160,,7,52,156
RE25-01,Piezometro,RE,CAVRIAGO,IT082370ER-DQ2-CCI,Conoide Enza - confinato inferiore,619416,4952951,60.47,84,Fondo foro,1,69,84
RE26-00,Pozzo,RE,CAVRIAGO,IT082370ER-DQ2-CCI,Conoide Enza - confinato inferiore,621961,4951098,59.65,150,,9,50.5,76
RE31-00,Pozzo,RE,SAN MARTINO IN RIO,IT082700ER-DQ2-PACI-ITB,Pianura Alluvionale - confinato inferiore,641894,4952670,38.32,165,Fondo foro,1,152.5,157.5
RE32-00,Pozzo,RE,MONTECCHIO EMILIA,IT080090ER-DQ1-CL,Conoide Enza - libero,614113,4949322,106.66,80,,1,30.5,37.5
RE33-00,Pozzo,RE,BIBBIANO,IT080090ER-DQ1-CL,Conoide Enza - libero,615503,4948290,112.72,56,,4,20,56
RE33-02,Pozzo,RE,BIBBIANO,IT080090ER-DQ1-CL,Conoide Enza - libero,615874,4947650,116.2,61,,1,18,59
RE34-03,Pozzo,RE,REGGIO NELL'EMILIA,IT080610ER-DQ2-PACS-ITB,Pianura Alluvionale Appenninica - confinato superiore,627945,4955902,37.2,85,,,,
RE36-00,Pozzo,RE,REGGIO NELL'EMILIA,IT082380ER-DQ2-CCI,Conoide Crostolo-Tresinaro - confinato inferiore,633837,4948233,54.79,109,Fondo foro,1,82,101
RE37-00,Pozzo,RE,REGGIO NELL'EMILIA,IT080650ER-DET1-CMSG,Conoidi montane e Sabbie gialle occidentali,625488,4946534,100.41,90,,3,41.5,80.7
RE38-03,Pozzo,RE,RUBIERA,IT080390ER-DQ2-CCS,Conoide Secchia - confinato superiore,641074,4948577,46,60,,,,
RE39-00,Pozzo,RE,REGGIO NELL'EMILIA,IT080380ER-DQ2-CCS,Conoide Crostolo-Tresinaro - confinato superiore,633322,4946975,57.38,28,Fondo foro,1,24,26
RE42-03,Pozzo,RE,REGGIO NELL'EMILIA,IT080610ER-DQ2-PACS-ITB,Pianura Alluvionale Appenninica - confinato superiore,634445,4954582,38,50,,,,
RE43-00,Pozzo,RE,ALBINEA,IT080650ER-DET1-CMSG,Conoidi montane e Sabbie gialle occidentali,630696,4942166,111.93,41,Fondo foro,1,37,41
RE44-00,Pozzo,RE,ALBINEA,IT080650ER-DET1-CMSG,Conoidi montane e Sabbie gialle occidentali,631486,4942979,91.3,90,,4,26.6,72.9
RE45-00,Pozzo,RE,RUBIERA,IT082390ER-DQ2-CCI,Conoide Secchia - confinato inferiore,641743,4945300,53.38,305,,6,243,295
RE46-00,Pozzo,RE,SCANDIANO,IT080380ER-DQ2-CCS,Conoide Crostolo-Tresinaro - confinato superiore,637544,4942699,67.72,48,Fondo foro,1,46,48
RE46-01,Pozzo,RE,SCANDIANO,IT080380ER-DQ2-CCS,Conoide Crostolo-Tresinaro - confinato superiore,636501,4943043,70.9,64,,,,
RE47-00,Pozzo,RE,CASALGRANDE,IT082390ER-DQ2-CCI,Conoide Secchia - confinato inferiore,641368,4942502,62.3,258,Fondo foro,1,213,247
RE48-00,Pozzo,RE,CASALGRANDE,IT080380ER-DQ2-CCS,Conoide Crostolo-Tresinaro - confinato superiore,637473,4939413,94.07,30,,,,
RE48-03,Pozzo,RE,SCANDIANO,IT080110ER-DQ1-CL,Conoide Tresinaro - libero,635422,4940058,89,30,,,,
RE48-04,Pozzo,RE,SCANDIANO,IT080380ER-DQ2-CCS,Conoide Crostolo-Tresinaro - confinato superiore,637693,4941644,68,36,,,,
RE49-01,Pozzo,RE,CASALGRANDE,IT080390ER-DQ2-CCS,Conoide Secchia - confinato superiore,638432,4939123,88.88,80,,,,
RE50-00,Pozzo,RE,CASALGRANDE,IT080120ER-DQ1-CL,Conoide Secchia - libero,641180,4939682,79.85,158,,6,55,156
RE53-02,Pozzo,RE,ROLO,IT080630ER-DQ2-PPCS,Pianura Alluvionale Padana - confinato superiore,645934,4972889,18.7,81,Fondo foro,1,67,81
RE54-00,Pozzo,RE,SANT'ILARIO D'ENZA,IT080090ER-DQ1-CL,Conoide Enza - libero,614257,4956182,63.77,113,,5,11,113
RE54-02,Pozzo,RE,SANT'ILARIO D'ENZA,IT080090ER-DQ1-CL,Conoide Enza - libero,614059,4955328,66,50,,,,
RE55-00,Pozzo,RE,REGGIO NELL'EMILIA,IT082380ER-DQ2-CCI,Conoide Crostolo-Tresinaro - confinato inferiore,627553,4950455,55.35,150,,3,90,146
RE58-00,Pozzo,RE,GUASTALLA,IT080630ER-DQ2-PPCS,Pianura Alluvionale Padana - confinato superiore,636117,4975145,20.2,119,,,,
RE60-00,Pozzo,RE,BORETTO,IT080630ER-DQ2-PPCS,Pianura Alluvionale Padana - confinato superiore,623377,4973053,22.51,110,,,,
RE68-00,Pozzo,RE,RIO SALICETO,IT082700ER-DQ2-PACI-ITB,Pianura Alluvionale - confinato inferiore,642964,4965924,22.6,225,Fondo foro,1,220,225
RE68-02,Pozzo,RE,RIO SALICETO,IT082700ER-DQ2-PACI-ITB,Pianura Alluvionale - confinato inferiore,642668,4963947,25,181,,1,178,181
RE69-00,Pozzo,RE,SANT'ILARIO D'ENZA,IT080090ER-DQ1-CL,Conoide Enza - libero,615347,4955861,60.8,112,Fondo foro,1,81,100
RE70-00,Pozzo,RE,QUATTRO CASTELLA,IT080650ER-DET1-CMSG,Conoidi montane e Sabbie gialle occidentali,621239,4944491,138.3,88,,3,46,74
RE71-00,Pozzo,RE,MONTECCHIO EMILIA,IT080090ER-DQ1-CL,Conoide Enza - libero,613417,4947904,116,57,,1,43,48
RE72-02,Pozzo,RE,BIBBIANO,IT080090ER-DQ1-CL,Conoide Enza - libero,614707,4946585,127.1,70,,,,
RE73-01,Pozzo,RE,REGGIO NELL'EMILIA,IT082370ER-DQ2-CCI,Conoide Enza - confinato inferiore,624110,4950447,57.8,63,Fondo foro,1,60,63
RE74-00,Pozzo,RE,BIBBIANO,IT080650ER-DET1-CMSG,Conoidi montane e Sabbie gialle occidentali,619199,4949267,100,44,,1,35,38
RE75-01,Pozzo,RE,REGGIO NELL'EMILIA,IT080100ER-DQ1-CL,Conoide Crostolo - libero,627347,4946952,85,30.5,Fondo foro,1,23,28
RE76-00,Pozzo,RE,REGGIO NELL'EMILIA,IT082380ER-DQ2-CCI,Conoide Crostolo-Tresinaro - confinato inferiore,630151,4946622,65.3,103,Fondo foro,1,100,103
RE77-00,Pozzo,RE,ALBINEA,IT080650ER-DET1-CMSG,Conoidi montane e Sabbie gialle occidentali,627659,4942140,145,70,Fondo foro,1,64,66
RE77-01,Pozzo,RE,ALBINEA,IT080650ER-DET1-CMSG,Conoidi montane e Sabbie gialle occidentali,627726,4942145,143,100,Fondo foro,,,
RE78-00,Pozzo,RE,QUATTRO CASTELLA,IT080380ER-DQ2-CCS,Conoide Crostolo-Tresinaro - confinato superiore,623581,4943104,149.1,100,,2,29.1,50.3
RE79-01,Pozzo,RE,BIBBIANO,IT080650ER-DET1-CMSG,Conoidi montane e Sabbie gialle occidentali,616803,4945480,135,60,Fondo foro,1,40,60
RE80-01,Pozzo,RE,CASALGRANDE,IT080110ER-DQ1-CL,Conoide Tresinaro - libero,636801,4939110,102.4,101,,,,
RE80-03,Pozzo,RE,SCANDIANO,IT080650ER-DET1-CMSG,Conoidi montane e Sabbie gialle occidentali,634705,4938158,139,20,,,,
RE80-04,Pozzo,RE,CASALGRANDE,IT080650ER-DET1-CMSG,Conoidi montane e Sabbie gialle occidentali,637736,4937195,132,78,,,,
RE81-00,Pozzo,RE,REGGIO NELL'EMILIA,IT080380ER-DQ2-CCS,Conoide Crostolo-Tresinaro - confinato superiore,631235,4952549,40.2,60,,,,
RE82-00,Pozzo,RE,MONTECCHIO EMILIA,IT080090ER-DQ1-CL,Conoide Enza - libero,613605,4948382,116,67,,1,45,52
RE83-00,Pozzo,RE,CANOSSA,IT085030ER-AV2-VA,Depositi vallate App. Taro-Enza-Tresinaro,611593,4939680,190,5.5,,,,
RE84-00,Pozzo,RE,SCANDIANO,IT080110ER-DQ1-CL,Conoide Tresinaro - libero,631535,4937605,121.3,10,,,,
RE85-00,Pozzo,RE,REGGIO NELL'EMILIA,IT080100ER-DQ1-CL,Conoide Crostolo - libero,627808,4948101,74.2,14.2,,,,
RE85-01,Pozzo,RE,REGGIO NELL'EMILIA,IT080100ER-DQ1-CL,Conoide Crostolo - libero,627138,4949623,63,55,Fondo foro,,,
RE86-00,Pozzo,RE,CASTELLARANO,IT085040ER-AV2-VA,Depositi vallate App. Secchia,634199,4926401,181,17,,,,
RE86-01,Pozzo,RE,CASTELLARANO,IT085040ER-AV2-VA,Depositi vallate App. Secchia,633255,4926551,197,15,,,,
RE90-00,Pozzo,RE,REGGIO NELL'EMILIA,IT080100ER-DQ1-CL,Conoide Crostolo - libero,627639,4946815,93.4,34,,,,
RE-F01-00,Pozzo,RE,REGGIO NELL'EMILIA,IT089015ER-DQ1-FPF-ITB,Freatico di pianura fluviale,635132,4948538,53.5,7.2,,,,
RE-F03-00,Pozzo,RE,CORREGGIO,IT089015ER-DQ1-FPF-ITB,Freatico di pianura fluviale,643911,4960799,27.5,11,,,,
RE-F05-00,Pozzo,RE,CADELBOSCO DI SOPRA,IT089015ER-DQ1-FPF-ITB,Freatico di pianura fluviale,628880,4959432,27.5,6.5,,,,
RE-F11-00,Pozzo,RE,BRESCELLO,IT089015ER-DQ1-FPF-ITB,Freatico di pianura fluviale,617034,4972417,25,5.4,,,,
RE-F11-01,Pozzo,RE,BRESCELLO,IT089015ER-DQ1-FPF-ITB,Freatico di pianura fluviale,620232,4972010,25,8,,,,
RE-F12-00,Pozzo,RE,GUALTIERI,IT089015ER-DQ1-FPF-ITB,Freatico di pianura fluviale,629949,4973962,22,5.3,,,,
RN02-00,Pozzo,RN,MISANO ADRIATICO,IT080600ER-DQ2-CCS,Conoide Conca - confinato superiore,797566,4874609,8,36.5,Fondo foro,1,23,29
RN03-00,Piezometro,RN,SANTARCANGELO DI ROMAGNA,IT080280ER-DQ1-CL,Conoide Marecchia - libero,777283,4881282,50.336,28,Fondo foro,1,12,28
RN04-00,Pozzo,RN,RIMINI,IT080590ER-DQ2-CCS,Conoide Marecchia - confinato superiore,784553,4884990,8.16,50,,1,28,29
RN05-00,Piezometro,RN,RIMINI,IT080590ER-DQ2-CCS,Conoide Marecchia - confinato superiore,780345,4885373,20.451,96,Fondo foro,1,90,96
RN06-00,Pozzo,RN,MISANO ADRIATICO,IT080600ER-DQ2-CCS,Conoide Conca - confinato superiore,798118,4874977,2.4,34.7,,,,
RN21-02,Pozzo,RN,RIMINI,IT080280ER-DQ1-CL,Conoide Marecchia - libero,779194,4882616,33.3,53.6,Fondo foro,1,39.5,52.5
RN29-00,Pozzo,RN,RIMINI,IT080590ER-DQ2-CCS,Conoide Marecchia - confinato superiore,777722,4887408,22.37,37.4,Fondo foro,1,26,37.4
RN30-00,Pozzo,RN,RIMINI,IT080590ER-DQ2-CCS,Conoide Marecchia - confinato superiore,781291,4887309,14.07,42,,2,25.5,38.5
RN31-01,Pozzo,RN,RIMINI,IT080590ER-DQ2-CCS,Conoide Marecchia - confinato superiore,783994,4885076,6.6,31,Fondo foro,1,25.4,28.4
RN33-01,Pozzo,RN,SANTARCANGELO DI ROMAGNA,IT080280ER-DQ1-CL,Conoide Marecchia - libero,776419,4884064,41.2,27,,,,
RN34-00,Pozzo,RN,RIMINI,IT080590ER-DQ2-CCS,Conoide Marecchia - confinato superiore,785421,4884848,3,30,Fondo foro,1,26.6,29.5
RN36-00,Pozzo,RN,RICCIONE,IT080600ER-DQ2-CCS,Conoide Conca - confinato superiore,794961,4876586,13.5,33,,,,
RN38-00,Pozzo,RN,SAN GIOVANNI IN MARIGNANO,IT080600ER-DQ2-CCS,Conoide Conca - confinato superiore,799246,4872215,21,34.3,,,,
RN38-01,Pozzo,RN,SAN GIOVANNI IN MARIGNANO,IT080290ER-DQ1-CL,Conoide Conca - libero,798396,4872593,25,38,,,,
RN59-00,Pozzo,RN,BELLARIA-IGEA MARINA,IT082590ER-DQ2-CCI,Conoide Marecchia - confinato inferiore,778854,4890670,10.5,234,,5,42,219
RN60-01,Pozzo,RN,RIMINI,IT080590ER-DQ2-CCS,Conoide Marecchia - confinato superiore,778815,4885449,28.5,78,,1,65.5,71.5
RN62-00,Pozzo,RN,CATTOLICA,IT080600ER-DQ2-CCS,Conoide Conca - confinato superiore,800113,4873916,10.29,35.6,,2,10,15.5
RN63-01,Pozzo,RN,RIMINI,IT089015ER-DQ1-FPF-ITB,Freatico di pianura fluviale,786274,4881805,13.6,7,,,,
RN66-00,Pozzo,RN,RICCIONE,IT089015ER-DQ1-FPF-ITB,Freatico di pianura fluviale,792434,4877742,12.08,8,,,,
RN67-00,Pozzo,RN,MISANO ADRIATICO,IT080600ER-DQ2-CCS,Conoide Conca - confinato superiore,798091,4874982,4,32.3,,,,
RN67-01,Pozzo,RN,MISANO ADRIATICO,IT080600ER-DQ2-CCS,Conoide Conca - confinato superiore,796795,4875645,4,42,Fondo foro,1,28.6,36.9
RN68-00,Pozzo,RN,MISANO ADRIATICO,IT080600ER-DQ2-CCS,Conoide Conca - confinato superiore,797093,4875432,3.1,36,,,,
RN70-00,Piezometro,RN,SAN GIOVANNI IN MARIGNANO,IT089015ER-DQ1-FPF-ITB,Freatico di pianura fluviale,796986,4873830,18.6,15,,,,
RN71-00,Pozzo,RN,RIMINI,IT080590ER-DQ2-CCS,Conoide Marecchia - confinato superiore,780313,4886907,17.7,101.2,Fondo foro,1,90.7,96.7
RN72-00,Pozzo,RN,RIMINI,IT080590ER-DQ2-CCS,Conoide Marecchia - confinato superiore,781199,4884985,17.75,105,Fondo foro,1,89,101
RN73-00,Pozzo,RN,RIMINI,IT080590ER-DQ2-CCS,Conoide Marecchia - confinato superiore,782375,4885516,12.9,50,,1,35,44
RN74-00,Pozzo,RN,RIMINI,IT080590ER-DQ2-CCS,Conoide Marecchia - confinato superiore,780624,4889890,1.5,25,Fondo foro,1,20.5,23.8
RN76-00,Pozzo,RN,SAN CLEMENTE,IT080290ER-DQ1-CL,Conoide Conca - libero,794124,4870628,75,13,,,,
RN77-00,Pozzo,RN,RIMINI,IT082590ER-DQ2-CCI,Conoide Marecchia - confinato inferiore,781240,4884920,17,119,Fondo foro,1,107,113
RN-F01-00,Piezometro,RN,RIMINI,IT089020ER-DQ1-FPC-ITB,Freatico di pianura costiero,781166,4889206,2,5.5,,,,
RN-F02-00,Pozzo,RN,RIMINI,IT089015ER-DQ1-FPF-ITB,Freatico di pianura fluviale,786461,4881183,16,7.8,,,,
RN-F03-00,Piezometro,RN,MISANO ADRIATICO,IT089020ER-DQ1-FPC-ITB,Freatico di pianura costiero,795537,4876404,4,5.7,,,,
RN-M11-00,Pozzo,RN,NOVAFELTRIA,IT085100IR-AV2-VA,Depositi vallate App. Marecchia-Conca,766128,4868356,210,9.8,,,,