time,y_insar,y_insar_prior,y_insar_post,y_grace,y_grace_prior,y_grace_post,y_smap,y_smap_prior,y_smap_post,theta_shallow,theta_deep,theta_groundwater,x_shallow,x_deep,x_groundwater
2017-06-01,0.0002176325952243669,-0.009960465510175709,0.002522398909878768,44.38049632467711,-71.94081234383536,-3.6423810798073077,,-0.017997038796261404,0.005155176618579746,-0.28644582461258294,0.7766056887383458,-0.2532635032658056,9.390266675482758,-17.306289115107106,4.273641359817041
2017-08-01,0.005171749945504652,-0.011649981647764207,0.004184957832805113,50.21258006733446,-91.39740303770779,-13.540941884704083,,-0.018944991858714608,0.00534760906288229,-0.2822703278398304,0.8175094974702085,-0.3592651068763427,9.7407865708639,-30.372334178017137,7.090605722449156
2017-10-01,0.0174817202796769,-0.008927855188375133,0.003263117356800721,56.044663809991796,-14.808204027896053,-9.31663184008106,,0.007263861659973113,-0.001217962061347228,-0.16767418191052613,0.9777817589611042,-0.365515328371123,-2.2185444656641193,-12.626790415892202,5.528703041475262
2017-12-01,0.005480120163185583,0.02290966517415427,0.0019365803170910446,61.87674755264914,90.3507383223098,40.51025726563206,0.03314157658153105,0.010146489014527181,-0.0009859456199495832,-0.09717111195192357,1.180614560262896,0.0845164806873438,-1.7959214560143288,39.025826285531366,3.2803524361150296
2018-02-01,0.008621143381817327,0.02490292452816334,0.005779963821478762,67.80443922551399,94.26844000103179,51.73891885978354,,0.0109511351181967,-0.0007475473149955648,-0.06826208488227126,1.3479013589611992,0.23208754373066226,-1.3616737426706027,43.3087761839492,9.79181641850494
2018-04-01,0.006612658705337034,0.024777527846993053,0.0029321979086347925,73.44530710775634,81.1496483966211,40.68982071423614,,0.00803481785753863,-0.00044955965906503246,-0.05595144370861316,1.4892968669761375,0.11832819427137775,-0.8188827265287346,36.54152738337238,4.967176057392491
2018-06-01,0.017114218529088482,-0.004750899451448021,0.0016985760627142201,79.27739085041368,2.387909210868181,13.996377365336686,,0.0018138738455231254,-0.0001237937430323705,-0.06824826508078796,1.5903610475245125,-0.35749530827556075,-0.22549300360351224,11.344297615762887,2.877572753177311
2018-08-01,0.012885520439369665,-0.01010406248845186,0.00578460296480712,-2.761603758033282,-59.34540777609757,-25.25162712957487,,-0.011039047193058893,0.0010140404648289138,-0.09185941930445951,1.66818057432085,-0.57256261357902,1.8470968288759313,-36.89973331674294,9.801009358292136
2018-10-01,0.02674595473311661,-0.008188631518706302,0.004412135957224052,-84.80059836648024,-11.244278807613444,-14.541783680400178,-0.08731169170803496,0.007854261184779323,-0.0007312863187569126,-0.0931069519529174,1.7713642772498095,-0.5388380865564183,-1.3320539832738756,-20.685249337378153,7.475519640251851
2018-12-01,0.021996682714445576,0.005007966902752514,0.00015786029671300167,33.32500043668235,45.11118371097143,38.77672394226211,0.03121038609080845,0.008565913156057755,-2.0813640781487494e-05,-0.0024298215966348236,1.8334980604246276,0.031445578723375944,-0.037912500751471116,38.54785298819977,0.26678345481380505
2019-02-01,0.02184326035879372,0.00903193434784555,0.0022859457215569667,81.26352445565546,54.72058860175538,54.48414352409851,,0.007321629604711215,0.0005543523114594453,0.07571433429283814,1.9017368968026842,0.2530499267162688,1.0097648290096006,49.60235510981231,3.872023585276602
2019-04-01,0.023005923460943684,-0.0059322126084881965,0.0006680405278021354,65.14155553065622,-9.165526030805298,1.6403318801680515,,0.0003672839452813802,4.975333679955285e-05,0.13546286854830064,1.935104669810626,-0.1126113231113894,0.09062678839345455,0.41790481449623285,1.1318002772783642
2019-06-01,0.025391696225626453,0.0034099316864733,-7.346650643756958e-05,26.08486711390699,26.118549976919766,49.57322978527911,,-0.002987849497205986,-0.0005758055598602077,0.19271571757501776,1.9681624132976139,-0.021695168225333905,-1.048842388993187,50.747401465922124,-0.12532929164982534
2019-08-01,0.009374568443520056,-0.008339057690328389,0.001690369271270768,-46.170206560116185,-26.884566586782643,-18.688514636240647,-0.04076305694050267,-0.0013411667584666224,-0.00032616810338722093,0.24319727679511996,2.0321340282777656,-0.20273465958967082,-0.5941223159656246,-20.958627059810688,2.8642347395356658
2019-10-01,-0.01883994394935848,-0.006279982228743819,0.0012461380577771272,-90.11343647382773,6.162925735580937,14.18084411189035,-0.07009502417511415,0.007007040072586814,0.0020086378141066985,0.28665995817049217,2.0822366144971296,-0.19840511567547725,3.6587775986067106,8.411040720738024,2.1110257925456155
2019-12-01,-0.029023674112038628,0.03565462258423224,-0.023350793789929755,124.35742714785421,113.20229730037838,42.85415546344622,0.12380286388927036,0.009957635357273096,0.0042613012668167825,0.4279430923029644,2.15402809888886,-0.6549498506120637,7.762053221564732,74.65496457281358,-39.5628623309321
2020-02-01,-0.02513227405049087,0.013425029245986764,-0.009557760665210746,102.6152716331967,45.192850346841205,16.325388330408103,,0.004709239613458943,0.0019847892563090237,0.4214670348555897,2.0838514915990665,-0.7119728588454817,3.6153369303008542,28.903586396515852,-16.1935349964086
2020-04-01,-0.018892033752279297,-0.005673462671651919,0.0011252224826608656,12.991893285591257,-9.444237455840486,6.161490864726901,,-0.0013677297304098238,-0.000516226617009733,0.37743320594124385,1.9537696076586033,-0.19832308952725783,-0.9403180448236877,5.195505717344816,1.9063031922057732
2020-06-01,-0.012222648859249367,-0.009265426940956445,0.0004253937830583654,23.506662541706216,-43.70617890899881,-38.681002926692976,,-0.00429948339608433,-0.0014360349902471782,0.3340017527582544,1.823162821291117,-0.04595683708344789,-2.6157690631092954,-36.78662788122547,0.7213940176417873
2020-08-01,0.012852017041070448,-0.010593076677295699,0.002335030108221772,-78.93819589756049,-64.27255175690948,-57.18877044371412,,-0.007698167768777627,-0.0024238052863109895,0.3148548276826993,1.756159120722185,-0.22049869332745992,-4.415014206472614,-56.73087477479512,3.9571185375536153
2020-10-01,0.003522785585148321,-0.0099013328937545,0.0005743785130283343,-4.68749609432732,-34.83626011924823,-43.527852303525016,,0.005844433340973778,0.0016367557723140332,0.2800538010826765,1.6540452870519387,-0.058057247406427814,2.98138634654555,-47.48313429376592,0.9738956436953566
2020-12-01,0.0047686400075983865,0.004033945811386275,0.0009298339179206569,30.85874571808065,53.92160141646484,52.23659724313869,-0.022473267383045642,0.009944414448193514,0.0022286119548684783,0.22410690609071748,1.6084277755593535,0.23040144535960208,4.059465294934828,46.60266402441035,1.5744679237935082
2021-02-01,,0.02633898239160004,0.01254477671506936,100.3490330825412,82.79754902919584,67.34455578096207,,0.005825297162523017,0.0011792104561812525,0.2024292363602821,1.5942898339339364,0.4762709213506871,2.1479575714537367,43.94375845480184,21.252839754706496
2021-04-01,0.001543030347449766,-0.00439130338005711,-0.0028440324624257217,32.90359787054743,2.7093926435237856,4.945979531331014,,0.002325190085124662,0.00037846184107803086,0.16276597922003444,1.53452017041139,0.6476585280614253,0.6893765000035974,9.075195365131554,-4.818592333804137
2021-06-01,-0.02147782200969936,-0.009478861827815876,-0.00844708335822985,17.124263563830503,-60.37274243048873,-46.16126408977237,,-0.013479117025768834,-0.0015742154694132742,0.11678921300288087,1.4666300540668629,0.8911577795303791,-2.867467820439768,-28.98311132956828,-14.310684939764318
2021-08-01,-0.00031393745936633514,-0.011551585270296982,-0.009124344781824879,-82.80473273835696,-90.20065792838588,-73.86062973111127,,-0.018753538804306392,-0.0027904605884149043,0.14879648142856797,1.4619879756858365,0.7898758356349772,-5.082884838164764,-53.3200890036719,-15.457655889274603
2021-10-01,-0.013459437496719821,-0.009885615533761438,-0.009944689355651924,-93.35224439046898,-38.96531512309935,-57.21540619455642,0.03434928589397007,0.0035926000211843052,0.0005929912576539137,0.165059080932264,1.441095580801391,1.0059571040459239,1.0801465124456278,-41.44773687980669,-16.847815827195358
2021-12-01,-0.004515670035259737,0.0030067455765703244,0.0032475794629715877,-34.545904813628546,48.59588786931618,43.91112940594813,-0.001861072248882767,0.009796187219633936,0.0018169117264000875,0.18547131508047904,1.3679686334732633,1.080127024931505,3.3095443471748567,35.10012877513011,5.501456283643166
2022-02-01,-0.014415361364597394,0.005275879695041397,0.00659112180630887,-28.22691996238743,35.4677128770047,37.59744437918214,,0.005213217649820029,0.0014511631265294832,0.27836227527918006,1.3965135938248696,1.249306429292908,2.6433252933811935,23.787752218333157,11.166366867467792
2022-04-01,-0.02521595710911037,-0.006619445695150716,-0.01193850401699654,-31.22927699826275,-18.521109466976714,-27.21361372456476,,-0.0019528549339716092,-0.0007859962910329729,0.40248575424619826,1.4817728619864243,1.8035599723748676,-1.4317093913211774,-5.555543554622683,-20.226360778620897
2022-06-01,-0.01943041503451945,-0.00997203208027031,-0.02068233760881255,-113.2871668472103,-69.72919863976077,-86.91341659477851,,-0.016293674587286054,-0.008564663770213242,0.525643477432417,1.566467918696456,2.074093562378703,-15.600721903162443,-36.273120660224805,-35.039574031391254
2022-08-01,,-0.011397087072339218,-0.026926220207084822,-228.21368616662528,-83.08975845298431,-120.84396826754319,,-0.015272580925651622,-0.009303087322587583,0.6091365544485178,1.620598600735793,2.362620505879966,-16.94577651317553,-58.28049553635977,-45.617696218007886
2022-10-01,-0.02169014772422792,-0.004912774155869215,-0.012513981606639062,-164.43199825130023,15.76693345464763,6.095337691934748,,0.004892720918603289,0.0026511000043781823,0.5418457436021069,1.4802690472544149,2.54716235418822,4.829036494067414,22.468240306859244,-21.20193910899191
