tile_row,tile_col,lat,lon,insar_obs_mean,insar_post_mean,insar_obs_trend,insar_post_trend,ShallowLoad_mean,ShallowLoad_trend,ShallowLoad_theta_mean,DeepLoad_mean,DeepLoad_trend,DeepLoad_theta_mean,Groundwater_mean,Groundwater_trend,Groundwater_theta_mean
0,0,44.67212677001953,11.220741271972656,-6.125886603536301e-11,-0.00024413158826064318,,-0.00020769691513668412,-0.97774738073349,-0.32933814849649723,0.36460983753204346,0.6836082935333252,-1.01079048738282,1.6168179512023926,-0.5620181560516357,-0.30181431934177716,0.0882951021194458
0,1,44.674766540527344,11.301313400268555,-9.012798840579705e-11,-0.0011628065258264542,,-0.00040730617714345916,-0.8795047998428345,-0.3128116039290307,0.3592798709869385,1.024975299835205,-0.9179301947992753,1.6081706285476685,-2.2081339359283447,-0.6135092197025922,0.21673741936683655
0,2,44.67735290527344,11.381897926330566,2.403413024154588e-10,-0.0022837123833596706,,-0.0006279272449883429,-0.8086879849433899,-0.2922621918954254,0.32816603779792786,1.4071611166000366,-0.7850954519475207,1.4245977401733398,-3.904186725616455,-0.9569141436667047,0.5575909614562988
0,3,44.67987823486328,11.462492942810059,-1.201706512077294e-10,-0.001955570885911584,,-0.0005200297816474903,-0.9376234412193298,-0.3050636192933123,0.2846730053424835,0.9279413819313049,-0.9090586896328365,1.5792983770370483,-3.420725107192993,-0.7885983209075894,0.3968871235847473
0,4,44.682350158691406,11.543097496032715,-4.506399420289853e-11,-0.0017578396946191788,,0.00013230202955522287,-1.1333874464035034,-0.37443680641441207,0.27016931772232056,0.1575220227241516,-1.197640922219358,1.9212825298309326,-2.9314768314361572,0.16387609790831326,-0.13307638466358185
0,5,44.68476867675781,11.623714447021484,6.00853256038647e-11,-0.0007487070397473872,,8.151136166500152e-05,-1.4698494672775269,-0.3815689235477444,0.24371635913848877,-0.5410926938056946,-1.181876505162308,1.7616757154464722,-1.3546112775802612,0.10707266128716622,0.05849314481019974
0,6,44.685951232910156,11.66402530670166,-4.506399420289853e-11,-0.0005502841086126864,,-0.00034103841022578975,-1.5045459270477295,-0.3492909764178735,0.2380191683769226,-0.3258306086063385,-1.0765380558961215,1.6232242584228516,-1.220432162284851,-0.48904303280029066,0.22512124478816986
1,0,44.6146354675293,11.224477767944336,2.1029863961352646e-10,-0.0016803034814074636,,-0.0005295687623168593,-0.743135929107666,-0.3377262784347416,0.4305122196674347,2.2367846965789795,-0.7466745650455515,1.3745157718658447,-2.9767069816589355,-0.8992951813796386,0.3980187177658081
1,1,44.617271423339844,11.304970741271973,-3.004266280193235e-11,-0.0019082700600847602,,-0.0004944577123342971,-0.7058660387992859,-0.3469880852502158,0.43418100476264954,2.0578830242156982,-0.7019304840870321,1.436155080795288,-3.1176774501800537,-0.7953205545617138,0.32734474539756775
1,2,44.619850158691406,11.385476112365723,1.802559768115941e-10,-0.0016708197072148323,,-0.0005566254683526981,-0.7448253631591797,-0.3468163134967133,0.4534991681575775,1.7287479639053345,-0.6745738527254466,1.4677927494049072,-2.703127145767212,-0.8579613215235227,0.3074338436126709
1,3,44.62237548828125,11.465991020202637,1.201706512077294e-10,-0.0026035478804260492,,-0.00047112503865631646,-0.6832451224327087,-0.363786462239951,0.43303778767585754,1.8185720443725586,-0.6835347869816948,1.4962315559387207,-4.064526081085205,-0.7311261657645358,0.2894288897514343
1,4,44.624839782714844,11.546517372131348,2.403413024154588e-10,-0.002482461975887418,,-0.000451409194984129,-0.7961994409561157,-0.37989811634965165,0.4298625886440277,1.5756267309188843,-0.7042757535283578,1.5370521545410156,-3.8409242630004883,-0.693547881442436,0.1885264366865158
1,5,44.62725067138672,11.627053260803223,-2.403413024154588e-10,-0.0023322240449488163,,-0.0003586673135426422,-0.9390037655830383,-0.3897554311941174,0.37693333625793457,1.3587052822113037,-0.7543563689777558,1.6206172704696655,-3.5096428394317627,-0.5361837413769593,0.20741374790668488
1,6,44.62843322753906,11.667325019836426,6.00853256038647e-11,-0.0015005627647042274,,-0.00024086302948519083,-1.157401204109192,-0.4082491884959294,0.368921160697937,0.8880673050880432,-0.8008299962801729,1.6354000568389893,-2.2479217052459717,-0.3504026579934566,0.1867038905620575
2,0,44.55714416503906,11.228202819824219,-1.5021331400966176e-10,-0.0023131677880883217,,-0.0004956997111154892,-0.45889905095100403,-0.3532023277450577,0.5076808333396912,2.6807045936584473,-0.7067525410317482,1.3495569229125977,-4.089216232299805,-0.8742730998219972,0.2511473596096039
2,1,44.55977249145508,11.308616638183594,-1.802559768115941e-10,-0.0019593832548707724,,-0.00041752438253382553,-0.5905677676200867,-0.37905329876245664,0.5221091508865356,2.410374164581299,-0.6803239519473783,1.3997503519058228,-3.274705648422241,-0.6923172915563545,0.18569844961166382
2,2,44.562347412109375,11.389041900634766,6.00853256038647e-11,-0.0016588626895099878,,-0.0005018346971792685,-0.679469645023346,-0.37883214698357376,0.505078136920929,2.1502201557159424,-0.6192247150814469,1.3713592290878296,-2.627817392349243,-0.7966771901131952,0.3131435811519623
2,3,44.56486892700195,11.469478607177734,0.0,-0.0016886942321434617,,-0.0002733173493341159,-0.7064371705055237,-0.41203002690556734,0.5110294222831726,1.7857420444488525,-0.6651995247578557,1.5239616632461548,-2.669929265975952,-0.41347558789931355,0.10903484374284744
2,4,44.56732940673828,11.549925804138184,-6.00853256038647e-11,-0.0012160988990217447,,-0.000544405401352101,-0.8343394994735718,-0.394564136314918,0.48844578862190247,1.7170135974884033,-0.5707822194631724,1.4332929849624634,-1.7624527215957642,-0.8063149522581601,0.296796053647995
2,5,44.569732666015625,11.630382537841797,-2.403413024154588e-10,-0.0020664127077907324,,-0.000481204658081334,-0.8061913251876831,-0.40977723097657776,0.4867210388183594,1.8423066139221191,-0.5556846265606383,1.445809006690979,-2.9405221939086914,-0.6971647707620302,0.2518749237060547
2,6,44.57091522216797,11.670614242553711,-1.201706512077294e-10,-0.0020953600760549307,,-0.0004346739754748371,-0.8422099947929382,-0.4121106109796042,0.47458967566490173,1.6551587581634521,-0.5828081863598629,1.4993224143981934,-2.9359471797943115,-0.6122246731040292,0.19034680724143982
3,0,44.49964904785156,11.231916427612305,4.806826048309176e-10,-0.0024143087211996317,,-0.0006109278172730495,-0.3958459794521332,-0.3189982844237736,0.5634275674819946,2.8974385261535645,-0.5645146784895563,1.1186124086380005,-4.246886253356934,-1.0969902095110977,0.5430964827537537
3,1,44.50227355957031,11.312252044677734,1.201706512077294e-10,-0.0018457096302881837,,-0.0003806984067949618,-0.45591458678245544,-0.3845866620142192,0.566238522529602,2.46690034866333,-0.7132813251791472,1.3954625129699707,-3.142702102661133,-0.6464019462648022,0.07820097357034683
3,2,44.504844665527344,11.392599105834961,1.802559768115941e-10,-0.0022383329924196005,,-0.0005363921565128202,-0.5167236328125,-0.38025310067808565,0.5366876721382141,2.553262710571289,-0.6382177086537056,1.3541713953018188,-3.692751169204712,-0.8764467567733345,0.24022804200649261
3,3,44.50735855102539,11.472956657409668,1.802559768115941e-10,-0.0018142490880563855,,-0.0002768064672986863,-0.5970449447631836,-0.4171299427837373,0.539972722530365,1.9703696966171265,-0.6701436755571136,1.5096220970153809,-2.929952383041382,-0.42015916453226204,0.025938568636775017
3,4,44.50981903076172,11.553323745727539,6.00853256038647e-11,-0.0016367498319596052,,-0.0003635040680101667,-0.6765517592430115,-0.41779129574682944,0.5352523326873779,1.9075525999069214,-0.5869001924772473,1.4687694311141968,-2.5250673294067383,-0.5290282535990267,0.1243618056178093
3,5,44.5122184753418,11.633703231811523,-3.004266280193235e-10,-0.0019350415095686913,,-0.00048312266522420916,-0.7083216905593872,-0.4153222332504344,0.536156415939331,1.916578769683838,-0.5140440189902158,1.3908442258834839,-2.7274270057678223,-0.6898011147391043,0.21258941292762756
3,6,44.513397216796875,11.673894882202148,6.00853256038647e-11,-0.0022996454499661922,,-0.00039173589868398345,-0.6673168540000916,-0.42221319485196773,0.5219322443008423,1.8760311603546143,-0.5301338621479942,1.45381498336792,-3.1159934997558594,-0.5371083094325056,0.12961474061012268
4,0,44.44215774536133,11.235618591308594,-3.004266280193235e-11,-0.0013491874560713768,,-0.0004415258230107032,-0.3073209524154663,-0.3331368212553269,0.5575976371765137,2.4934818744659424,-0.6921671762823421,1.336051106452942,-2.3285117149353027,-0.8488996502629576,0.20109665393829346
4,1,44.44477844238281,11.315876007080078,7.510665700483088e-12,-0.0015459608985111117,,-0.00015320739087164743,-0.3792652189731598,-0.390988757335805,0.5646470785140991,2.311330556869507,-0.809737403364105,1.495442509651184,-2.638746500015259,-0.28142379992766015,-0.005790699739009142
4,2,44.44734191894531,11.396143913269043,0.0,-0.002096254378557205,,-0.00015985663283576905,-0.36950522661209106,-0.3984200260278216,0.553305983543396,2.2605810165405273,-0.8451464294909156,1.5966922044754028,-3.5725324153900146,-0.2809974703571092,-0.10388720035552979
4,3,44.449851989746094,11.476423263549805,-6.00853256038647e-11,-0.002371791983023286,,-0.000452932226708947,-0.42919471859931946,-0.3805978770136216,0.529038667678833,2.446047306060791,-0.6812008415513179,1.391717553138733,-3.9087283611297607,-0.7599594156471963,0.20280271768569946
4,4,44.452301025390625,11.55671215057373,0.0,-0.002389173721894622,,-0.0005215202351310462,-0.4970536530017853,-0.3850216936359909,0.5121115446090698,2.5528788566589355,-0.5638943582295096,1.2518479824066162,-3.791090965270996,-0.8421834690526208,0.39545971155166626
4,5,44.4547004699707,11.637011528015137,-3.605119536231882e-10,-0.0024250501301139593,,-0.0005259786425776254,-0.5392976999282837,-0.38923068415788487,0.5001804232597351,2.535398006439209,-0.5012221816070577,1.2179372310638428,-3.598856210708618,-0.8057340364504785,0.4380873143672943
4,6,44.455875396728516,11.677165031433105,0.0,-0.0022072498686611652,,-0.0005379005955653745,-0.6300928592681885,-0.39078791756282516,0.4839850664138794,2.3305747509002686,-0.5025547875121316,1.2587796449661255,-3.0979580879211426,-0.7923597895146851,0.4313654899597168
5,0,44.384666442871094,11.239310264587402,6.00853256038647e-11,-0.001861443743109703,,-0.0007621643774942193,-0.25253650546073914,-0.2852904313707097,0.6102702617645264,2.5133399963378906,-0.37244201654737646,0.6461698412895203,-3.3981711864471436,-1.5269696973563038,0.8566946983337402
5,1,44.38727569580078,11.319489479064941,1.201706512077294e-10,-0.0018083947943523526,,-0.0007082915738703407,-0.30815955996513367,-0.314954635532782,0.5805013179779053,2.4724135398864746,-0.5037509850201441,0.8730497360229492,-3.179729461669922,-1.3811081001624703,0.65335613489151
5,2,44.38983917236328,11.399679183959961,-6.00853256038647e-11,-0.0021572464611381292,,-0.00029050522448536583,-0.29126405715942383,-0.36235868819257155,0.5428809523582458,2.128176212310791,-0.8068441731885155,1.4041239023208618,-3.668766975402832,-0.5722696191984862,0.1483435481786728
5,3,44.39234161376953,11.479879379272461,9.012798840579705e-11,-0.002421281998977065,,0.0001272489881924906,-0.279592365026474,-0.41248258818837413,0.4857481122016907,1.8446009159088135,-0.9495540803129022,1.6092478036880493,-4.097616195678711,0.21874580902351257,-0.023991256952285767
5,4,44.39479064941406,11.560091018676758,0.0,-0.0020231870003044605,,-0.0006019387297968213,-0.4786842167377472,-0.3528492464459835,0.5109532475471497,2.4212679862976074,-0.5802544496236319,1.102792739868164,-3.3409812450408936,-1.0714201549874907,0.5009611248970032
5,5,44.397178649902344,11.640312194824219,-1.201706512077294e-10,-0.0022467775270342827,,-0.0005819269987157613,-0.5439433455467224,-0.3663653170560452,0.4992043972015381,2.4621899127960205,-0.5362586337017184,1.08916175365448,-3.50771164894104,-0.9763998150699669,0.5484685897827148
5,6,44.398353576660156,11.680425643920898,-6.00853256038647e-11,-0.001735092606395483,,-0.0003393290120594152,-0.6484838724136353,-0.3962205766966656,0.4758104681968689,2.0498621463775635,-0.6286625714504464,1.2786953449249268,-2.5837783813476562,-0.5519710769627821,0.31152379512786865
6,0,44.327171325683594,11.242990493774414,0.0,-0.0016579476650804281,,-0.0007591589367081194,-0.14226789772510529,-0.2576760773990244,0.6941450834274292,1.990523338317871,-0.31553298273786184,0.4322360157966614,-3.165476083755493,-1.6326588963103645,0.9058337211608887
6,1,44.32978057861328,11.323091506958008,1.201706512077294e-10,-0.0014707357622683048,,-0.0006327767681173562,-0.2146308720111847,-0.2992464119100316,0.6598093509674072,1.8005467653274536,-0.4536406131770043,0.723495602607727,-2.818354368209839,-1.3601858367157333,0.6649243831634521
6,2,44.33233642578125,11.403203964233398,-3.004266280193235e-11,-0.0015360243851318955,,-0.0002068755539295383,-0.24371682107448578,-0.3468438757852437,0.5729053616523743,1.4424879550933838,-0.7135340909667831,1.1511914730072021,-2.5690388679504395,-0.4706615554218624,0.29449570178985596
6,3,44.33483123779297,11.48332691192627,9.012798840579705e-11,-0.0026986761949956417,,2.4978730985617767e-05,-0.12321313470602036,-0.3814444624305887,0.5018637180328369,1.721716284751892,-0.8569662604421218,1.3655080795288086,-4.943702697753906,0.01572863352709116,0.19741258025169373
6,4,44.33727264404297,11.563459396362305,-1.802559768115941e-10,-0.0017814886523410678,,-0.00047598754829481367,-0.3925491273403168,-0.3443543098189614,0.5403041839599609,1.7977521419525146,-0.6521220842306626,1.1446874141693115,-3.100389242172241,-0.9593241261642048,0.34460750222206116
6,5,44.33966064453125,11.64360237121582,1.201706512077294e-10,-0.002240207977592945,,-0.0005739254997593588,-0.4225676357746124,-0.34980249616073417,0.5445376038551331,2.233171224594116,-0.5563638031004584,1.0508953332901,-3.608100652694702,-1.069767293998384,0.48358863592147827
6,6,44.34083557128906,11.683677673339844,-3.004266280193235e-10,-0.0029353636782616377,,-0.0004400686477194229,-0.3484956920146942,-0.3761078723292937,0.519434928894043,2.4051010608673096,-0.5851480679556648,1.0948036909103394,-4.724893569946289,-0.7771010191284399,0.4938400685787201
7,0,44.31279754638672,11.24390983581543,0.0,-0.0015882013831287622,,-0.000709310125364421,-0.09581770747900009,-0.2562853738585895,0.7026687264442444,1.9370620250701904,-0.3494750783644258,0.518517017364502,-3.14760422706604,-1.5692078294294742,0.8039379715919495
7,1,44.315406799316406,11.323991775512695,1.201706512077294e-10,-0.0015681501245126128,,-0.0004982785078494425,-0.12124910950660706,-0.3064024722512393,0.6518278121948242,1.781867504119873,-0.4926562976629976,0.7699080109596252,-3.1590301990509033,-1.1162908484531755,0.5991470217704773
7,2,44.317955017089844,11.404084205627441,0.0,-0.0015881669241935015,,-0.00031156669816837505,-0.20755967497825623,-0.3290094432426009,0.585955023765564,1.4740920066833496,-0.6499883737166059,1.0394266843795776,-2.7763779163360596,-0.7091695827290038,0.38094496726989746
7,3,44.320457458496094,11.484186172485352,2.403413024154588e-10,-0.0025033107958734035,,-0.00023145918612742553,-0.13994872570037842,-0.3524013715472451,0.5324797034263611,1.7438678741455078,-0.7314830001264332,1.1528191566467285,-4.55789852142334,-0.5196320376891822,0.33348867297172546
7,4,44.322898864746094,11.564299583435059,0.0,-0.0017192307859659195,,-0.0004974717085230579,-0.36698564887046814,-0.3353990912437439,0.5499885678291321,1.724975347518921,-0.6314799321845254,1.096055507659912,-3.080232858657837,-1.0317029794429076,0.36955252289772034
7,5,44.325279235839844,11.644423484802246,-1.201706512077294e-10,-0.0021989508531987667,,-0.0006511157799908163,-0.43744558095932007,-0.3408158781694218,0.5777638554573059,2.170475959777832,-0.4852390072164051,0.8904854655265808,-3.577787160873413,-1.2449720274597247,0.6210380792617798
7,6,44.326454162597656,11.684488296508789,3.605119536231882e-10,-0.0026621748693287373,,-0.0005503617839444644,-0.3672298491001129,-0.3602287442209249,0.5486705303192139,2.3028063774108887,-0.5263286258447617,0.9638341665267944,-4.268394470214844,-1.001325806951459,0.5850968956947327
