master,slave,path
S1A_IW_SLC__1SDV_20230104T171448_20230104T171516_046637_0596FA_36D4,S1A_IW_SLC__1SDV_20230116T171448_20230116T171515_046812_059CDB_3F6D,15
S1A_IW_SLC__1SDV_20230104T171448_20230104T171516_046637_0596FA_36D4,S1A_IW_SLC__1SDV_20230128T171447_20230128T171515_046987_05A2C2_4EDA,15
S1A_IW_SLC__1SDV_20230104T171448_20230104T171516_046637_0596FA_36D4,S1A_IW_SLC__1SDV_20230209T171446_20230209T171514_047162_05A897_D819,15
S1A_IW_SLC__1SDV_20230104T171448_20230104T171516_046637_0596FA_36D4,S1A_IW_SLC__1SDV_20230221T171447_20230221T171514_047337_05AE8C_3F77,15
S1A_IW_SLC__1SDV_20230104T171448_20230104T171516_046637_0596FA_36D4,S1A_IW_SLC__1SDV_20230305T171446_20230305T171514_047512_05B476_2FD7,15
S1A_IW_SLC__1SDV_20230104T171448_20230104T171516_046637_0596FA_36D4,S1A_IW_SLC__1SDV_20230317T171447_20230317T171514_047687_05BA62_AA46,15
S1A_IW_SLC__1SDV_20230104T171448_20230104T171516_046637_0596FA_36D4,S1A_IW_SLC__1SDV_20230329T171447_20230329T171514_047862_05C048_FC29,15
S1A_IW_SLC__1SDV_20230104T171448_20230104T171516_046637_0596FA_36D4,S1A_IW_SLC__1SDV_20230410T171448_20230410T171515_048037_05C630_A302,15
S1A_IW_SLC__1SDV_20230104T171448_20230104T171516_046637_0596FA_36D4,S1A_IW_SLC__1SDV_20230422T171448_20230422T171515_048212_05CC09_F979,15
S1A_IW_SLC__1SDV_20230104T171448_20230104T171516_046637_0596FA_36D4,S1A_IW_SLC__1SDV_20230504T171449_20230504T171516_048387_05D1E8_A1E5,15
S1A_IW_SLC__1SDV_20230104T171448_20230104T171516_046637_0596FA_36D4,S1A_IW_SLC__1SDV_20230516T171449_20230516T171516_048562_05D752_140B,15
S1A_IW_SLC__1SDV_20230104T171448_20230104T171516_046637_0596FA_36D4,S1A_IW_SLC__1SDV_20230528T171450_20230528T171517_048737_05DC83_F3CC,15
S1A_IW_SLC__1SDV_20230104T171448_20230104T171516_046637_0596FA_36D4,S1A_IW_SLC__1SDV_20230609T171450_20230609T171517_048912_05E1C6_844B,15
S1A_IW_SLC__1SDV_20230104T171448_20230104T171516_046637_0596FA_36D4,S1A_IW_SLC__1SDV_20230621T171451_20230621T171518_049087_05E71D_3515,15
S1A_IW_SLC__1SDV_20230104T171448_20230104T171516_046637_0596FA_36D4,S1A_IW_SLC__1SDV_20230703T171452_20230703T171519_049262_05EC71_5BE3,15
S1A_IW_SLC__1SDV_20230116T171448_20230116T171515_046812_059CDB_3F6D,S1A_IW_SLC__1SDV_20230128T171447_20230128T171515_046987_05A2C2_4EDA,15
S1A_IW_SLC__1SDV_20230116T171448_20230116T171515_046812_059CDB_3F6D,S1A_IW_SLC__1SDV_20230209T171446_20230209T171514_047162_05A897_D819,15
S1A_IW_SLC__1SDV_20230116T171448_20230116T171515_046812_059CDB_3F6D,S1A_IW_SLC__1SDV_20230221T171447_20230221T171514_047337_05AE8C_3F77,15
S1A_IW_SLC__1SDV_20230116T171448_20230116T171515_046812_059CDB_3F6D,S1A_IW_SLC__1SDV_20230305T171446_20230305T171514_047512_05B476_2FD7,15
S1A_IW_SLC__1SDV_20230116T171448_20230116T171515_046812_059CDB_3F6D,S1A_IW_SLC__1SDV_20230317T171447_20230317T171514_047687_05BA62_AA46,15
S1A_IW_SLC__1SDV_20230116T171448_20230116T171515_046812_059CDB_3F6D,S1A_IW_SLC__1SDV_20230329T171447_20230329T171514_047862_05C048_FC29,15
S1A_IW_SLC__1SDV_20230116T171448_20230116T171515_046812_059CDB_3F6D,S1A_IW_SLC__1SDV_20230410T171448_20230410T171515_048037_05C630_A302,15
S1A_IW_SLC__1SDV_20230116T171448_20230116T171515_046812_059CDB_3F6D,S1A_IW_SLC__1SDV_20230422T171448_20230422T171515_048212_05CC09_F979,15
S1A_IW_SLC__1SDV_20230116T171448_20230116T171515_046812_059CDB_3F6D,S1A_IW_SLC__1SDV_20230504T171449_20230504T171516_048387_05D1E8_A1E5,15
S1A_IW_SLC__1SDV_20230116T171448_20230116T171515_046812_059CDB_3F6D,S1A_IW_SLC__1SDV_20230516T171449_20230516T171516_048562_05D752_140B,15
S1A_IW_SLC__1SDV_20230116T171448_20230116T171515_046812_059CDB_3F6D,S1A_IW_SLC__1SDV_20230528T171450_20230528T171517_048737_05DC83_F3CC,15
S1A_IW_SLC__1SDV_20230116T171448_20230116T171515_046812_059CDB_3F6D,S1A_IW_SLC__1SDV_20230609T171450_20230609T171517_048912_05E1C6_844B,15
S1A_IW_SLC__1SDV_20230116T171448_20230116T171515_046812_059CDB_3F6D,S1A_IW_SLC__1SDV_20230621T171451_20230621T171518_049087_05E71D_3515,15
S1A_IW_SLC__1SDV_20230116T171448_20230116T171515_046812_059CDB_3F6D,S1A_IW_SLC__1SDV_20230703T171452_20230703T171519_049262_05EC71_5BE3,15
S1A_IW_SLC__1SDV_20230116T171448_20230116T171515_046812_059CDB_3F6D,S1A_IW_SLC__1SDV_20230715T171453_20230715T171520_049437_05F1DD_D7DD,15
S1A_IW_SLC__1SDV_20230128T171447_20230128T171515_046987_05A2C2_4EDA,S1A_IW_SLC__1SDV_20230209T171446_20230209T171514_047162_05A897_D819,15
S1A_IW_SLC__1SDV_20230128T171447_20230128T171515_046987_05A2C2_4EDA,S1A_IW_SLC__1SDV_20230221T171447_20230221T171514_047337_05AE8C_3F77,15
S1A_IW_SLC__1SDV_20230128T171447_20230128T171515_046987_05A2C2_4EDA,S1A_IW_SLC__1SDV_20230305T171446_20230305T171514_047512_05B476_2FD7,15
S1A_IW_SLC__1SDV_20230128T171447_20230128T171515_046987_05A2C2_4EDA,S1A_IW_SLC__1SDV_20230317T171447_20230317T171514_047687_05BA62_AA46,15
S1A_IW_SLC__1SDV_20230128T171447_20230128T171515_046987_05A2C2_4EDA,S1A_IW_SLC__1SDV_20230329T171447_20230329T171514_047862_05C048_FC29,15
S1A_IW_SLC__1SDV_20230128T171447_20230128T171515_046987_05A2C2_4EDA,S1A_IW_SLC__1SDV_20230410T171448_20230410T171515_048037_05C630_A302,15
S1A_IW_SLC__1SDV_20230128T171447_20230128T171515_046987_05A2C2_4EDA,S1A_IW_SLC__1SDV_20230422T171448_20230422T171515_048212_05CC09_F979,15
S1A_IW_SLC__1SDV_20230128T171447_20230128T171515_046987_05A2C2_4EDA,S1A_IW_SLC__1SDV_20230504T171449_20230504T171516_048387_05D1E8_A1E5,15
S1A_IW_SLC__1SDV_20230128T171447_20230128T171515_046987_05A2C2_4EDA,S1A_IW_SLC__1SDV_20230516T171449_20230516T171516_048562_05D752_140B,15
S1A_IW_SLC__1SDV_20230128T171447_20230128T171515_046987_05A2C2_4EDA,S1A_IW_SLC__1SDV_20230528T171450_20230528T171517_048737_05DC83_F3CC,15
S1A_IW_SLC__1SDV_20230128T171447_20230128T171515_046987_05A2C2_4EDA,S1A_IW_SLC__1SDV_20230609T171450_20230609T171517_048912_05E1C6_844B,15
S1A_IW_SLC__1SDV_20230128T171447_20230128T171515_046987_05A2C2_4EDA,S1A_IW_SLC__1SDV_20230621T171451_20230621T171518_049087_05E71D_3515,15
S1A_IW_SLC__1SDV_20230128T171447_20230128T171515_046987_05A2C2_4EDA,S1A_IW_SLC__1SDV_20230703T171452_20230703T171519_049262_05EC71_5BE3,15
S1A_IW_SLC__1SDV_20230128T171447_20230128T171515_046987_05A2C2_4EDA,S1A_IW_SLC__1SDV_20230715T171453_20230715T171520_049437_05F1DD_D7DD,15
S1A_IW_SLC__1SDV_20230128T171447_20230128T171515_046987_05A2C2_4EDA,S1A_IW_SLC__1SDV_20230727T171453_20230727T171520_049612_05F73D_4C92,15
S1A_IW_SLC__1SDV_20230209T171446_20230209T171514_047162_05A897_D819,S1A_IW_SLC__1SDV_20230221T171447_20230221T171514_047337_05AE8C_3F77,15
S1A_IW_SLC__1SDV_20230209T171446_20230209T171514_047162_05A897_D819,S1A_IW_SLC__1SDV_20230305T171446_20230305T171514_047512_05B476_2FD7,15
S1A_IW_SLC__1SDV_20230209T171446_20230209T171514_047162_05A897_D819,S1A_IW_SLC__1SDV_20230317T171447_20230317T171514_047687_05BA62_AA46,15
S1A_IW_SLC__1SDV_20230209T171446_20230209T171514_047162_05A897_D819,S1A_IW_SLC__1SDV_20230329T171447_20230329T171514_047862_05C048_FC29,15
S1A_IW_SLC__1SDV_20230209T171446_20230209T171514_047162_05A897_D819,S1A_IW_SLC__1SDV_20230410T171448_20230410T171515_048037_05C630_A302,15
S1A_IW_SLC__1SDV_20230209T171446_20230209T171514_047162_05A897_D819,S1A_IW_SLC__1SDV_20230422T171448_20230422T171515_048212_05CC09_F979,15
S1A_IW_SLC__1SDV_20230209T171446_20230209T171514_047162_05A897_D819,S1A_IW_SLC__1SDV_20230504T171449_20230504T171516_048387_05D1E8_A1E5,15
S1A_IW_SLC__1SDV_20230209T171446_20230209T171514_047162_05A897_D819,S1A_IW_SLC__1SDV_20230516T171449_20230516T171516_048562_05D752_140B,15
S1A_IW_SLC__1SDV_20230209T171446_20230209T171514_047162_05A897_D819,S1A_IW_SLC__1SDV_20230528T171450_20230528T171517_048737_05DC83_F3CC,15
S1A_IW_SLC__1SDV_20230209T171446_20230209T171514_047162_05A897_D819,S1A_IW_SLC__1SDV_20230609T171450_20230609T171517_048912_05E1C6_844B,15
S1A_IW_SLC__1SDV_20230209T171446_20230209T171514_047162_05A897_D819,S1A_IW_SLC__1SDV_20230621T171451_20230621T171518_049087_05E71D_3515,15
S1A_IW_SLC__1SDV_20230209T171446_20230209T171514_047162_05A897_D819,S1A_IW_SLC__1SDV_20230703T171452_20230703T171519_049262_05EC71_5BE3,15
S1A_IW_SLC__1SDV_20230209T171446_20230209T171514_047162_05A897_D819,S1A_IW_SLC__1SDV_20230715T171453_20230715T171520_049437_05F1DD_D7DD,15
S1A_IW_SLC__1SDV_20230209T171446_20230209T171514_047162_05A897_D819,S1A_IW_SLC__1SDV_20230727T171453_20230727T171520_049612_05F73D_4C92,15
S1A_IW_SLC__1SDV_20230209T171446_20230209T171514_047162_05A897_D819,S1A_IW_SLC__1SDV_20230808T171454_20230808T171521_049787_05FCB4_9A58,15
S1A_IW_SLC__1SDV_20230221T171447_20230221T171514_047337_05AE8C_3F77,S1A_IW_SLC__1SDV_20230305T171446_20230305T171514_047512_05B476_2FD7,15
S1A_IW_SLC__1SDV_20230221T171447_20230221T171514_047337_05AE8C_3F77,S1A_IW_SLC__1SDV_20230317T171447_20230317T171514_047687_05BA62_AA46,15
S1A_IW_SLC__1SDV_20230221T171447_20230221T171514_047337_05AE8C_3F77,S1A_IW_SLC__1SDV_20230329T171447_20230329T171514_047862_05C048_FC29,15
S1A_IW_SLC__1SDV_20230221T171447_20230221T171514_047337_05AE8C_3F77,S1A_IW_SLC__1SDV_20230410T171448_20230410T171515_048037_05C630_A302,15
S1A_IW_SLC__1SDV_20230221T171447_20230221T171514_047337_05AE8C_3F77,S1A_IW_SLC__1SDV_20230422T171448_20230422T171515_048212_05CC09_F979,15
S1A_IW_SLC__1SDV_20230221T171447_20230221T171514_047337_05AE8C_3F77,S1A_IW_SLC__1SDV_20230504T171449_20230504T171516_048387_05D1E8_A1E5,15
S1A_IW_SLC__1SDV_20230221T171447_20230221T171514_047337_05AE8C_3F77,S1A_IW_SLC__1SDV_20230516T171449_20230516T171516_048562_05D752_140B,15
S1A_IW_SLC__1SDV_20230221T171447_20230221T171514_047337_05AE8C_3F77,S1A_IW_SLC__1SDV_20230528T171450_20230528T171517_048737_05DC83_F3CC,15
S1A_IW_SLC__1SDV_20230221T171447_20230221T171514_047337_05AE8C_3F77,S1A_IW_SLC__1SDV_20230609T171450_20230609T171517_048912_05E1C6_844B,15
S1A_IW_SLC__1SDV_20230221T171447_20230221T171514_047337_05AE8C_3F77,S1A_IW_SLC__1SDV_20230621T171451_20230621T171518_049087_05E71D_3515,15
S1A_IW_SLC__1SDV_20230221T171447_20230221T171514_047337_05AE8C_3F77,S1A_IW_SLC__1SDV_20230703T171452_20230703T171519_049262_05EC71_5BE3,15
S1A_IW_SLC__1SDV_20230221T171447_20230221T171514_047337_05AE8C_3F77,S1A_IW_SLC__1SDV_20230715T171453_20230715T171520_049437_05F1DD_D7DD,15
S1A_IW_SLC__1SDV_20230221T171447_20230221T171514_047337_05AE8C_3F77,S1A_IW_SLC__1SDV_20230727T171453_20230727T171520_049612_05F73D_4C92,15
S1A_IW_SLC__1SDV_20230221T171447_20230221T171514_047337_05AE8C_3F77,S1A_IW_SLC__1SDV_20230808T171454_20230808T171521_049787_05FCB4_9A58,15
S1A_IW_SLC__1SDV_20230221T171447_20230221T171514_047337_05AE8C_3F77,S1A_IW_SLC__1SDV_20230820T171455_20230820T171522_049962_0602B3_79D4,15
S1A_IW_SLC__1SDV_20230305T171446_20230305T171514_047512_05B476_2FD7,S1A_IW_SLC__1SDV_20230317T171447_20230317T171514_047687_05BA62_AA46,15
S1A_IW_SLC__1SDV_20230305T171446_20230305T171514_047512_05B476_2FD7,S1A_IW_SLC__1SDV_20230329T171447_20230329T171514_047862_05C048_FC29,15
S1A_IW_SLC__1SDV_20230305T171446_20230305T171514_047512_05B476_2FD7,S1A_IW_SLC__1SDV_20230410T171448_20230410T171515_048037_05C630_A302,15
S1A_IW_SLC__1SDV_20230305T171446_20230305T171514_047512_05B476_2FD7,S1A_IW_SLC__1SDV_20230422T171448_20230422T171515_048212_05CC09_F979,15
S1A_IW_SLC__1SDV_20230305T171446_20230305T171514_047512_05B476_2FD7,S1A_IW_SLC__1SDV_20230504T171449_20230504T171516_048387_05D1E8_A1E5,15
S1A_IW_SLC__1SDV_20230305T171446_20230305T171514_047512_05B476_2FD7,S1A_IW_SLC__1SDV_20230516T171449_20230516T171516_048562_05D752_140B,15
S1A_IW_SLC__1SDV_20230305T171446_20230305T171514_047512_05B476_2FD7,S1A_IW_SLC__1SDV_20230528T171450_20230528T171517_048737_05DC83_F3CC,15
S1A_IW_SLC__1SDV_20230305T171446_20230305T171514_047512_05B476_2FD7,S1A_IW_SLC__1SDV_20230609T171450_20230609T171517_048912_05E1C6_844B,15
S1A_IW_SLC__1SDV_20230305T171446_20230305T171514_047512_05B476_2FD7,S1A_IW_SLC__1SDV_20230621T171451_20230621T171518_049087_05E71D_3515,15
S1A_IW_SLC__1SDV_20230305T171446_20230305T171514_047512_05B476_2FD7,S1A_IW_SLC__1SDV_20230703T171452_20230703T171519_049262_05EC71_5BE3,15
S1A_IW_SLC__1SDV_20230305T171446_20230305T171514_047512_05B476_2FD7,S1A_IW_SLC__1SDV_20230715T171453_20230715T171520_049437_05F1DD_D7DD,15
S1A_IW_SLC__1SDV_20230305T171446_20230305T171514_047512_05B476_2FD7,S1A_IW_SLC__1SDV_20230727T171453_20230727T171520_049612_05F73D_4C92,15
S1A_IW_SLC__1SDV_20230305T171446_20230305T171514_047512_05B476_2FD7,S1A_IW_SLC__1SDV_20230808T171454_20230808T171521_049787_05FCB4_9A58,15
S1A_IW_SLC__1SDV_20230305T171446_20230305T171514_047512_05B476_2FD7,S1A_IW_SLC__1SDV_20230820T171455_20230820T171522_049962_0602B3_79D4,15
S1A_IW_SLC__1SDV_20230305T171446_20230305T171514_047512_05B476_2FD7,S1A_IW_SLC__1SDV_20230901T171455_20230901T171522_050137_0608B3_44BA,15
S1A_IW_SLC__1SDV_20230317T171447_20230317T171514_047687_05BA62_AA46,S1A_IW_SLC__1SDV_20230329T171447_20230329T171514_047862_05C048_FC29,15
S1A_IW_SLC__1SDV_20230317T171447_20230317T171514_047687_05BA62_AA46,S1A_IW_SLC__1SDV_20230410T171448_20230410T171515_048037_05C630_A302,15
S1A_IW_SLC__1SDV_20230317T171447_20230317T171514_047687_05BA62_AA46,S1A_IW_SLC__1SDV_20230422T171448_20230422T171515_048212_05CC09_F979,15
S1A_IW_SLC__1SDV_20230317T171447_20230317T171514_047687_05BA62_AA46,S1A_IW_SLC__1SDV_20230504T171449_20230504T171516_048387_05D1E8_A1E5,15
S1A_IW_SLC__1SDV_20230317T171447_20230317T171514_047687_05BA62_AA46,S1A_IW_SLC__1SDV_20230516T171449_20230516T171516_048562_05D752_140B,15
S1A_IW_SLC__1SDV_20230317T171447_20230317T171514_047687_05BA62_AA46,S1A_IW_SLC__1SDV_20230528T171450_20230528T171517_048737_05DC83_F3CC,15
S1A_IW_SLC__1SDV_20230317T171447_20230317T171514_047687_05BA62_AA46,S1A_IW_SLC__1SDV_20230609T171450_20230609T171517_048912_05E1C6_844B,15
S1A_IW_SLC__1SDV_20230317T171447_20230317T171514_047687_05BA62_AA46,S1A_IW_SLC__1SDV_20230621T171451_20230621T171518_049087_05E71D_3515,15
S1A_IW_SLC__1SDV_20230317T171447_20230317T171514_047687_05BA62_AA46,S1A_IW_SLC__1SDV_20230703T171452_20230703T171519_049262_05EC71_5BE3,15
S1A_IW_SLC__1SDV_20230317T171447_20230317T171514_047687_05BA62_AA46,S1A_IW_SLC__1SDV_20230715T171453_20230715T171520_049437_05F1DD_D7DD,15
S1A_IW_SLC__1SDV_20230317T171447_20230317T171514_047687_05BA62_AA46,S1A_IW_SLC__1SDV_20230727T171453_20230727T171520_049612_05F73D_4C92,15
S1A_IW_SLC__1SDV_20230317T171447_20230317T171514_047687_05BA62_AA46,S1A_IW_SLC__1SDV_20230808T171454_20230808T171521_049787_05FCB4_9A58,15
S1A_IW_SLC__1SDV_20230317T171447_20230317T171514_047687_05BA62_AA46,S1A_IW_SLC__1SDV_20230820T171455_20230820T171522_049962_0602B3_79D4,15
S1A_IW_SLC__1SDV_20230317T171447_20230317T171514_047687_05BA62_AA46,S1A_IW_SLC__1SDV_20230901T171455_20230901T171522_050137_0608B3_44BA,15
S1A_IW_SLC__1SDV_20230317T171447_20230317T171514_047687_05BA62_AA46,S1A_IW_SLC__1SDV_20230913T171456_20230913T171523_050312_060EAC_B7B9,15
S1A_IW_SLC__1SDV_20230329T171447_20230329T171514_047862_05C048_FC29,S1A_IW_SLC__1SDV_20230410T171448_20230410T171515_048037_05C630_A302,15
S1A_IW_SLC__1SDV_20230329T171447_20230329T171514_047862_05C048_FC29,S1A_IW_SLC__1SDV_20230422T171448_20230422T171515_048212_05CC09_F979,15
S1A_IW_SLC__1SDV_20230329T171447_20230329T171514_047862_05C048_FC29,S1A_IW_SLC__1SDV_20230504T171449_20230504T171516_048387_05D1E8_A1E5,15
S1A_IW_SLC__1SDV_20230329T171447_20230329T171514_047862_05C048_FC29,S1A_IW_SLC__1SDV_20230516T171449_20230516T171516_048562_05D752_140B,15
S1A_IW_SLC__1SDV_20230329T171447_20230329T171514_047862_05C048_FC29,S1A_IW_SLC__1SDV_20230528T171450_20230528T171517_048737_05DC83_F3CC,15
S1A_IW_SLC__1SDV_20230329T171447_20230329T171514_047862_05C048_FC29,S1A_IW_SLC__1SDV_20230609T171450_20230609T171517_048912_05E1C6_844B,15
S1A_IW_SLC__1SDV_20230329T171447_20230329T171514_047862_05C048_FC29,S1A_IW_SLC__1SDV_20230621T171451_20230621T171518_049087_05E71D_3515,15
S1A_IW_SLC__1SDV_20230329T171447_20230329T171514_047862_05C048_FC29,S1A_IW_SLC__1SDV_20230703T171452_20230703T171519_049262_05EC71_5BE3,15
S1A_IW_SLC__1SDV_20230329T171447_20230329T171514_047862_05C048_FC29,S1A_IW_SLC__1SDV_20230715T171453_20230715T171520_049437_05F1DD_D7DD,15
S1A_IW_SLC__1SDV_20230329T171447_20230329T171514_047862_05C048_FC29,S1A_IW_SLC__1SDV_20230727T171453_20230727T171520_049612_05F73D_4C92,15
S1A_IW_SLC__1SDV_20230329T171447_20230329T171514_047862_05C048_FC29,S1A_IW_SLC__1SDV_20230808T171454_20230808T171521_049787_05FCB4_9A58,15
S1A_IW_SLC__1SDV_20230329T171447_20230329T171514_047862_05C048_FC29,S1A_IW_SLC__1SDV_20230820T171455_20230820T171522_049962_0602B3_79D4,15
S1A_IW_SLC__1SDV_20230329T171447_20230329T171514_047862_05C048_FC29,S1A_IW_SLC__1SDV_20230901T171455_20230901T171522_050137_0608B3_44BA,15
S1A_IW_SLC__1SDV_20230329T171447_20230329T171514_047862_05C048_FC29,S1A_IW_SLC__1SDV_20230913T171456_20230913T171523_050312_060EAC_B7B9,15
S1A_IW_SLC__1SDV_20230329T171447_20230329T171514_047862_05C048_FC29,S1A_IW_SLC__1SDV_20230925T171456_20230925T171523_050487_06149F_9CC2,15
S1A_IW_SLC__1SDV_20230410T171448_20230410T171515_048037_05C630_A302,S1A_IW_SLC__1SDV_20230422T171448_20230422T171515_048212_05CC09_F979,15
S1A_IW_SLC__1SDV_20230410T171448_20230410T171515_048037_05C630_A302,S1A_IW_SLC__1SDV_20230504T171449_20230504T171516_048387_05D1E8_A1E5,15
S1A_IW_SLC__1SDV_20230410T171448_20230410T171515_048037_05C630_A302,S1A_IW_SLC__1SDV_20230516T171449_20230516T171516_048562_05D752_140B,15
S1A_IW_SLC__1SDV_20230410T171448_20230410T171515_048037_05C630_A302,S1A_IW_SLC__1SDV_20230528T171450_20230528T171517_048737_05DC83_F3CC,15
S1A_IW_SLC__1SDV_20230410T171448_20230410T171515_048037_05C630_A302,S1A_IW_SLC__1SDV_20230609T171450_20230609T171517_048912_05E1C6_844B,15
S1A_IW_SLC__1SDV_20230410T171448_20230410T171515_048037_05C630_A302,S1A_IW_SLC__1SDV_20230621T171451_20230621T171518_049087_05E71D_3515,15
S1A_IW_SLC__1SDV_20230410T171448_20230410T171515_048037_05C630_A302,S1A_IW_SLC__1SDV_20230703T171452_20230703T171519_049262_05EC71_5BE3,15
S1A_IW_SLC__1SDV_20230410T171448_20230410T171515_048037_05C630_A302,S1A_IW_SLC__1SDV_20230715T171453_20230715T171520_049437_05F1DD_D7DD,15
S1A_IW_SLC__1SDV_20230410T171448_20230410T171515_048037_05C630_A302,S1A_IW_SLC__1SDV_20230727T171453_20230727T171520_049612_05F73D_4C92,15
S1A_IW_SLC__1SDV_20230410T171448_20230410T171515_048037_05C630_A302,S1A_IW_SLC__1SDV_20230808T171454_20230808T171521_049787_05FCB4_9A58,15
S1A_IW_SLC__1SDV_20230410T171448_20230410T171515_048037_05C630_A302,S1A_IW_SLC__1SDV_20230820T171455_20230820T171522_049962_0602B3_79D4,15
S1A_IW_SLC__1SDV_20230410T171448_20230410T171515_048037_05C630_A302,S1A_IW_SLC__1SDV_20230901T171455_20230901T171522_050137_0608B3_44BA,15
S1A_IW_SLC__1SDV_20230410T171448_20230410T171515_048037_05C630_A302,S1A_IW_SLC__1SDV_20230913T171456_20230913T171523_050312_060EAC_B7B9,15
S1A_IW_SLC__1SDV_20230410T171448_20230410T171515_048037_05C630_A302,S1A_IW_SLC__1SDV_20230925T171456_20230925T171523_050487_06149F_9CC2,15
S1A_IW_SLC__1SDV_20230410T171448_20230410T171515_048037_05C630_A302,S1A_IW_SLC__1SDV_20231007T171456_20231007T171523_050662_061A9E_AA97,15
S1A_IW_SLC__1SDV_20230422T171448_20230422T171515_048212_05CC09_F979,S1A_IW_SLC__1SDV_20230504T171449_20230504T171516_048387_05D1E8_A1E5,15
S1A_IW_SLC__1SDV_20230422T171448_20230422T171515_048212_05CC09_F979,S1A_IW_SLC__1SDV_20230516T171449_20230516T171516_048562_05D752_140B,15
S1A_IW_SLC__1SDV_20230422T171448_20230422T171515_048212_05CC09_F979,S1A_IW_SLC__1SDV_20230528T171450_20230528T171517_048737_05DC83_F3CC,15
S1A_IW_SLC__1SDV_20230422T171448_20230422T171515_048212_05CC09_F979,S1A_IW_SLC__1SDV_20230609T171450_20230609T171517_048912_05E1C6_844B,15
S1A_IW_SLC__1SDV_20230422T171448_20230422T171515_048212_05CC09_F979,S1A_IW_SLC__1SDV_20230621T171451_20230621T171518_049087_05E71D_3515,15
S1A_IW_SLC__1SDV_20230422T171448_20230422T171515_048212_05CC09_F979,S1A_IW_SLC__1SDV_20230703T171452_20230703T171519_049262_05EC71_5BE3,15
S1A_IW_SLC__1SDV_20230422T171448_20230422T171515_048212_05CC09_F979,S1A_IW_SLC__1SDV_20230715T171453_20230715T171520_049437_05F1DD_D7DD,15
S1A_IW_SLC__1SDV_20230422T171448_20230422T171515_048212_05CC09_F979,S1A_IW_SLC__1SDV_20230727T171453_20230727T171520_049612_05F73D_4C92,15
S1A_IW_SLC__1SDV_20230422T171448_20230422T171515_048212_05CC09_F979,S1A_IW_SLC__1SDV_20230808T171454_20230808T171521_049787_05FCB4_9A58,15
S1A_IW_SLC__1SDV_20230422T171448_20230422T171515_048212_05CC09_F979,S1A_IW_SLC__1SDV_20230820T171455_20230820T171522_049962_0602B3_79D4,15
S1A_IW_SLC__1SDV_20230422T171448_20230422T171515_048212_05CC09_F979,S1A_IW_SLC__1SDV_20230901T171455_20230901T171522_050137_0608B3_44BA,15
S1A_IW_SLC__1SDV_20230422T171448_20230422T171515_048212_05CC09_F979,S1A_IW_SLC__1SDV_20230913T171456_20230913T171523_050312_060EAC_B7B9,15
S1A_IW_SLC__1SDV_20230422T171448_20230422T171515_048212_05CC09_F979,S1A_IW_SLC__1SDV_20230925T171456_20230925T171523_050487_06149F_9CC2,15
S1A_IW_SLC__1SDV_20230422T171448_20230422T171515_048212_05CC09_F979,S1A_IW_SLC__1SDV_20231007T171456_20231007T171523_050662_061A9E_AA97,15
S1A_IW_SLC__1SDV_20230422T171448_20230422T171515_048212_05CC09_F979,S1A_IW_SLC__1SDV_20231019T171456_20231019T171523_050837_062099_1804,15
S1A_IW_SLC__1SDV_20230504T171449_20230504T171516_048387_05D1E8_A1E5,S1A_IW_SLC__1SDV_20230516T171449_20230516T171516_048562_05D752_140B,15
S1A_IW_SLC__1SDV_20230504T171449_20230504T171516_048387_05D1E8_A1E5,S1A_IW_SLC__1SDV_20230528T171450_20230528T171517_048737_05DC83_F3CC,15
S1A_IW_SLC__1SDV_20230504T171449_20230504T171516_048387_05D1E8_A1E5,S1A_IW_SLC__1SDV_20230609T171450_20230609T171517_048912_05E1C6_844B,15
S1A_IW_SLC__1SDV_20230504T171449_20230504T171516_048387_05D1E8_A1E5,S1A_IW_SLC__1SDV_20230621T171451_20230621T171518_049087_05E71D_3515,15
S1A_IW_SLC__1SDV_20230504T171449_20230504T171516_048387_05D1E8_A1E5,S1A_IW_SLC__1SDV_20230703T171452_20230703T171519_049262_05EC71_5BE3,15
S1A_IW_SLC__1SDV_20230504T171449_20230504T171516_048387_05D1E8_A1E5,S1A_IW_SLC__1SDV_20230715T171453_20230715T171520_049437_05F1DD_D7DD,15
S1A_IW_SLC__1SDV_20230504T171449_20230504T171516_048387_05D1E8_A1E5,S1A_IW_SLC__1SDV_20230727T171453_20230727T171520_049612_05F73D_4C92,15
S1A_IW_SLC__1SDV_20230504T171449_20230504T171516_048387_05D1E8_A1E5,S1A_IW_SLC__1SDV_20230808T171454_20230808T171521_049787_05FCB4_9A58,15
S1A_IW_SLC__1SDV_20230504T171449_20230504T171516_048387_05D1E8_A1E5,S1A_IW_SLC__1SDV_20230820T171455_20230820T171522_049962_0602B3_79D4,15
S1A_IW_SLC__1SDV_20230504T171449_20230504T171516_048387_05D1E8_A1E5,S1A_IW_SLC__1SDV_20230901T171455_20230901T171522_050137_0608B3_44BA,15
S1A_IW_SLC__1SDV_20230504T171449_20230504T171516_048387_05D1E8_A1E5,S1A_IW_SLC__1SDV_20230913T171456_20230913T171523_050312_060EAC_B7B9,15
S1A_IW_SLC__1SDV_20230504T171449_20230504T171516_048387_05D1E8_A1E5,S1A_IW_SLC__1SDV_20230925T171456_20230925T171523_050487_06149F_9CC2,15
S1A_IW_SLC__1SDV_20230504T171449_20230504T171516_048387_05D1E8_A1E5,S1A_IW_SLC__1SDV_20231007T171456_20231007T171523_050662_061A9E_AA97,15
S1A_IW_SLC__1SDV_20230504T171449_20230504T171516_048387_05D1E8_A1E5,S1A_IW_SLC__1SDV_20231019T171456_20231019T171523_050837_062099_1804,15
S1A_IW_SLC__1SDV_20230504T171449_20230504T171516_048387_05D1E8_A1E5,S1A_IW_SLC__1SDV_20231031T171456_20231031T171523_051012_062696_9C7A,15
S1A_IW_SLC__1SDV_20230516T171449_20230516T171516_048562_05D752_140B,S1A_IW_SLC__1SDV_20230528T171450_20230528T171517_048737_05DC83_F3CC,15
S1A_IW_SLC__1SDV_20230516T171449_20230516T171516_048562_05D752_140B,S1A_IW_SLC__1SDV_20230609T171450_20230609T171517_048912_05E1C6_844B,15
S1A_IW_SLC__1SDV_20230516T171449_20230516T171516_048562_05D752_140B,S1A_IW_SLC__1SDV_20230621T171451_20230621T171518_049087_05E71D_3515,15
S1A_IW_SLC__1SDV_20230516T171449_20230516T171516_048562_05D752_140B,S1A_IW_SLC__1SDV_20230703T171452_20230703T171519_049262_05EC71_5BE3,15
S1A_IW_SLC__1SDV_20230516T171449_20230516T171516_048562_05D752_140B,S1A_IW_SLC__1SDV_20230715T171453_20230715T171520_049437_05F1DD_D7DD,15
S1A_IW_SLC__1SDV_20230516T171449_20230516T171516_048562_05D752_140B,S1A_IW_SLC__1SDV_20230727T171453_20230727T171520_049612_05F73D_4C92,15
S1A_IW_SLC__1SDV_20230516T171449_20230516T171516_048562_05D752_140B,S1A_IW_SLC__1SDV_20230808T171454_20230808T171521_049787_05FCB4_9A58,15
S1A_IW_SLC__1SDV_20230516T171449_20230516T171516_048562_05D752_140B,S1A_IW_SLC__1SDV_20230820T171455_20230820T171522_049962_0602B3_79D4,15
S1A_IW_SLC__1SDV_20230516T171449_20230516T171516_048562_05D752_140B,S1A_IW_SLC__1SDV_20230901T171455_20230901T171522_050137_0608B3_44BA,15
S1A_IW_SLC__1SDV_20230516T171449_20230516T171516_048562_05D752_140B,S1A_IW_SLC__1SDV_20230913T171456_20230913T171523_050312_060EAC_B7B9,15
S1A_IW_SLC__1SDV_20230516T171449_20230516T171516_048562_05D752_140B,S1A_IW_SLC__1SDV_20230925T171456_20230925T171523_050487_06149F_9CC2,15
S1A_IW_SLC__1SDV_20230516T171449_20230516T171516_048562_05D752_140B,S1A_IW_SLC__1SDV_20231007T171456_20231007T171523_050662_061A9E_AA97,15
S1A_IW_SLC__1SDV_20230516T171449_20230516T171516_048562_05D752_140B,S1A_IW_SLC__1SDV_20231019T171456_20231019T171523_050837_062099_1804,15
S1A_IW_SLC__1SDV_20230516T171449_20230516T171516_048562_05D752_140B,S1A_IW_SLC__1SDV_20231031T171456_20231031T171523_051012_062696_9C7A,15
S1A_IW_SLC__1SDV_20230516T171449_20230516T171516_048562_05D752_140B,S1A_IW_SLC__1SDV_20231112T171456_20231112T171523_051187_062C9B_5D26,15
S1A_IW_SLC__1SDV_20230528T171450_20230528T171517_048737_05DC83_F3CC,S1A_IW_SLC__1SDV_20230609T171450_20230609T171517_048912_05E1C6_844B,15
S1A_IW_SLC__1SDV_20230528T171450_20230528T171517_048737_05DC83_F3CC,S1A_IW_SLC__1SDV_20230621T171451_20230621T171518_049087_05E71D_3515,15
S1A_IW_SLC__1SDV_20230528T171450_20230528T171517_048737_05DC83_F3CC,S1A_IW_SLC__1SDV_20230703T171452_20230703T171519_049262_05EC71_5BE3,15
S1A_IW_SLC__1SDV_20230528T171450_20230528T171517_048737_05DC83_F3CC,S1A_IW_SLC__1SDV_20230715T171453_20230715T171520_049437_05F1DD_D7DD,15
S1A_IW_SLC__1SDV_20230528T171450_20230528T171517_048737_05DC83_F3CC,S1A_IW_SLC__1SDV_20230727T171453_20230727T171520_049612_05F73D_4C92,15
S1A_IW_SLC__1SDV_20230528T171450_20230528T171517_048737_05DC83_F3CC,S1A_IW_SLC__1SDV_20230808T171454_20230808T171521_049787_05FCB4_9A58,15
S1A_IW_SLC__1SDV_20230528T171450_20230528T171517_048737_05DC83_F3CC,S1A_IW_SLC__1SDV_20230820T171455_20230820T171522_049962_0602B3_79D4,15
S1A_IW_SLC__1SDV_20230528T171450_20230528T171517_048737_05DC83_F3CC,S1A_IW_SLC__1SDV_20230901T171455_20230901T171522_050137_0608B3_44BA,15
S1A_IW_SLC__1SDV_20230528T171450_20230528T171517_048737_05DC83_F3CC,S1A_IW_SLC__1SDV_20230913T171456_20230913T171523_050312_060EAC_B7B9,15
S1A_IW_SLC__1SDV_20230528T171450_20230528T171517_048737_05DC83_F3CC,S1A_IW_SLC__1SDV_20230925T171456_20230925T171523_050487_06149F_9CC2,15
S1A_IW_SLC__1SDV_20230528T171450_20230528T171517_048737_05DC83_F3CC,S1A_IW_SLC__1SDV_20231007T171456_20231007T171523_050662_061A9E_AA97,15
S1A_IW_SLC__1SDV_20230528T171450_20230528T171517_048737_05DC83_F3CC,S1A_IW_SLC__1SDV_20231019T171456_20231019T171523_050837_062099_1804,15
S1A_IW_SLC__1SDV_20230528T171450_20230528T171517_048737_05DC83_F3CC,S1A_IW_SLC__1SDV_20231031T171456_20231031T171523_051012_062696_9C7A,15
S1A_IW_SLC__1SDV_20230528T171450_20230528T171517_048737_05DC83_F3CC,S1A_IW_SLC__1SDV_20231112T171456_20231112T171523_051187_062C9B_5D26,15
S1A_IW_SLC__1SDV_20230528T171450_20230528T171517_048737_05DC83_F3CC,S1A_IW_SLC__1SDV_20231124T171454_20231124T171522_051362_0632A5_98BC,15
S1A_IW_SLC__1SDV_20230609T171450_20230609T171517_048912_05E1C6_844B,S1A_IW_SLC__1SDV_20230621T171451_20230621T171518_049087_05E71D_3515,15
S1A_IW_SLC__1SDV_20230609T171450_20230609T171517_048912_05E1C6_844B,S1A_IW_SLC__1SDV_20230703T171452_20230703T171519_049262_05EC71_5BE3,15
S1A_IW_SLC__1SDV_20230609T171450_20230609T171517_048912_05E1C6_844B,S1A_IW_SLC__1SDV_20230715T171453_20230715T171520_049437_05F1DD_D7DD,15
S1A_IW_SLC__1SDV_20230609T171450_20230609T171517_048912_05E1C6_844B,S1A_IW_SLC__1SDV_20230727T171453_20230727T171520_049612_05F73D_4C92,15
S1A_IW_SLC__1SDV_20230609T171450_20230609T171517_048912_05E1C6_844B,S1A_IW_SLC__1SDV_20230808T171454_20230808T171521_049787_05FCB4_9A58,15
S1A_IW_SLC__1SDV_20230609T171450_20230609T171517_048912_05E1C6_844B,S1A_IW_SLC__1SDV_20230820T171455_20230820T171522_049962_0602B3_79D4,15
S1A_IW_SLC__1SDV_20230609T171450_20230609T171517_048912_05E1C6_844B,S1A_IW_SLC__1SDV_20230901T171455_20230901T171522_050137_0608B3_44BA,15
S1A_IW_SLC__1SDV_20230609T171450_20230609T171517_048912_05E1C6_844B,S1A_IW_SLC__1SDV_20230913T171456_20230913T171523_050312_060EAC_B7B9,15
S1A_IW_SLC__1SDV_20230609T171450_20230609T171517_048912_05E1C6_844B,S1A_IW_SLC__1SDV_20230925T171456_20230925T171523_050487_06149F_9CC2,15
S1A_IW_SLC__1SDV_20230609T171450_20230609T171517_048912_05E1C6_844B,S1A_IW_SLC__1SDV_20231007T171456_20231007T171523_050662_061A9E_AA97,15
S1A_IW_SLC__1SDV_20230609T171450_20230609T171517_048912_05E1C6_844B,S1A_IW_SLC__1SDV_20231019T171456_20231019T171523_050837_062099_1804,15
S1A_IW_SLC__1SDV_20230609T171450_20230609T171517_048912_05E1C6_844B,S1A_IW_SLC__1SDV_20231031T171456_20231031T171523_051012_062696_9C7A,15
S1A_IW_SLC__1SDV_20230609T171450_20230609T171517_048912_05E1C6_844B,S1A_IW_SLC__1SDV_20231112T171456_20231112T171523_051187_062C9B_5D26,15
S1A_IW_SLC__1SDV_20230609T171450_20230609T171517_048912_05E1C6_844B,S1A_IW_SLC__1SDV_20231124T171454_20231124T171522_051362_0632A5_98BC,15
S1A_IW_SLC__1SDV_20230609T171450_20230609T171517_048912_05E1C6_844B,S1A_IW_SLC__1SDV_20231206T171455_20231206T171522_051537_0638A9_2EBB,15
S1A_IW_SLC__1SDV_20230621T171451_20230621T171518_049087_05E71D_3515,S1A_IW_SLC__1SDV_20230703T171452_20230703T171519_049262_05EC71_5BE3,15
S1A_IW_SLC__1SDV_20230621T171451_20230621T171518_049087_05E71D_3515,S1A_IW_SLC__1SDV_20230715T171453_20230715T171520_049437_05F1DD_D7DD,15
S1A_IW_SLC__1SDV_20230621T171451_20230621T171518_049087_05E71D_3515,S1A_IW_SLC__1SDV_20230727T171453_20230727T171520_049612_05F73D_4C92,15
S1A_IW_SLC__1SDV_20230621T171451_20230621T171518_049087_05E71D_3515,S1A_IW_SLC__1SDV_20230808T171454_20230808T171521_049787_05FCB4_9A58,15
S1A_IW_SLC__1SDV_20230621T171451_20230621T171518_049087_05E71D_3515,S1A_IW_SLC__1SDV_20230820T171455_20230820T171522_049962_0602B3_79D4,15
S1A_IW_SLC__1SDV_20230621T171451_20230621T171518_049087_05E71D_3515,S1A_IW_SLC__1SDV_20230901T171455_20230901T171522_050137_0608B3_44BA,15
S1A_IW_SLC__1SDV_20230621T171451_20230621T171518_049087_05E71D_3515,S1A_IW_SLC__1SDV_20230913T171456_20230913T171523_050312_060EAC_B7B9,15
S1A_IW_SLC__1SDV_20230621T171451_20230621T171518_049087_05E71D_3515,S1A_IW_SLC__1SDV_20230925T171456_20230925T171523_050487_06149F_9CC2,15
S1A_IW_SLC__1SDV_20230621T171451_20230621T171518_049087_05E71D_3515,S1A_IW_SLC__1SDV_20231007T171456_20231007T171523_050662_061A9E_AA97,15
S1A_IW_SLC__1SDV_20230621T171451_20230621T171518_049087_05E71D_3515,S1A_IW_SLC__1SDV_20231019T171456_20231019T171523_050837_062099_1804,15
S1A_IW_SLC__1SDV_20230621T171451_20230621T171518_049087_05E71D_3515,S1A_IW_SLC__1SDV_20231031T171456_20231031T171523_051012_062696_9C7A,15
S1A_IW_SLC__1SDV_20230621T171451_20230621T171518_049087_05E71D_3515,S1A_IW_SLC__1SDV_20231112T171456_20231112T171523_051187_062C9B_5D26,15
S1A_IW_SLC__1SDV_20230621T171451_20230621T171518_049087_05E71D_3515,S1A_IW_SLC__1SDV_20231124T171454_20231124T171522_051362_0632A5_98BC,15
S1A_IW_SLC__1SDV_20230621T171451_20230621T171518_049087_05E71D_3515,S1A_IW_SLC__1SDV_20231206T171455_20231206T171522_051537_0638A9_2EBB,15
S1A_IW_SLC__1SDV_20230621T171451_20230621T171518_049087_05E71D_3515,S1A_IW_SLC__1SDV_20231218T171453_20231218T171521_051712_063EC9_F291,15
S1A_IW_SLC__1SDV_20230703T171452_20230703T171519_049262_05EC71_5BE3,S1A_IW_SLC__1SDV_20230715T171453_20230715T171520_049437_05F1DD_D7DD,15
S1A_IW_SLC__1SDV_20230703T171452_20230703T171519_049262_05EC71_5BE3,S1A_IW_SLC__1SDV_20230727T171453_20230727T171520_049612_05F73D_4C92,15
S1A_IW_SLC__1SDV_20230703T171452_20230703T171519_049262_05EC71_5BE3,S1A_IW_SLC__1SDV_20230808T171454_20230808T171521_049787_05FCB4_9A58,15
S1A_IW_SLC__1SDV_20230703T171452_20230703T171519_049262_05EC71_5BE3,S1A_IW_SLC__1SDV_20230820T171455_20230820T171522_049962_0602B3_79D4,15
S1A_IW_SLC__1SDV_20230703T171452_20230703T171519_049262_05EC71_5BE3,S1A_IW_SLC__1SDV_20230901T171455_20230901T171522_050137_0608B3_44BA,15
S1A_IW_SLC__1SDV_20230703T171452_20230703T171519_049262_05EC71_5BE3,S1A_IW_SLC__1SDV_20230913T171456_20230913T171523_050312_060EAC_B7B9,15
S1A_IW_SLC__1SDV_20230703T171452_20230703T171519_049262_05EC71_5BE3,S1A_IW_SLC__1SDV_20230925T171456_20230925T171523_050487_06149F_9CC2,15
S1A_IW_SLC__1SDV_20230703T171452_20230703T171519_049262_05EC71_5BE3,S1A_IW_SLC__1SDV_20231007T171456_20231007T171523_050662_061A9E_AA97,15
S1A_IW_SLC__1SDV_20230703T171452_20230703T171519_049262_05EC71_5BE3,S1A_IW_SLC__1SDV_20231019T171456_20231019T171523_050837_062099_1804,15
S1A_IW_SLC__1SDV_20230703T171452_20230703T171519_049262_05EC71_5BE3,S1A_IW_SLC__1SDV_20231031T171456_20231031T171523_051012_062696_9C7A,15
S1A_IW_SLC__1SDV_20230703T171452_20230703T171519_049262_05EC71_5BE3,S1A_IW_SLC__1SDV_20231112T171456_20231112T171523_051187_062C9B_5D26,15
S1A_IW_SLC__1SDV_20230703T171452_20230703T171519_049262_05EC71_5BE3,S1A_IW_SLC__1SDV_20231124T171454_20231124T171522_051362_0632A5_98BC,15
S1A_IW_SLC__1SDV_20230703T171452_20230703T171519_049262_05EC71_5BE3,S1A_IW_SLC__1SDV_20231206T171455_20231206T171522_051537_0638A9_2EBB,15
S1A_IW_SLC__1SDV_20230703T171452_20230703T171519_049262_05EC71_5BE3,S1A_IW_SLC__1SDV_20231218T171453_20231218T171521_051712_063EC9_F291,15
S1A_IW_SLC__1SDV_20230703T171452_20230703T171519_049262_05EC71_5BE3,S1A_IW_SLC__1SDV_20231230T171453_20231230T171521_051887_0644CF_F2CD,15
S1A_IW_SLC__1SDV_20230715T171453_20230715T171520_049437_05F1DD_D7DD,S1A_IW_SLC__1SDV_20230727T171453_20230727T171520_049612_05F73D_4C92,15
S1A_IW_SLC__1SDV_20230715T171453_20230715T171520_049437_05F1DD_D7DD,S1A_IW_SLC__1SDV_20230808T171454_20230808T171521_049787_05FCB4_9A58,15
S1A_IW_SLC__1SDV_20230715T171453_20230715T171520_049437_05F1DD_D7DD,S1A_IW_SLC__1SDV_20230820T171455_20230820T171522_049962_0602B3_79D4,15
S1A_IW_SLC__1SDV_20230715T171453_20230715T171520_049437_05F1DD_D7DD,S1A_IW_SLC__1SDV_20230901T171455_20230901T171522_050137_0608B3_44BA,15
S1A_IW_SLC__1SDV_20230715T171453_20230715T171520_049437_05F1DD_D7DD,S1A_IW_SLC__1SDV_20230913T171456_20230913T171523_050312_060EAC_B7B9,15
S1A_IW_SLC__1SDV_20230715T171453_20230715T171520_049437_05F1DD_D7DD,S1A_IW_SLC__1SDV_20230925T171456_20230925T171523_050487_06149F_9CC2,15
S1A_IW_SLC__1SDV_20230715T171453_20230715T171520_049437_05F1DD_D7DD,S1A_IW_SLC__1SDV_20231007T171456_20231007T171523_050662_061A9E_AA97,15
S1A_IW_SLC__1SDV_20230715T171453_20230715T171520_049437_05F1DD_D7DD,S1A_IW_SLC__1SDV_20231019T171456_20231019T171523_050837_062099_1804,15
S1A_IW_SLC__1SDV_20230715T171453_20230715T171520_049437_05F1DD_D7DD,S1A_IW_SLC__1SDV_20231031T171456_20231031T171523_051012_062696_9C7A,15
S1A_IW_SLC__1SDV_20230715T171453_20230715T171520_049437_05F1DD_D7DD,S1A_IW_SLC__1SDV_20231112T171456_20231112T171523_051187_062C9B_5D26,15
S1A_IW_SLC__1SDV_20230715T171453_20230715T171520_049437_05F1DD_D7DD,S1A_IW_SLC__1SDV_20231124T171454_20231124T171522_051362_0632A5_98BC,15
S1A_IW_SLC__1SDV_20230715T171453_20230715T171520_049437_05F1DD_D7DD,S1A_IW_SLC__1SDV_20231206T171455_20231206T171522_051537_0638A9_2EBB,15
S1A_IW_SLC__1SDV_20230715T171453_20230715T171520_049437_05F1DD_D7DD,S1A_IW_SLC__1SDV_20231218T171453_20231218T171521_051712_063EC9_F291,15
S1A_IW_SLC__1SDV_20230715T171453_20230715T171520_049437_05F1DD_D7DD,S1A_IW_SLC__1SDV_20231230T171453_20231230T171521_051887_0644CF_F2CD,15
S1A_IW_SLC__1SDV_20230727T171453_20230727T171520_049612_05F73D_4C92,S1A_IW_SLC__1SDV_20230808T171454_20230808T171521_049787_05FCB4_9A58,15
S1A_IW_SLC__1SDV_20230727T171453_20230727T171520_049612_05F73D_4C92,S1A_IW_SLC__1SDV_20230820T171455_20230820T171522_049962_0602B3_79D4,15
S1A_IW_SLC__1SDV_20230727T171453_20230727T171520_049612_05F73D_4C92,S1A_IW_SLC__1SDV_20230901T171455_20230901T171522_050137_0608B3_44BA,15
S1A_IW_SLC__1SDV_20230727T171453_20230727T171520_049612_05F73D_4C92,S1A_IW_SLC__1SDV_20230913T171456_20230913T171523_050312_060EAC_B7B9,15
S1A_IW_SLC__1SDV_20230727T171453_20230727T171520_049612_05F73D_4C92,S1A_IW_SLC__1SDV_20230925T171456_20230925T171523_050487_06149F_9CC2,15
S1A_IW_SLC__1SDV_20230727T171453_20230727T171520_049612_05F73D_4C92,S1A_IW_SLC__1SDV_20231007T171456_20231007T171523_050662_061A9E_AA97,15
S1A_IW_SLC__1SDV_20230727T171453_20230727T171520_049612_05F73D_4C92,S1A_IW_SLC__1SDV_20231019T171456_20231019T171523_050837_062099_1804,15
S1A_IW_SLC__1SDV_20230727T171453_20230727T171520_049612_05F73D_4C92,S1A_IW_SLC__1SDV_20231031T171456_20231031T171523_051012_062696_9C7A,15
S1A_IW_SLC__1SDV_20230727T171453_20230727T171520_049612_05F73D_4C92,S1A_IW_SLC__1SDV_20231112T171456_20231112T171523_051187_062C9B_5D26,15
S1A_IW_SLC__1SDV_20230727T171453_20230727T171520_049612_05F73D_4C92,S1A_IW_SLC__1SDV_20231124T171454_20231124T171522_051362_0632A5_98BC,15
S1A_IW_SLC__1SDV_20230727T171453_20230727T171520_049612_05F73D_4C92,S1A_IW_SLC__1SDV_20231206T171455_20231206T171522_051537_0638A9_2EBB,15
S1A_IW_SLC__1SDV_20230727T171453_20230727T171520_049612_05F73D_4C92,S1A_IW_SLC__1SDV_20231218T171453_20231218T171521_051712_063EC9_F291,15
S1A_IW_SLC__1SDV_20230727T171453_20230727T171520_049612_05F73D_4C92,S1A_IW_SLC__1SDV_20231230T171453_20231230T171521_051887_0644CF_F2CD,15
S1A_IW_SLC__1SDV_20230808T171454_20230808T171521_049787_05FCB4_9A58,S1A_IW_SLC__1SDV_20230820T171455_20230820T171522_049962_0602B3_79D4,15
S1A_IW_SLC__1SDV_20230808T171454_20230808T171521_049787_05FCB4_9A58,S1A_IW_SLC__1SDV_20230901T171455_20230901T171522_050137_0608B3_44BA,15
S1A_IW_SLC__1SDV_20230808T171454_20230808T171521_049787_05FCB4_9A58,S1A_IW_SLC__1SDV_20230913T171456_20230913T171523_050312_060EAC_B7B9,15
S1A_IW_SLC__1SDV_20230808T171454_20230808T171521_049787_05FCB4_9A58,S1A_IW_SLC__1SDV_20230925T171456_20230925T171523_050487_06149F_9CC2,15
S1A_IW_SLC__1SDV_20230808T171454_20230808T171521_049787_05FCB4_9A58,S1A_IW_SLC__1SDV_20231007T171456_20231007T171523_050662_061A9E_AA97,15
S1A_IW_SLC__1SDV_20230808T171454_20230808T171521_049787_05FCB4_9A58,S1A_IW_SLC__1SDV_20231019T171456_20231019T171523_050837_062099_1804,15
S1A_IW_SLC__1SDV_20230808T171454_20230808T171521_049787_05FCB4_9A58,S1A_IW_SLC__1SDV_20231031T171456_20231031T171523_051012_062696_9C7A,15
S1A_IW_SLC__1SDV_20230808T171454_20230808T171521_049787_05FCB4_9A58,S1A_IW_SLC__1SDV_20231112T171456_20231112T171523_051187_062C9B_5D26,15
S1A_IW_SLC__1SDV_20230808T171454_20230808T171521_049787_05FCB4_9A58,S1A_IW_SLC__1SDV_20231124T171454_20231124T171522_051362_0632A5_98BC,15
S1A_IW_SLC__1SDV_20230808T171454_20230808T171521_049787_05FCB4_9A58,S1A_IW_SLC__1SDV_20231206T171455_20231206T171522_051537_0638A9_2EBB,15
S1A_IW_SLC__1SDV_20230808T171454_20230808T171521_049787_05FCB4_9A58,S1A_IW_SLC__1SDV_20231218T171453_20231218T171521_051712_063EC9_F291,15
S1A_IW_SLC__1SDV_20230808T171454_20230808T171521_049787_05FCB4_9A58,S1A_IW_SLC__1SDV_20231230T171453_20231230T171521_051887_0644CF_F2CD,15
S1A_IW_SLC__1SDV_20230820T171455_20230820T171522_049962_0602B3_79D4,S1A_IW_SLC__1SDV_20230901T171455_20230901T171522_050137_0608B3_44BA,15
S1A_IW_SLC__1SDV_20230820T171455_20230820T171522_049962_0602B3_79D4,S1A_IW_SLC__1SDV_20230913T171456_20230913T171523_050312_060EAC_B7B9,15
S1A_IW_SLC__1SDV_20230820T171455_20230820T171522_049962_0602B3_79D4,S1A_IW_SLC__1SDV_20230925T171456_20230925T171523_050487_06149F_9CC2,15
S1A_IW_SLC__1SDV_20230820T171455_20230820T171522_049962_0602B3_79D4,S1A_IW_SLC__1SDV_20231007T171456_20231007T171523_050662_061A9E_AA97,15
S1A_IW_SLC__1SDV_20230820T171455_20230820T171522_049962_0602B3_79D4,S1A_IW_SLC__1SDV_20231019T171456_20231019T171523_050837_062099_1804,15
S1A_IW_SLC__1SDV_20230820T171455_20230820T171522_049962_0602B3_79D4,S1A_IW_SLC__1SDV_20231031T171456_20231031T171523_051012_062696_9C7A,15
S1A_IW_SLC__1SDV_20230820T171455_20230820T171522_049962_0602B3_79D4,S1A_IW_SLC__1SDV_20231112T171456_20231112T171523_051187_062C9B_5D26,15
S1A_IW_SLC__1SDV_20230820T171455_20230820T171522_049962_0602B3_79D4,S1A_IW_SLC__1SDV_20231124T171454_20231124T171522_051362_0632A5_98BC,15
S1A_IW_SLC__1SDV_20230820T171455_20230820T171522_049962_0602B3_79D4,S1A_IW_SLC__1SDV_20231206T171455_20231206T171522_051537_0638A9_2EBB,15
S1A_IW_SLC__1SDV_20230820T171455_20230820T171522_049962_0602B3_79D4,S1A_IW_SLC__1SDV_20231218T171453_20231218T171521_051712_063EC9_F291,15
S1A_IW_SLC__1SDV_20230820T171455_20230820T171522_049962_0602B3_79D4,S1A_IW_SLC__1SDV_20231230T171453_20231230T171521_051887_0644CF_F2CD,15
S1A_IW_SLC__1SDV_20230901T171455_20230901T171522_050137_0608B3_44BA,S1A_IW_SLC__1SDV_20230913T171456_20230913T171523_050312_060EAC_B7B9,15
S1A_IW_SLC__1SDV_20230901T171455_20230901T171522_050137_0608B3_44BA,S1A_IW_SLC__1SDV_20230925T171456_20230925T171523_050487_06149F_9CC2,15
S1A_IW_SLC__1SDV_20230901T171455_20230901T171522_050137_0608B3_44BA,S1A_IW_SLC__1SDV_20231007T171456_20231007T171523_050662_061A9E_AA97,15
S1A_IW_SLC__1SDV_20230901T171455_20230901T171522_050137_0608B3_44BA,S1A_IW_SLC__1SDV_20231019T171456_20231019T171523_050837_062099_1804,15
S1A_IW_SLC__1SDV_20230901T171455_20230901T171522_050137_0608B3_44BA,S1A_IW_SLC__1SDV_20231031T171456_20231031T171523_051012_062696_9C7A,15
S1A_IW_SLC__1SDV_20230901T171455_20230901T171522_050137_0608B3_44BA,S1A_IW_SLC__1SDV_20231112T171456_20231112T171523_051187_062C9B_5D26,15
S1A_IW_SLC__1SDV_20230901T171455_20230901T171522_050137_0608B3_44BA,S1A_IW_SLC__1SDV_20231124T171454_20231124T171522_051362_0632A5_98BC,15
S1A_IW_SLC__1SDV_20230901T171455_20230901T171522_050137_0608B3_44BA,S1A_IW_SLC__1SDV_20231206T171455_20231206T171522_051537_0638A9_2EBB,15
S1A_IW_SLC__1SDV_20230901T171455_20230901T171522_050137_0608B3_44BA,S1A_IW_SLC__1SDV_20231218T171453_20231218T171521_051712_063EC9_F291,15
S1A_IW_SLC__1SDV_20230901T171455_20230901T171522_050137_0608B3_44BA,S1A_IW_SLC__1SDV_20231230T171453_20231230T171521_051887_0644CF_F2CD,15
S1A_IW_SLC__1SDV_20230913T171456_20230913T171523_050312_060EAC_B7B9,S1A_IW_SLC__1SDV_20230925T171456_20230925T171523_050487_06149F_9CC2,15
S1A_IW_SLC__1SDV_20230913T171456_20230913T171523_050312_060EAC_B7B9,S1A_IW_SLC__1SDV_20231007T171456_20231007T171523_050662_061A9E_AA97,15
S1A_IW_SLC__1SDV_20230913T171456_20230913T171523_050312_060EAC_B7B9,S1A_IW_SLC__1SDV_20231019T171456_20231019T171523_050837_062099_1804,15
S1A_IW_SLC__1SDV_20230913T171456_20230913T171523_050312_060EAC_B7B9,S1A_IW_SLC__1SDV_20231031T171456_20231031T171523_051012_062696_9C7A,15
S1A_IW_SLC__1SDV_20230913T171456_20230913T171523_050312_060EAC_B7B9,S1A_IW_SLC__1SDV_20231112T171456_20231112T171523_051187_062C9B_5D26,15
S1A_IW_SLC__1SDV_20230913T171456_20230913T171523_050312_060EAC_B7B9,S1A_IW_SLC__1SDV_20231124T171454_20231124T171522_051362_0632A5_98BC,15
S1A_IW_SLC__1SDV_20230913T171456_20230913T171523_050312_060EAC_B7B9,S1A_IW_SLC__1SDV_20231206T171455_20231206T171522_051537_0638A9_2EBB,15
S1A_IW_SLC__1SDV_20230913T171456_20230913T171523_050312_060EAC_B7B9,S1A_IW_SLC__1SDV_20231218T171453_20231218T171521_051712_063EC9_F291,15
S1A_IW_SLC__1SDV_20230913T171456_20230913T171523_050312_060EAC_B7B9,S1A_IW_SLC__1SDV_20231230T171453_20231230T171521_051887_0644CF_F2CD,15
S1A_IW_SLC__1SDV_20230925T171456_20230925T171523_050487_06149F_9CC2,S1A_IW_SLC__1SDV_20231007T171456_20231007T171523_050662_061A9E_AA97,15
S1A_IW_SLC__1SDV_20230925T171456_20230925T171523_050487_06149F_9CC2,S1A_IW_SLC__1SDV_20231019T171456_20231019T171523_050837_062099_1804,15
S1A_IW_SLC__1SDV_20230925T171456_20230925T171523_050487_06149F_9CC2,S1A_IW_SLC__1SDV_20231031T171456_20231031T171523_051012_062696_9C7A,15
S1A_IW_SLC__1SDV_20230925T171456_20230925T171523_050487_06149F_9CC2,S1A_IW_SLC__1SDV_20231112T171456_20231112T171523_051187_062C9B_5D26,15
S1A_IW_SLC__1SDV_20230925T171456_20230925T171523_050487_06149F_9CC2,S1A_IW_SLC__1SDV_20231124T171454_20231124T171522_051362_0632A5_98BC,15
S1A_IW_SLC__1SDV_20230925T171456_20230925T171523_050487_06149F_9CC2,S1A_IW_SLC__1SDV_20231206T171455_20231206T171522_051537_0638A9_2EBB,15
S1A_IW_SLC__1SDV_20230925T171456_20230925T171523_050487_06149F_9CC2,S1A_IW_SLC__1SDV_20231218T171453_20231218T171521_051712_063EC9_F291,15
S1A_IW_SLC__1SDV_20230925T171456_20230925T171523_050487_06149F_9CC2,S1A_IW_SLC__1SDV_20231230T171453_20231230T171521_051887_0644CF_F2CD,15
S1A_IW_SLC__1SDV_20231007T171456_20231007T171523_050662_061A9E_AA97,S1A_IW_SLC__1SDV_20231019T171456_20231019T171523_050837_062099_1804,15
S1A_IW_SLC__1SDV_20231007T171456_20231007T171523_050662_061A9E_AA97,S1A_IW_SLC__1SDV_20231031T171456_20231031T171523_051012_062696_9C7A,15
S1A_IW_SLC__1SDV_20231007T171456_20231007T171523_050662_061A9E_AA97,S1A_IW_SLC__1SDV_20231112T171456_20231112T171523_051187_062C9B_5D26,15
S1A_IW_SLC__1SDV_20231007T171456_20231007T171523_050662_061A9E_AA97,S1A_IW_SLC__1SDV_20231124T171454_20231124T171522_051362_0632A5_98BC,15
S1A_IW_SLC__1SDV_20231007T171456_20231007T171523_050662_061A9E_AA97,S1A_IW_SLC__1SDV_20231206T171455_20231206T171522_051537_0638A9_2EBB,15
S1A_IW_SLC__1SDV_20231007T171456_20231007T171523_050662_061A9E_AA97,S1A_IW_SLC__1SDV_20231218T171453_20231218T171521_051712_063EC9_F291,15
S1A_IW_SLC__1SDV_20231007T171456_20231007T171523_050662_061A9E_AA97,S1A_IW_SLC__1SDV_20231230T171453_20231230T171521_051887_0644CF_F2CD,15
S1A_IW_SLC__1SDV_20231019T171456_20231019T171523_050837_062099_1804,S1A_IW_SLC__1SDV_20231031T171456_20231031T171523_051012_062696_9C7A,15
S1A_IW_SLC__1SDV_20231019T171456_20231019T171523_050837_062099_1804,S1A_IW_SLC__1SDV_20231112T171456_20231112T171523_051187_062C9B_5D26,15
S1A_IW_SLC__1SDV_20231019T171456_20231019T171523_050837_062099_1804,S1A_IW_SLC__1SDV_20231124T171454_20231124T171522_051362_0632A5_98BC,15
S1A_IW_SLC__1SDV_20231019T171456_20231019T171523_050837_062099_1804,S1A_IW_SLC__1SDV_20231206T171455_20231206T171522_051537_0638A9_2EBB,15
S1A_IW_SLC__1SDV_20231019T171456_20231019T171523_050837_062099_1804,S1A_IW_SLC__1SDV_20231218T171453_20231218T171521_051712_063EC9_F291,15
S1A_IW_SLC__1SDV_20231019T171456_20231019T171523_050837_062099_1804,S1A_IW_SLC__1SDV_20231230T171453_20231230T171521_051887_0644CF_F2CD,15
S1A_IW_SLC__1SDV_20231031T171456_20231031T171523_051012_062696_9C7A,S1A_IW_SLC__1SDV_20231112T171456_20231112T171523_051187_062C9B_5D26,15
S1A_IW_SLC__1SDV_20231031T171456_20231031T171523_051012_062696_9C7A,S1A_IW_SLC__1SDV_20231124T171454_20231124T171522_051362_0632A5_98BC,15
S1A_IW_SLC__1SDV_20231031T171456_20231031T171523_051012_062696_9C7A,S1A_IW_SLC__1SDV_20231206T171455_20231206T171522_051537_0638A9_2EBB,15
S1A_IW_SLC__1SDV_20231031T171456_20231031T171523_051012_062696_9C7A,S1A_IW_SLC__1SDV_20231218T171453_20231218T171521_051712_063EC9_F291,15
S1A_IW_SLC__1SDV_20231031T171456_20231031T171523_051012_062696_9C7A,S1A_IW_SLC__1SDV_20231230T171453_20231230T171521_051887_0644CF_F2CD,15
S1A_IW_SLC__1SDV_20231112T171456_20231112T171523_051187_062C9B_5D26,S1A_IW_SLC__1SDV_20231124T171454_20231124T171522_051362_0632A5_98BC,15
S1A_IW_SLC__1SDV_20231112T171456_20231112T171523_051187_062C9B_5D26,S1A_IW_SLC__1SDV_20231206T171455_20231206T171522_051537_0638A9_2EBB,15
S1A_IW_SLC__1SDV_20231112T171456_20231112T171523_051187_062C9B_5D26,S1A_IW_SLC__1SDV_20231218T171453_20231218T171521_051712_063EC9_F291,15
S1A_IW_SLC__1SDV_20231112T171456_20231112T171523_051187_062C9B_5D26,S1A_IW_SLC__1SDV_20231230T171453_20231230T171521_051887_0644CF_F2CD,15
S1A_IW_SLC__1SDV_20231124T171454_20231124T171522_051362_0632A5_98BC,S1A_IW_SLC__1SDV_20231206T171455_20231206T171522_051537_0638A9_2EBB,15
S1A_IW_SLC__1SDV_20231124T171454_20231124T171522_051362_0632A5_98BC,S1A_IW_SLC__1SDV_20231218T171453_20231218T171521_051712_063EC9_F291,15
S1A_IW_SLC__1SDV_20231124T171454_20231124T171522_051362_0632A5_98BC,S1A_IW_SLC__1SDV_20231230T171453_20231230T171521_051887_0644CF_F2CD,15
S1A_IW_SLC__1SDV_20231206T171455_20231206T171522_051537_0638A9_2EBB,S1A_IW_SLC__1SDV_20231218T171453_20231218T171521_051712_063EC9_F291,15
S1A_IW_SLC__1SDV_20231206T171455_20231206T171522_051537_0638A9_2EBB,S1A_IW_SLC__1SDV_20231230T171453_20231230T171521_051887_0644CF_F2CD,15
S1A_IW_SLC__1SDV_20231218T171453_20231218T171521_051712_063EC9_F291,S1A_IW_SLC__1SDV_20231230T171453_20231230T171521_051887_0644CF_F2CD,15
