master,slave,master_date,slave_date,master_path,slave_path,xml_file
S1A_IW_SLC__1SDV_20230104T171448_20230104T171516_046637_0596FA_36D4,S1A_IW_SLC__1SDV_20230116T171448_20230116T171515_046812_059CDB_3F6D,2023-01-04,2023-01-16,/mnt/data/sbas_vs_ps_test_bologna/data/safe/S1A_IW_SLC__1SDV_20230104T171448_20230104T171516_046637_0596FA_36D4.zip,/mnt/data/sbas_vs_ps_test_bologna/data/safe/S1A_IW_SLC__1SDV_20230116T171448_20230116T171515_046812_059CDB_3F6D.zip,/mnt/data/sbas_vs_ps_test_bologna/configs/sbas/2023-01-04_2023-01-16/topsApp.xml
S1A_IW_SLC__1SDV_20230104T171448_20230104T171516_046637_0596FA_36D4,S1A_IW_SLC__1SDV_20230128T171447_20230128T171515_046987_05A2C2_4EDA,2023-01-04,2023-01-28,/mnt/data/sbas_vs_ps_test_bologna/data/safe/S1A_IW_SLC__1SDV_20230104T171448_20230104T171516_046637_0596FA_36D4.zip,/mnt/data/sbas_vs_ps_test_bologna/data/safe/S1A_IW_SLC__1SDV_20230128T171447_20230128T171515_046987_05A2C2_4EDA.zip,/mnt/data/sbas_vs_ps_test_bologna/configs/sbas/2023-01-04_2023-01-28/topsApp.xml
S1A_IW_SLC__1SDV_20230104T171448_20230104T171516_046637_0596FA_36D4,S1A_IW_SLC__1SDV_20230209T171446_20230209T171514_047162_05A897_D819,2023-01-04,2023-02-09,/mnt/data/sbas_vs_ps_test_bologna/data/safe/S1A_IW_SLC__1SDV_20230104T171448_20230104T171516_046637_0596FA_36D4.zip,/mnt/data/sbas_vs_ps_test_bologna/data/safe/S1A_IW_SLC__1SDV_20230209T171446_20230209T171514_047162_05A897_D819.zip,/mnt/data/sbas_vs_ps_test_bologna/configs/sbas/2023-01-04_2023-02-09/topsApp.xml
S1A_IW_SLC__1SDV_20230104T171448_20230104T171516_046637_0596FA_36D4,S1A_IW_SLC__1SDV_20230221T171447_20230221T171514_047337_05AE8C_3F77,2023-01-04,2023-02-21,/mnt/data/sbas_vs_ps_test_bologna/data/safe/S1A_IW_SLC__1SDV_20230104T171448_20230104T171516_046637_0596FA_36D4.zip,/mnt/data/sbas_vs_ps_test_bologna/data/safe/S1A_IW_SLC__1SDV_20230221T171447_20230221T171514_047337_05AE8C_3F77.zip,/mnt/data/sbas_vs_ps_test_bologna/configs/sbas/2023-01-04_2023-02-21/topsApp.xml
S1A_IW_SLC__1SDV_20230116T171448_20230116T171515_046812_059CDB_3F6D,S1A_IW_SLC__1SDV_20230128T171447_20230128T171515_046987_05A2C2_4EDA,2023-01-16,2023-01-28,/mnt/data/sbas_vs_ps_test_bologna/data/safe/S1A_IW_SLC__1SDV_20230116T171448_20230116T171515_046812_059CDB_3F6D.zip,/mnt/data/sbas_vs_ps_test_bologna/data/safe/S1A_IW_SLC__1SDV_20230128T171447_20230128T171515_046987_05A2C2_4EDA.zip,/mnt/data/sbas_vs_ps_test_bologna/configs/sbas/2023-01-16_2023-01-28/topsApp.xml
S1A_IW_SLC__1SDV_20230116T171448_20230116T171515_046812_059CDB_3F6D,S1A_IW_SLC__1SDV_20230209T171446_20230209T171514_047162_05A897_D819,2023-01-16,2023-02-09,/mnt/data/sbas_vs_ps_test_bologna/data/safe/S1A_IW_SLC__1SDV_20230116T171448_20230116T171515_046812_059CDB_3F6D.zip,/mnt/data/sbas_vs_ps_test_bologna/data/safe/S1A_IW_SLC__1SDV_20230209T171446_20230209T171514_047162_05A897_D819.zip,/mnt/data/sbas_vs_ps_test_bologna/configs/sbas/2023-01-16_2023-02-09/topsApp.xml
S1A_IW_SLC__1SDV_20230116T171448_20230116T171515_046812_059CDB_3F6D,S1A_IW_SLC__1SDV_20230221T171447_20230221T171514_047337_05AE8C_3F77,2023-01-16,2023-02-21,/mnt/data/sbas_vs_ps_test_bologna/data/safe/S1A_IW_SLC__1SDV_20230116T171448_20230116T171515_046812_059CDB_3F6D.zip,/mnt/data/sbas_vs_ps_test_bologna/data/safe/S1A_IW_SLC__1SDV_20230221T171447_20230221T171514_047337_05AE8C_3F77.zip,/mnt/data/sbas_vs_ps_test_bologna/configs/sbas/2023-01-16_2023-02-21/topsApp.xml
S1A_IW_SLC__1SDV_20230116T171448_20230116T171515_046812_059CDB_3F6D,S1A_IW_SLC__1SDV_20230305T171446_20230305T171514_047512_05B476_2FD7,2023-01-16,2023-03-05,/mnt/data/sbas_vs_ps_test_bologna/data/safe/S1A_IW_SLC__1SDV_20230116T171448_20230116T171515_046812_059CDB_3F6D.zip,/mnt/data/sbas_vs_ps_test_bologna/data/safe/S1A_IW_SLC__1SDV_20230305T171446_20230305T171514_047512_05B476_2FD7.zip,/mnt/data/sbas_vs_ps_test_bologna/configs/sbas/2023-01-16_2023-03-05/topsApp.xml
S1A_IW_SLC__1SDV_20230128T171447_20230128T171515_046987_05A2C2_4EDA,S1A_IW_SLC__1SDV_20230209T171446_20230209T171514_047162_05A897_D819,2023-01-28,2023-02-09,/mnt/data/sbas_vs_ps_test_bologna/data/safe/S1A_IW_SLC__1SDV_20230128T171447_20230128T171515_046987_05A2C2_4EDA.zip,/mnt/data/sbas_vs_ps_test_bologna/data/safe/S1A_IW_SLC__1SDV_20230209T171446_20230209T171514_047162_05A897_D819.zip,/mnt/data/sbas_vs_ps_test_bologna/configs/sbas/2023-01-28_2023-02-09/topsApp.xml
S1A_IW_SLC__1SDV_20230128T171447_20230128T171515_046987_05A2C2_4EDA,S1A_IW_SLC__1SDV_20230221T171447_20230221T171514_047337_05AE8C_3F77,2023-01-28,2023-02-21,/mnt/data/sbas_vs_ps_test_bologna/data/safe/S1A_IW_SLC__1SDV_20230128T171447_20230128T171515_046987_05A2C2_4EDA.zip,/mnt/data/sbas_vs_ps_test_bologna/data/safe/S1A_IW_SLC__1SDV_20230221T171447_20230221T171514_047337_05AE8C_3F77.zip,/mnt/data/sbas_vs_ps_test_bologna/configs/sbas/2023-01-28_2023-02-21/topsApp.xml
S1A_IW_SLC__1SDV_20230128T171447_20230128T171515_046987_05A2C2_4EDA,S1A_IW_SLC__1SDV_20230305T171446_20230305T171514_047512_05B476_2FD7,2023-01-28,2023-03-05,/mnt/data/sbas_vs_ps_test_bologna/data/safe/S1A_IW_SLC__1SDV_20230128T171447_20230128T171515_046987_05A2C2_4EDA.zip,/mnt/data/sbas_vs_ps_test_bologna/data/safe/S1A_IW_SLC__1SDV_20230305T171446_20230305T171514_047512_05B476_2FD7.zip,/mnt/data/sbas_vs_ps_test_bologna/configs/sbas/2023-01-28_2023-03-05/topsApp.xml
S1A_IW_SLC__1SDV_20230128T171447_20230128T171515_046987_05A2C2_4EDA,S1A_IW_SLC__1SDV_20230317T171447_20230317T171514_047687_05BA62_AA46,2023-01-28,2023-03-17,/mnt/data/sbas_vs_ps_test_bologna/data/safe/S1A_IW_SLC__1SDV_20230128T171447_20230128T171515_046987_05A2C2_4EDA.zip,/mnt/data/sbas_vs_ps_test_bologna/data/safe/S1A_IW_SLC__1SDV_20230317T171447_20230317T171514_047687_05BA62_AA46.zip,/mnt/data/sbas_vs_ps_test_bologna/configs/sbas/2023-01-28_2023-03-17/topsApp.xml
S1A_IW_SLC__1SDV_20230209T171446_20230209T171514_047162_05A897_D819,S1A_IW_SLC__1SDV_20230221T171447_20230221T171514_047337_05AE8C_3F77,2023-02-09,2023-02-21,/mnt/data/sbas_vs_ps_test_bologna/data/safe/S1A_IW_SLC__1SDV_20230209T171446_20230209T171514_047162_05A897_D819.zip,/mnt/data/sbas_vs_ps_test_bologna/data/safe/S1A_IW_SLC__1SDV_20230221T171447_20230221T171514_047337_05AE8C_3F77.zip,/mnt/data/sbas_vs_ps_test_bologna/configs/sbas/2023-02-09_2023-02-21/topsApp.xml
S1A_IW_SLC__1SDV_20230209T171446_20230209T171514_047162_05A897_D819,S1A_IW_SLC__1SDV_20230305T171446_20230305T171514_047512_05B476_2FD7,2023-02-09,2023-03-05,/mnt/data/sbas_vs_ps_test_bologna/data/safe/S1A_IW_SLC__1SDV_20230209T171446_20230209T171514_047162_05A897_D819.zip,/mnt/data/sbas_vs_ps_test_bologna/data/safe/S1A_IW_SLC__1SDV_20230305T171446_20230305T171514_047512_05B476_2FD7.zip,/mnt/data/sbas_vs_ps_test_bologna/configs/sbas/2023-02-09_2023-03-05/topsApp.xml
S1A_IW_SLC__1SDV_20230209T171446_20230209T171514_047162_05A897_D819,S1A_IW_SLC__1SDV_20230317T171447_20230317T171514_047687_05BA62_AA46,2023-02-09,2023-03-17,/mnt/data/sbas_vs_ps_test_bologna/data/safe/S1A_IW_SLC__1SDV_20230209T171446_20230209T171514_047162_05A897_D819.zip,/mnt/data/sbas_vs_ps_test_bologna/data/safe/S1A_IW_SLC__1SDV_20230317T171447_20230317T171514_047687_05BA62_AA46.zip,/mnt/data/sbas_vs_ps_test_bologna/configs/sbas/2023-02-09_2023-03-17/topsApp.xml
S1A_IW_SLC__1SDV_20230209T171446_20230209T171514_047162_05A897_D819,S1A_IW_SLC__1SDV_20230329T171447_20230329T171514_047862_05C048_FC29,2023-02-09,2023-03-29,/mnt/data/sbas_vs_ps_test_bologna/data/safe/S1A_IW_SLC__1SDV_20230209T171446_20230209T171514_047162_05A897_D819.zip,/mnt/data/sbas_vs_ps_test_bologna/data/safe/S1A_IW_SLC__1SDV_20230329T171447_20230329T171514_047862_05C048_FC29.zip,/mnt/data/sbas_vs_ps_test_bologna/configs/sbas/2023-02-09_2023-03-29/topsApp.xml
S1A_IW_SLC__1SDV_20230221T171447_20230221T171514_047337_05AE8C_3F77,S1A_IW_SLC__1SDV_20230305T171446_20230305T171514_047512_05B476_2FD7,2023-02-21,2023-03-05,/mnt/data/sbas_vs_ps_test_bologna/data/safe/S1A_IW_SLC__1SDV_20230221T171447_20230221T171514_047337_05AE8C_3F77.zip,/mnt/data/sbas_vs_ps_test_bologna/data/safe/S1A_IW_SLC__1SDV_20230305T171446_20230305T171514_047512_05B476_2FD7.zip,/mnt/data/sbas_vs_ps_test_bologna/configs/sbas/2023-02-21_2023-03-05/topsApp.xml
S1A_IW_SLC__1SDV_20230221T171447_20230221T171514_047337_05AE8C_3F77,S1A_IW_SLC__1SDV_20230317T171447_20230317T171514_047687_05BA62_AA46,2023-02-21,2023-03-17,/mnt/data/sbas_vs_ps_test_bologna/data/safe/S1A_IW_SLC__1SDV_20230221T171447_20230221T171514_047337_05AE8C_3F77.zip,/mnt/data/sbas_vs_ps_test_bologna/data/safe/S1A_IW_SLC__1SDV_20230317T171447_20230317T171514_047687_05BA62_AA46.zip,/mnt/data/sbas_vs_ps_test_bologna/configs/sbas/2023-02-21_2023-03-17/topsApp.xml
S1A_IW_SLC__1SDV_20230221T171447_20230221T171514_047337_05AE8C_3F77,S1A_IW_SLC__1SDV_20230329T171447_20230329T171514_047862_05C048_FC29,2023-02-21,2023-03-29,/mnt/data/sbas_vs_ps_test_bologna/data/safe/S1A_IW_SLC__1SDV_20230221T171447_20230221T171514_047337_05AE8C_3F77.zip,/mnt/data/sbas_vs_ps_test_bologna/data/safe/S1A_IW_SLC__1SDV_20230329T171447_20230329T171514_047862_05C048_FC29.zip,/mnt/data/sbas_vs_ps_test_bologna/configs/sbas/2023-02-21_2023-03-29/topsApp.xml
S1A_IW_SLC__1SDV_20230221T171447_20230221T171514_047337_05AE8C_3F77,S1A_IW_SLC__1SDV_20230410T171448_20230410T171515_048037_05C630_A302,2023-02-21,2023-04-10,/mnt/data/sbas_vs_ps_test_bologna/data/safe/S1A_IW_SLC__1SDV_20230221T171447_20230221T171514_047337_05AE8C_3F77.zip,/mnt/data/sbas_vs_ps_test_bologna/data/safe/S1A_IW_SLC__1SDV_20230410T171448_20230410T171515_048037_05C630_A302.zip,/mnt/data/sbas_vs_ps_test_bologna/configs/sbas/2023-02-21_2023-04-10/topsApp.xml
S1A_IW_SLC__1SDV_20230305T171446_20230305T171514_047512_05B476_2FD7,S1A_IW_SLC__1SDV_20230317T171447_20230317T171514_047687_05BA62_AA46,2023-03-05,2023-03-17,/mnt/data/sbas_vs_ps_test_bologna/data/safe/S1A_IW_SLC__1SDV_20230305T171446_20230305T171514_047512_05B476_2FD7.zip,/mnt/data/sbas_vs_ps_test_bologna/data/safe/S1A_IW_SLC__1SDV_20230317T171447_20230317T171514_047687_05BA62_AA46.zip,/mnt/data/sbas_vs_ps_test_bologna/configs/sbas/2023-03-05_2023-03-17/topsApp.xml
S1A_IW_SLC__1SDV_20230305T171446_20230305T171514_047512_05B476_2FD7,S1A_IW_SLC__1SDV_20230329T171447_20230329T171514_047862_05C048_FC29,2023-03-05,2023-03-29,/mnt/data/sbas_vs_ps_test_bologna/data/safe/S1A_IW_SLC__1SDV_20230305T171446_20230305T171514_047512_05B476_2FD7.zip,/mnt/data/sbas_vs_ps_test_bologna/data/safe/S1A_IW_SLC__1SDV_20230329T171447_20230329T171514_047862_05C048_FC29.zip,/mnt/data/sbas_vs_ps_test_bologna/configs/sbas/2023-03-05_2023-03-29/topsApp.xml
S1A_IW_SLC__1SDV_20230305T171446_20230305T171514_047512_05B476_2FD7,S1A_IW_SLC__1SDV_20230410T171448_20230410T171515_048037_05C630_A302,2023-03-05,2023-04-10,/mnt/data/sbas_vs_ps_test_bologna/data/safe/S1A_IW_SLC__1SDV_20230305T171446_20230305T171514_047512_05B476_2FD7.zip,/mnt/data/sbas_vs_ps_test_bologna/data/safe/S1A_IW_SLC__1SDV_20230410T171448_20230410T171515_048037_05C630_A302.zip,/mnt/data/sbas_vs_ps_test_bologna/configs/sbas/2023-03-05_2023-04-10/topsApp.xml
S1A_IW_SLC__1SDV_20230305T171446_20230305T171514_047512_05B476_2FD7,S1A_IW_SLC__1SDV_20230422T171448_20230422T171515_048212_05CC09_F979,2023-03-05,2023-04-22,/mnt/data/sbas_vs_ps_test_bologna/data/safe/S1A_IW_SLC__1SDV_20230305T171446_20230305T171514_047512_05B476_2FD7.zip,/mnt/data/sbas_vs_ps_test_bologna/data/safe/S1A_IW_SLC__1SDV_20230422T171448_20230422T171515_048212_05CC09_F979.zip,/mnt/data/sbas_vs_ps_test_bologna/configs/sbas/2023-03-05_2023-04-22/topsApp.xml
S1A_IW_SLC__1SDV_20230317T171447_20230317T171514_047687_05BA62_AA46,S1A_IW_SLC__1SDV_20230329T171447_20230329T171514_047862_05C048_FC29,2023-03-17,2023-03-29,/mnt/data/sbas_vs_ps_test_bologna/data/safe/S1A_IW_SLC__1SDV_20230317T171447_20230317T171514_047687_05BA62_AA46.zip,/mnt/data/sbas_vs_ps_test_bologna/data/safe/S1A_IW_SLC__1SDV_20230329T171447_20230329T171514_047862_05C048_FC29.zip,/mnt/data/sbas_vs_ps_test_bologna/configs/sbas/2023-03-17_2023-03-29/topsApp.xml
S1A_IW_SLC__1SDV_20230317T171447_20230317T171514_047687_05BA62_AA46,S1A_IW_SLC__1SDV_20230410T171448_20230410T171515_048037_05C630_A302,2023-03-17,2023-04-10,/mnt/data/sbas_vs_ps_test_bologna/data/safe/S1A_IW_SLC__1SDV_20230317T171447_20230317T171514_047687_05BA62_AA46.zip,/mnt/data/sbas_vs_ps_test_bologna/data/safe/S1A_IW_SLC__1SDV_20230410T171448_20230410T171515_048037_05C630_A302.zip,/mnt/data/sbas_vs_ps_test_bologna/configs/sbas/2023-03-17_2023-04-10/topsApp.xml
S1A_IW_SLC__1SDV_20230317T171447_20230317T171514_047687_05BA62_AA46,S1A_IW_SLC__1SDV_20230422T171448_20230422T171515_048212_05CC09_F979,2023-03-17,2023-04-22,/mnt/data/sbas_vs_ps_test_bologna/data/safe/S1A_IW_SLC__1SDV_20230317T171447_20230317T171514_047687_05BA62_AA46.zip,/mnt/data/sbas_vs_ps_test_bologna/data/safe/S1A_IW_SLC__1SDV_20230422T171448_20230422T171515_048212_05CC09_F979.zip,/mnt/data/sbas_vs_ps_test_bologna/configs/sbas/2023-03-17_2023-04-22/topsApp.xml
S1A_IW_SLC__1SDV_20230317T171447_20230317T171514_047687_05BA62_AA46,S1A_IW_SLC__1SDV_20230504T171449_20230504T171516_048387_05D1E8_A1E5,2023-03-17,2023-05-04,/mnt/data/sbas_vs_ps_test_bologna/data/safe/S1A_IW_SLC__1SDV_20230317T171447_20230317T171514_047687_05BA62_AA46.zip,/mnt/data/sbas_vs_ps_test_bologna/data/safe/S1A_IW_SLC__1SDV_20230504T171449_20230504T171516_048387_05D1E8_A1E5.zip,/mnt/data/sbas_vs_ps_test_bologna/configs/sbas/2023-03-17_2023-05-04/topsApp.xml
S1A_IW_SLC__1SDV_20230329T171447_20230329T171514_047862_05C048_FC29,S1A_IW_SLC__1SDV_20230410T171448_20230410T171515_048037_05C630_A302,2023-03-29,2023-04-10,/mnt/data/sbas_vs_ps_test_bologna/data/safe/S1A_IW_SLC__1SDV_20230329T171447_20230329T171514_047862_05C048_FC29.zip,/mnt/data/sbas_vs_ps_test_bologna/data/safe/S1A_IW_SLC__1SDV_20230410T171448_20230410T171515_048037_05C630_A302.zip,/mnt/data/sbas_vs_ps_test_bologna/configs/sbas/2023-03-29_2023-04-10/topsApp.xml
S1A_IW_SLC__1SDV_20230329T171447_20230329T171514_047862_05C048_FC29,S1A_IW_SLC__1SDV_20230422T171448_20230422T171515_048212_05CC09_F979,2023-03-29,2023-04-22,/mnt/data/sbas_vs_ps_test_bologna/data/safe/S1A_IW_SLC__1SDV_20230329T171447_20230329T171514_047862_05C048_FC29.zip,/mnt/data/sbas_vs_ps_test_bologna/data/safe/S1A_IW_SLC__1SDV_20230422T171448_20230422T171515_048212_05CC09_F979.zip,/mnt/data/sbas_vs_ps_test_bologna/configs/sbas/2023-03-29_2023-04-22/topsApp.xml
S1A_IW_SLC__1SDV_20230329T171447_20230329T171514_047862_05C048_FC29,S1A_IW_SLC__1SDV_20230504T171449_20230504T171516_048387_05D1E8_A1E5,2023-03-29,2023-05-04,/mnt/data/sbas_vs_ps_test_bologna/data/safe/S1A_IW_SLC__1SDV_20230329T171447_20230329T171514_047862_05C048_FC29.zip,/mnt/data/sbas_vs_ps_test_bologna/data/safe/S1A_IW_SLC__1SDV_20230504T171449_20230504T171516_048387_05D1E8_A1E5.zip,/mnt/data/sbas_vs_ps_test_bologna/configs/sbas/2023-03-29_2023-05-04/topsApp.xml
S1A_IW_SLC__1SDV_20230329T171447_20230329T171514_047862_05C048_FC29,S1A_IW_SLC__1SDV_20230516T171449_20230516T171516_048562_05D752_140B,2023-03-29,2023-05-16,/mnt/data/sbas_vs_ps_test_bologna/data/safe/S1A_IW_SLC__1SDV_20230329T171447_20230329T171514_047862_05C048_FC29.zip,/mnt/data/sbas_vs_ps_test_bologna/data/safe/S1A_IW_SLC__1SDV_20230516T171449_20230516T171516_048562_05D752_140B.zip,/mnt/data/sbas_vs_ps_test_bologna/configs/sbas/2023-03-29_2023-05-16/topsApp.xml
S1A_IW_SLC__1SDV_20230410T171448_20230410T171515_048037_05C630_A302,S1A_IW_SLC__1SDV_20230422T171448_20230422T171515_048212_05CC09_F979,2023-04-10,2023-04-22,/mnt/data/sbas_vs_ps_test_bologna/data/safe/S1A_IW_SLC__1SDV_20230410T171448_20230410T171515_048037_05C630_A302.zip,/mnt/data/sbas_vs_ps_test_bologna/data/safe/S1A_IW_SLC__1SDV_20230422T171448_20230422T171515_048212_05CC09_F979.zip,/mnt/data/sbas_vs_ps_test_bologna/configs/sbas/2023-04-10_2023-04-22/topsApp.xml
S1A_IW_SLC__1SDV_20230410T171448_20230410T171515_048037_05C630_A302,S1A_IW_SLC__1SDV_20230504T171449_20230504T171516_048387_05D1E8_A1E5,2023-04-10,2023-05-04,/mnt/data/sbas_vs_ps_test_bologna/data/safe/S1A_IW_SLC__1SDV_20230410T171448_20230410T171515_048037_05C630_A302.zip,/mnt/data/sbas_vs_ps_test_bologna/data/safe/S1A_IW_SLC__1SDV_20230504T171449_20230504T171516_048387_05D1E8_A1E5.zip,/mnt/data/sbas_vs_ps_test_bologna/configs/sbas/2023-04-10_2023-05-04/topsApp.xml
S1A_IW_SLC__1SDV_20230410T171448_20230410T171515_048037_05C630_A302,S1A_IW_SLC__1SDV_20230516T171449_20230516T171516_048562_05D752_140B,2023-04-10,2023-05-16,/mnt/data/sbas_vs_ps_test_bologna/data/safe/S1A_IW_SLC__1SDV_20230410T171448_20230410T171515_048037_05C630_A302.zip,/mnt/data/sbas_vs_ps_test_bologna/data/safe/S1A_IW_SLC__1SDV_20230516T171449_20230516T171516_048562_05D752_140B.zip,/mnt/data/sbas_vs_ps_test_bologna/configs/sbas/2023-04-10_2023-05-16/topsApp.xml
S1A_IW_SLC__1SDV_20230410T171448_20230410T171515_048037_05C630_A302,S1A_IW_SLC__1SDV_20230528T171450_20230528T171517_048737_05DC83_F3CC,2023-04-10,2023-05-28,/mnt/data/sbas_vs_ps_test_bologna/data/safe/S1A_IW_SLC__1SDV_20230410T171448_20230410T171515_048037_05C630_A302.zip,/mnt/data/sbas_vs_ps_test_bologna/data/safe/S1A_IW_SLC__1SDV_20230528T171450_20230528T171517_048737_05DC83_F3CC.zip,/mnt/data/sbas_vs_ps_test_bologna/configs/sbas/2023-04-10_2023-05-28/topsApp.xml
S1A_IW_SLC__1SDV_20230422T171448_20230422T171515_048212_05CC09_F979,S1A_IW_SLC__1SDV_20230504T171449_20230504T171516_048387_05D1E8_A1E5,2023-04-22,2023-05-04,/mnt/data/sbas_vs_ps_test_bologna/data/safe/S1A_IW_SLC__1SDV_20230422T171448_20230422T171515_048212_05CC09_F979.zip,/mnt/data/sbas_vs_ps_test_bologna/data/safe/S1A_IW_SLC__1SDV_20230504T171449_20230504T171516_048387_05D1E8_A1E5.zip,/mnt/data/sbas_vs_ps_test_bologna/configs/sbas/2023-04-22_2023-05-04/topsApp.xml
S1A_IW_SLC__1SDV_20230422T171448_20230422T171515_048212_05CC09_F979,S1A_IW_SLC__1SDV_20230516T171449_20230516T171516_048562_05D752_140B,2023-04-22,2023-05-16,/mnt/data/sbas_vs_ps_test_bologna/data/safe/S1A_IW_SLC__1SDV_20230422T171448_20230422T171515_048212_05CC09_F979.zip,/mnt/data/sbas_vs_ps_test_bologna/data/safe/S1A_IW_SLC__1SDV_20230516T171449_20230516T171516_048562_05D752_140B.zip,/mnt/data/sbas_vs_ps_test_bologna/configs/sbas/2023-04-22_2023-05-16/topsApp.xml
S1A_IW_SLC__1SDV_20230422T171448_20230422T171515_048212_05CC09_F979,S1A_IW_SLC__1SDV_20230528T171450_20230528T171517_048737_05DC83_F3CC,2023-04-22,2023-05-28,/mnt/data/sbas_vs_ps_test_bologna/data/safe/S1A_IW_SLC__1SDV_20230422T171448_20230422T171515_048212_05CC09_F979.zip,/mnt/data/sbas_vs_ps_test_bologna/data/safe/S1A_IW_SLC__1SDV_20230528T171450_20230528T171517_048737_05DC83_F3CC.zip,/mnt/data/sbas_vs_ps_test_bologna/configs/sbas/2023-04-22_2023-05-28/topsApp.xml
S1A_IW_SLC__1SDV_20230422T171448_20230422T171515_048212_05CC09_F979,S1A_IW_SLC__1SDV_20230609T171450_20230609T171517_048912_05E1C6_844B,2023-04-22,2023-06-09,/mnt/data/sbas_vs_ps_test_bologna/data/safe/S1A_IW_SLC__1SDV_20230422T171448_20230422T171515_048212_05CC09_F979.zip,/mnt/data/sbas_vs_ps_test_bologna/data/safe/S1A_IW_SLC__1SDV_20230609T171450_20230609T171517_048912_05E1C6_844B.zip,/mnt/data/sbas_vs_ps_test_bologna/configs/sbas/2023-04-22_2023-06-09/topsApp.xml
S1A_IW_SLC__1SDV_20230504T171449_20230504T171516_048387_05D1E8_A1E5,S1A_IW_SLC__1SDV_20230516T171449_20230516T171516_048562_05D752_140B,2023-05-04,2023-05-16,/mnt/data/sbas_vs_ps_test_bologna/data/safe/S1A_IW_SLC__1SDV_20230504T171449_20230504T171516_048387_05D1E8_A1E5.zip,/mnt/data/sbas_vs_ps_test_bologna/data/safe/S1A_IW_SLC__1SDV_20230516T171449_20230516T171516_048562_05D752_140B.zip,/mnt/data/sbas_vs_ps_test_bologna/configs/sbas/2023-05-04_2023-05-16/topsApp.xml
S1A_IW_SLC__1SDV_20230504T171449_20230504T171516_048387_05D1E8_A1E5,S1A_IW_SLC__1SDV_20230528T171450_20230528T171517_048737_05DC83_F3CC,2023-05-04,2023-05-28,/mnt/data/sbas_vs_ps_test_bologna/data/safe/S1A_IW_SLC__1SDV_20230504T171449_20230504T171516_048387_05D1E8_A1E5.zip,/mnt/data/sbas_vs_ps_test_bologna/data/safe/S1A_IW_SLC__1SDV_20230528T171450_20230528T171517_048737_05DC83_F3CC.zip,/mnt/data/sbas_vs_ps_test_bologna/configs/sbas/2023-05-04_2023-05-28/topsApp.xml
S1A_IW_SLC__1SDV_20230504T171449_20230504T171516_048387_05D1E8_A1E5,S1A_IW_SLC__1SDV_20230609T171450_20230609T171517_048912_05E1C6_844B,2023-05-04,2023-06-09,/mnt/data/sbas_vs_ps_test_bologna/data/safe/S1A_IW_SLC__1SDV_20230504T171449_20230504T171516_048387_05D1E8_A1E5.zip,/mnt/data/sbas_vs_ps_test_bologna/data/safe/S1A_IW_SLC__1SDV_20230609T171450_20230609T171517_048912_05E1C6_844B.zip,/mnt/data/sbas_vs_ps_test_bologna/configs/sbas/2023-05-04_2023-06-09/topsApp.xml
S1A_IW_SLC__1SDV_20230504T171449_20230504T171516_048387_05D1E8_A1E5,S1A_IW_SLC__1SDV_20230621T171451_20230621T171518_049087_05E71D_3515,2023-05-04,2023-06-21,/mnt/data/sbas_vs_ps_test_bologna/data/safe/S1A_IW_SLC__1SDV_20230504T171449_20230504T171516_048387_05D1E8_A1E5.zip,/mnt/data/sbas_vs_ps_test_bologna/data/safe/S1A_IW_SLC__1SDV_20230621T171451_20230621T171518_049087_05E71D_3515.zip,/mnt/data/sbas_vs_ps_test_bologna/configs/sbas/2023-05-04_2023-06-21/topsApp.xml
S1A_IW_SLC__1SDV_20230516T171449_20230516T171516_048562_05D752_140B,S1A_IW_SLC__1SDV_20230528T171450_20230528T171517_048737_05DC83_F3CC,2023-05-16,2023-05-28,/mnt/data/sbas_vs_ps_test_bologna/data/safe/S1A_IW_SLC__1SDV_20230516T171449_20230516T171516_048562_05D752_140B.zip,/mnt/data/sbas_vs_ps_test_bologna/data/safe/S1A_IW_SLC__1SDV_20230528T171450_20230528T171517_048737_05DC83_F3CC.zip,/mnt/data/sbas_vs_ps_test_bologna/configs/sbas/2023-05-16_2023-05-28/topsApp.xml
S1A_IW_SLC__1SDV_20230516T171449_20230516T171516_048562_05D752_140B,S1A_IW_SLC__1SDV_20230609T171450_20230609T171517_048912_05E1C6_844B,2023-05-16,2023-06-09,/mnt/data/sbas_vs_ps_test_bologna/data/safe/S1A_IW_SLC__1SDV_20230516T171449_20230516T171516_048562_05D752_140B.zip,/mnt/data/sbas_vs_ps_test_bologna/data/safe/S1A_IW_SLC__1SDV_20230609T171450_20230609T171517_048912_05E1C6_844B.zip,/mnt/data/sbas_vs_ps_test_bologna/configs/sbas/2023-05-16_2023-06-09/topsApp.xml
S1A_IW_SLC__1SDV_20230516T171449_20230516T171516_048562_05D752_140B,S1A_IW_SLC__1SDV_20230621T171451_20230621T171518_049087_05E71D_3515,2023-05-16,2023-06-21,/mnt/data/sbas_vs_ps_test_bologna/data/safe/S1A_IW_SLC__1SDV_20230516T171449_20230516T171516_048562_05D752_140B.zip,/mnt/data/sbas_vs_ps_test_bologna/data/safe/S1A_IW_SLC__1SDV_20230621T171451_20230621T171518_049087_05E71D_3515.zip,/mnt/data/sbas_vs_ps_test_bologna/configs/sbas/2023-05-16_2023-06-21/topsApp.xml
S1A_IW_SLC__1SDV_20230516T171449_20230516T171516_048562_05D752_140B,S1A_IW_SLC__1SDV_20230703T171452_20230703T171519_049262_05EC71_5BE3,2023-05-16,2023-07-03,/mnt/data/sbas_vs_ps_test_bologna/data/safe/S1A_IW_SLC__1SDV_20230516T171449_20230516T171516_048562_05D752_140B.zip,/mnt/data/sbas_vs_ps_test_bologna/data/safe/S1A_IW_SLC__1SDV_20230703T171452_20230703T171519_049262_05EC71_5BE3.zip,/mnt/data/sbas_vs_ps_test_bologna/configs/sbas/2023-05-16_2023-07-03/topsApp.xml
S1A_IW_SLC__1SDV_20230528T171450_20230528T171517_048737_05DC83_F3CC,S1A_IW_SLC__1SDV_20230609T171450_20230609T171517_048912_05E1C6_844B,2023-05-28,2023-06-09,/mnt/data/sbas_vs_ps_test_bologna/data/safe/S1A_IW_SLC__1SDV_20230528T171450_20230528T171517_048737_05DC83_F3CC.zip,/mnt/data/sbas_vs_ps_test_bologna/data/safe/S1A_IW_SLC__1SDV_20230609T171450_20230609T171517_048912_05E1C6_844B.zip,/mnt/data/sbas_vs_ps_test_bologna/configs/sbas/2023-05-28_2023-06-09/topsApp.xml
S1A_IW_SLC__1SDV_20230528T171450_20230528T171517_048737_05DC83_F3CC,S1A_IW_SLC__1SDV_20230621T171451_20230621T171518_049087_05E71D_3515,2023-05-28,2023-06-21,/mnt/data/sbas_vs_ps_test_bologna/data/safe/S1A_IW_SLC__1SDV_20230528T171450_20230528T171517_048737_05DC83_F3CC.zip,/mnt/data/sbas_vs_ps_test_bologna/data/safe/S1A_IW_SLC__1SDV_20230621T171451_20230621T171518_049087_05E71D_3515.zip,/mnt/data/sbas_vs_ps_test_bologna/configs/sbas/2023-05-28_2023-06-21/topsApp.xml
S1A_IW_SLC__1SDV_20230528T171450_20230528T171517_048737_05DC83_F3CC,S1A_IW_SLC__1SDV_20230703T171452_20230703T171519_049262_05EC71_5BE3,2023-05-28,2023-07-03,/mnt/data/sbas_vs_ps_test_bologna/data/safe/S1A_IW_SLC__1SDV_20230528T171450_20230528T171517_048737_05DC83_F3CC.zip,/mnt/data/sbas_vs_ps_test_bologna/data/safe/S1A_IW_SLC__1SDV_20230703T171452_20230703T171519_049262_05EC71_5BE3.zip,/mnt/data/sbas_vs_ps_test_bologna/configs/sbas/2023-05-28_2023-07-03/topsApp.xml
S1A_IW_SLC__1SDV_20230528T171450_20230528T171517_048737_05DC83_F3CC,S1A_IW_SLC__1SDV_20230715T171453_20230715T171520_049437_05F1DD_D7DD,2023-05-28,2023-07-15,/mnt/data/sbas_vs_ps_test_bologna/data/safe/S1A_IW_SLC__1SDV_20230528T171450_20230528T171517_048737_05DC83_F3CC.zip,/mnt/data/sbas_vs_ps_test_bologna/data/safe/S1A_IW_SLC__1SDV_20230715T171453_20230715T171520_049437_05F1DD_D7DD.zip,/mnt/data/sbas_vs_ps_test_bologna/configs/sbas/2023-05-28_2023-07-15/topsApp.xml
S1A_IW_SLC__1SDV_20230609T171450_20230609T171517_048912_05E1C6_844B,S1A_IW_SLC__1SDV_20230621T171451_20230621T171518_049087_05E71D_3515,2023-06-09,2023-06-21,/mnt/data/sbas_vs_ps_test_bologna/data/safe/S1A_IW_SLC__1SDV_20230609T171450_20230609T171517_048912_05E1C6_844B.zip,/mnt/data/sbas_vs_ps_test_bologna/data/safe/S1A_IW_SLC__1SDV_20230621T171451_20230621T171518_049087_05E71D_3515.zip,/mnt/data/sbas_vs_ps_test_bologna/configs/sbas/2023-06-09_2023-06-21/topsApp.xml
S1A_IW_SLC__1SDV_20230609T171450_20230609T171517_048912_05E1C6_844B,S1A_IW_SLC__1SDV_20230703T171452_20230703T171519_049262_05EC71_5BE3,2023-06-09,2023-07-03,/mnt/data/sbas_vs_ps_test_bologna/data/safe/S1A_IW_SLC__1SDV_20230609T171450_20230609T171517_048912_05E1C6_844B.zip,/mnt/data/sbas_vs_ps_test_bologna/data/safe/S1A_IW_SLC__1SDV_20230703T171452_20230703T171519_049262_05EC71_5BE3.zip,/mnt/data/sbas_vs_ps_test_bologna/configs/sbas/2023-06-09_2023-07-03/topsApp.xml
S1A_IW_SLC__1SDV_20230609T171450_20230609T171517_048912_05E1C6_844B,S1A_IW_SLC__1SDV_20230715T171453_20230715T171520_049437_05F1DD_D7DD,2023-06-09,2023-07-15,/mnt/data/sbas_vs_ps_test_bologna/data/safe/S1A_IW_SLC__1SDV_20230609T171450_20230609T171517_048912_05E1C6_844B.zip,/mnt/data/sbas_vs_ps_test_bologna/data/safe/S1A_IW_SLC__1SDV_20230715T171453_20230715T171520_049437_05F1DD_D7DD.zip,/mnt/data/sbas_vs_ps_test_bologna/configs/sbas/2023-06-09_2023-07-15/topsApp.xml
S1A_IW_SLC__1SDV_20230609T171450_20230609T171517_048912_05E1C6_844B,S1A_IW_SLC__1SDV_20230727T171453_20230727T171520_049612_05F73D_4C92,2023-06-09,2023-07-27,/mnt/data/sbas_vs_ps_test_bologna/data/safe/S1A_IW_SLC__1SDV_20230609T171450_20230609T171517_048912_05E1C6_844B.zip,/mnt/data/sbas_vs_ps_test_bologna/data/safe/S1A_IW_SLC__1SDV_20230727T171453_20230727T171520_049612_05F73D_4C92.zip,/mnt/data/sbas_vs_ps_test_bologna/configs/sbas/2023-06-09_2023-07-27/topsApp.xml
S1A_IW_SLC__1SDV_20230621T171451_20230621T171518_049087_05E71D_3515,S1A_IW_SLC__1SDV_20230703T171452_20230703T171519_049262_05EC71_5BE3,2023-06-21,2023-07-03,/mnt/data/sbas_vs_ps_test_bologna/data/safe/S1A_IW_SLC__1SDV_20230621T171451_20230621T171518_049087_05E71D_3515.zip,/mnt/data/sbas_vs_ps_test_bologna/data/safe/S1A_IW_SLC__1SDV_20230703T171452_20230703T171519_049262_05EC71_5BE3.zip,/mnt/data/sbas_vs_ps_test_bologna/configs/sbas/2023-06-21_2023-07-03/topsApp.xml
S1A_IW_SLC__1SDV_20230621T171451_20230621T171518_049087_05E71D_3515,S1A_IW_SLC__1SDV_20230715T171453_20230715T171520_049437_05F1DD_D7DD,2023-06-21,2023-07-15,/mnt/data/sbas_vs_ps_test_bologna/data/safe/S1A_IW_SLC__1SDV_20230621T171451_20230621T171518_049087_05E71D_3515.zip,/mnt/data/sbas_vs_ps_test_bologna/data/safe/S1A_IW_SLC__1SDV_20230715T171453_20230715T171520_049437_05F1DD_D7DD.zip,/mnt/data/sbas_vs_ps_test_bologna/configs/sbas/2023-06-21_2023-07-15/topsApp.xml
S1A_IW_SLC__1SDV_20230621T171451_20230621T171518_049087_05E71D_3515,S1A_IW_SLC__1SDV_20230727T171453_20230727T171520_049612_05F73D_4C92,2023-06-21,2023-07-27,/mnt/data/sbas_vs_ps_test_bologna/data/safe/S1A_IW_SLC__1SDV_20230621T171451_20230621T171518_049087_05E71D_3515.zip,/mnt/data/sbas_vs_ps_test_bologna/data/safe/S1A_IW_SLC__1SDV_20230727T171453_20230727T171520_049612_05F73D_4C92.zip,/mnt/data/sbas_vs_ps_test_bologna/configs/sbas/2023-06-21_2023-07-27/topsApp.xml
S1A_IW_SLC__1SDV_20230621T171451_20230621T171518_049087_05E71D_3515,S1A_IW_SLC__1SDV_20230808T171454_20230808T171521_049787_05FCB4_9A58,2023-06-21,2023-08-08,/mnt/data/sbas_vs_ps_test_bologna/data/safe/S1A_IW_SLC__1SDV_20230621T171451_20230621T171518_049087_05E71D_3515.zip,/mnt/data/sbas_vs_ps_test_bologna/data/safe/S1A_IW_SLC__1SDV_20230808T171454_20230808T171521_049787_05FCB4_9A58.zip,/mnt/data/sbas_vs_ps_test_bologna/configs/sbas/2023-06-21_2023-08-08/topsApp.xml
S1A_IW_SLC__1SDV_20230703T171452_20230703T171519_049262_05EC71_5BE3,S1A_IW_SLC__1SDV_20230715T171453_20230715T171520_049437_05F1DD_D7DD,2023-07-03,2023-07-15,/mnt/data/sbas_vs_ps_test_bologna/data/safe/S1A_IW_SLC__1SDV_20230703T171452_20230703T171519_049262_05EC71_5BE3.zip,/mnt/data/sbas_vs_ps_test_bologna/data/safe/S1A_IW_SLC__1SDV_20230715T171453_20230715T171520_049437_05F1DD_D7DD.zip,/mnt/data/sbas_vs_ps_test_bologna/configs/sbas/2023-07-03_2023-07-15/topsApp.xml
S1A_IW_SLC__1SDV_20230703T171452_20230703T171519_049262_05EC71_5BE3,S1A_IW_SLC__1SDV_20230727T171453_20230727T171520_049612_05F73D_4C92,2023-07-03,2023-07-27,/mnt/data/sbas_vs_ps_test_bologna/data/safe/S1A_IW_SLC__1SDV_20230703T171452_20230703T171519_049262_05EC71_5BE3.zip,/mnt/data/sbas_vs_ps_test_bologna/data/safe/S1A_IW_SLC__1SDV_20230727T171453_20230727T171520_049612_05F73D_4C92.zip,/mnt/data/sbas_vs_ps_test_bologna/configs/sbas/2023-07-03_2023-07-27/topsApp.xml
S1A_IW_SLC__1SDV_20230703T171452_20230703T171519_049262_05EC71_5BE3,S1A_IW_SLC__1SDV_20230808T171454_20230808T171521_049787_05FCB4_9A58,2023-07-03,2023-08-08,/mnt/data/sbas_vs_ps_test_bologna/data/safe/S1A_IW_SLC__1SDV_20230703T171452_20230703T171519_049262_05EC71_5BE3.zip,/mnt/data/sbas_vs_ps_test_bologna/data/safe/S1A_IW_SLC__1SDV_20230808T171454_20230808T171521_049787_05FCB4_9A58.zip,/mnt/data/sbas_vs_ps_test_bologna/configs/sbas/2023-07-03_2023-08-08/topsApp.xml
S1A_IW_SLC__1SDV_20230703T171452_20230703T171519_049262_05EC71_5BE3,S1A_IW_SLC__1SDV_20230820T171455_20230820T171522_049962_0602B3_79D4,2023-07-03,2023-08-20,/mnt/data/sbas_vs_ps_test_bologna/data/safe/S1A_IW_SLC__1SDV_20230703T171452_20230703T171519_049262_05EC71_5BE3.zip,/mnt/data/sbas_vs_ps_test_bologna/data/safe/S1A_IW_SLC__1SDV_20230820T171455_20230820T171522_049962_0602B3_79D4.zip,/mnt/data/sbas_vs_ps_test_bologna/configs/sbas/2023-07-03_2023-08-20/topsApp.xml
S1A_IW_SLC__1SDV_20230715T171453_20230715T171520_049437_05F1DD_D7DD,S1A_IW_SLC__1SDV_20230727T171453_20230727T171520_049612_05F73D_4C92,2023-07-15,2023-07-27,/mnt/data/sbas_vs_ps_test_bologna/data/safe/S1A_IW_SLC__1SDV_20230715T171453_20230715T171520_049437_05F1DD_D7DD.zip,/mnt/data/sbas_vs_ps_test_bologna/data/safe/S1A_IW_SLC__1SDV_20230727T171453_20230727T171520_049612_05F73D_4C92.zip,/mnt/data/sbas_vs_ps_test_bologna/configs/sbas/2023-07-15_2023-07-27/topsApp.xml
S1A_IW_SLC__1SDV_20230715T171453_20230715T171520_049437_05F1DD_D7DD,S1A_IW_SLC__1SDV_20230808T171454_20230808T171521_049787_05FCB4_9A58,2023-07-15,2023-08-08,/mnt/data/sbas_vs_ps_test_bologna/data/safe/S1A_IW_SLC__1SDV_20230715T171453_20230715T171520_049437_05F1DD_D7DD.zip,/mnt/data/sbas_vs_ps_test_bologna/data/safe/S1A_IW_SLC__1SDV_20230808T171454_20230808T171521_049787_05FCB4_9A58.zip,/mnt/data/sbas_vs_ps_test_bologna/configs/sbas/2023-07-15_2023-08-08/topsApp.xml
S1A_IW_SLC__1SDV_20230715T171453_20230715T171520_049437_05F1DD_D7DD,S1A_IW_SLC__1SDV_20230820T171455_20230820T171522_049962_0602B3_79D4,2023-07-15,2023-08-20,/mnt/data/sbas_vs_ps_test_bologna/data/safe/S1A_IW_SLC__1SDV_20230715T171453_20230715T171520_049437_05F1DD_D7DD.zip,/mnt/data/sbas_vs_ps_test_bologna/data/safe/S1A_IW_SLC__1SDV_20230820T171455_20230820T171522_049962_0602B3_79D4.zip,/mnt/data/sbas_vs_ps_test_bologna/configs/sbas/2023-07-15_2023-08-20/topsApp.xml
S1A_IW_SLC__1SDV_20230715T171453_20230715T171520_049437_05F1DD_D7DD,S1A_IW_SLC__1SDV_20230901T171455_20230901T171522_050137_0608B3_44BA,2023-07-15,2023-09-01,/mnt/data/sbas_vs_ps_test_bologna/data/safe/S1A_IW_SLC__1SDV_20230715T171453_20230715T171520_049437_05F1DD_D7DD.zip,/mnt/data/sbas_vs_ps_test_bologna/data/safe/S1A_IW_SLC__1SDV_20230901T171455_20230901T171522_050137_0608B3_44BA.zip,/mnt/data/sbas_vs_ps_test_bologna/configs/sbas/2023-07-15_2023-09-01/topsApp.xml
S1A_IW_SLC__1SDV_20230727T171453_20230727T171520_049612_05F73D_4C92,S1A_IW_SLC__1SDV_20230808T171454_20230808T171521_049787_05FCB4_9A58,2023-07-27,2023-08-08,/mnt/data/sbas_vs_ps_test_bologna/data/safe/S1A_IW_SLC__1SDV_20230727T171453_20230727T171520_049612_05F73D_4C92.zip,/mnt/data/sbas_vs_ps_test_bologna/data/safe/S1A_IW_SLC__1SDV_20230808T171454_20230808T171521_049787_05FCB4_9A58.zip,/mnt/data/sbas_vs_ps_test_bologna/configs/sbas/2023-07-27_2023-08-08/topsApp.xml
S1A_IW_SLC__1SDV_20230727T171453_20230727T171520_049612_05F73D_4C92,S1A_IW_SLC__1SDV_20230820T171455_20230820T171522_049962_0602B3_79D4,2023-07-27,2023-08-20,/mnt/data/sbas_vs_ps_test_bologna/data/safe/S1A_IW_SLC__1SDV_20230727T171453_20230727T171520_049612_05F73D_4C92.zip,/mnt/data/sbas_vs_ps_test_bologna/data/safe/S1A_IW_SLC__1SDV_20230820T171455_20230820T171522_049962_0602B3_79D4.zip,/mnt/data/sbas_vs_ps_test_bologna/configs/sbas/2023-07-27_2023-08-20/topsApp.xml
S1A_IW_SLC__1SDV_20230727T171453_20230727T171520_049612_05F73D_4C92,S1A_IW_SLC__1SDV_20230901T171455_20230901T171522_050137_0608B3_44BA,2023-07-27,2023-09-01,/mnt/data/sbas_vs_ps_test_bologna/data/safe/S1A_IW_SLC__1SDV_20230727T171453_20230727T171520_049612_05F73D_4C92.zip,/mnt/data/sbas_vs_ps_test_bologna/data/safe/S1A_IW_SLC__1SDV_20230901T171455_20230901T171522_050137_0608B3_44BA.zip,/mnt/data/sbas_vs_ps_test_bologna/configs/sbas/2023-07-27_2023-09-01/topsApp.xml
S1A_IW_SLC__1SDV_20230727T171453_20230727T171520_049612_05F73D_4C92,S1A_IW_SLC__1SDV_20230913T171456_20230913T171523_050312_060EAC_B7B9,2023-07-27,2023-09-13,/mnt/data/sbas_vs_ps_test_bologna/data/safe/S1A_IW_SLC__1SDV_20230727T171453_20230727T171520_049612_05F73D_4C92.zip,/mnt/data/sbas_vs_ps_test_bologna/data/safe/S1A_IW_SLC__1SDV_20230913T171456_20230913T171523_050312_060EAC_B7B9.zip,/mnt/data/sbas_vs_ps_test_bologna/configs/sbas/2023-07-27_2023-09-13/topsApp.xml
S1A_IW_SLC__1SDV_20230808T171454_20230808T171521_049787_05FCB4_9A58,S1A_IW_SLC__1SDV_20230820T171455_20230820T171522_049962_0602B3_79D4,2023-08-08,2023-08-20,/mnt/data/sbas_vs_ps_test_bologna/data/safe/S1A_IW_SLC__1SDV_20230808T171454_20230808T171521_049787_05FCB4_9A58.zip,/mnt/data/sbas_vs_ps_test_bologna/data/safe/S1A_IW_SLC__1SDV_20230820T171455_20230820T171522_049962_0602B3_79D4.zip,/mnt/data/sbas_vs_ps_test_bologna/configs/sbas/2023-08-08_2023-08-20/topsApp.xml
S1A_IW_SLC__1SDV_20230808T171454_20230808T171521_049787_05FCB4_9A58,S1A_IW_SLC__1SDV_20230901T171455_20230901T171522_050137_0608B3_44BA,2023-08-08,2023-09-01,/mnt/data/sbas_vs_ps_test_bologna/data/safe/S1A_IW_SLC__1SDV_20230808T171454_20230808T171521_049787_05FCB4_9A58.zip,/mnt/data/sbas_vs_ps_test_bologna/data/safe/S1A_IW_SLC__1SDV_20230901T171455_20230901T171522_050137_0608B3_44BA.zip,/mnt/data/sbas_vs_ps_test_bologna/configs/sbas/2023-08-08_2023-09-01/topsApp.xml
S1A_IW_SLC__1SDV_20230808T171454_20230808T171521_049787_05FCB4_9A58,S1A_IW_SLC__1SDV_20230913T171456_20230913T171523_050312_060EAC_B7B9,2023-08-08,2023-09-13,/mnt/data/sbas_vs_ps_test_bologna/data/safe/S1A_IW_SLC__1SDV_20230808T171454_20230808T171521_049787_05FCB4_9A58.zip,/mnt/data/sbas_vs_ps_test_bologna/data/safe/S1A_IW_SLC__1SDV_20230913T171456_20230913T171523_050312_060EAC_B7B9.zip,/mnt/data/sbas_vs_ps_test_bologna/configs/sbas/2023-08-08_2023-09-13/topsApp.xml
S1A_IW_SLC__1SDV_20230808T171454_20230808T171521_049787_05FCB4_9A58,S1A_IW_SLC__1SDV_20230925T171456_20230925T171523_050487_06149F_9CC2,2023-08-08,2023-09-25,/mnt/data/sbas_vs_ps_test_bologna/data/safe/S1A_IW_SLC__1SDV_20230808T171454_20230808T171521_049787_05FCB4_9A58.zip,/mnt/data/sbas_vs_ps_test_bologna/data/safe/S1A_IW_SLC__1SDV_20230925T171456_20230925T171523_050487_06149F_9CC2.zip,/mnt/data/sbas_vs_ps_test_bologna/configs/sbas/2023-08-08_2023-09-25/topsApp.xml
S1A_IW_SLC__1SDV_20230820T171455_20230820T171522_049962_0602B3_79D4,S1A_IW_SLC__1SDV_20230901T171455_20230901T171522_050137_0608B3_44BA,2023-08-20,2023-09-01,/mnt/data/sbas_vs_ps_test_bologna/data/safe/S1A_IW_SLC__1SDV_20230820T171455_20230820T171522_049962_0602B3_79D4.zip,/mnt/data/sbas_vs_ps_test_bologna/data/safe/S1A_IW_SLC__1SDV_20230901T171455_20230901T171522_050137_0608B3_44BA.zip,/mnt/data/sbas_vs_ps_test_bologna/configs/sbas/2023-08-20_2023-09-01/topsApp.xml
S1A_IW_SLC__1SDV_20230820T171455_20230820T171522_049962_0602B3_79D4,S1A_IW_SLC__1SDV_20230913T171456_20230913T171523_050312_060EAC_B7B9,2023-08-20,2023-09-13,/mnt/data/sbas_vs_ps_test_bologna/data/safe/S1A_IW_SLC__1SDV_20230820T171455_20230820T171522_049962_0602B3_79D4.zip,/mnt/data/sbas_vs_ps_test_bologna/data/safe/S1A_IW_SLC__1SDV_20230913T171456_20230913T171523_050312_060EAC_B7B9.zip,/mnt/data/sbas_vs_ps_test_bologna/configs/sbas/2023-08-20_2023-09-13/topsApp.xml
S1A_IW_SLC__1SDV_20230820T171455_20230820T171522_049962_0602B3_79D4,S1A_IW_SLC__1SDV_20230925T171456_20230925T171523_050487_06149F_9CC2,2023-08-20,2023-09-25,/mnt/data/sbas_vs_ps_test_bologna/data/safe/S1A_IW_SLC__1SDV_20230820T171455_20230820T171522_049962_0602B3_79D4.zip,/mnt/data/sbas_vs_ps_test_bologna/data/safe/S1A_IW_SLC__1SDV_20230925T171456_20230925T171523_050487_06149F_9CC2.zip,/mnt/data/sbas_vs_ps_test_bologna/configs/sbas/2023-08-20_2023-09-25/topsApp.xml
S1A_IW_SLC__1SDV_20230820T171455_20230820T171522_049962_0602B3_79D4,S1A_IW_SLC__1SDV_20231007T171456_20231007T171523_050662_061A9E_AA97,2023-08-20,2023-10-07,/mnt/data/sbas_vs_ps_test_bologna/data/safe/S1A_IW_SLC__1SDV_20230820T171455_20230820T171522_049962_0602B3_79D4.zip,/mnt/data/sbas_vs_ps_test_bologna/data/safe/S1A_IW_SLC__1SDV_20231007T171456_20231007T171523_050662_061A9E_AA97.zip,/mnt/data/sbas_vs_ps_test_bologna/configs/sbas/2023-08-20_2023-10-07/topsApp.xml
S1A_IW_SLC__1SDV_20230901T171455_20230901T171522_050137_0608B3_44BA,S1A_IW_SLC__1SDV_20230913T171456_20230913T171523_050312_060EAC_B7B9,2023-09-01,2023-09-13,/mnt/data/sbas_vs_ps_test_bologna/data/safe/S1A_IW_SLC__1SDV_20230901T171455_20230901T171522_050137_0608B3_44BA.zip,/mnt/data/sbas_vs_ps_test_bologna/data/safe/S1A_IW_SLC__1SDV_20230913T171456_20230913T171523_050312_060EAC_B7B9.zip,/mnt/data/sbas_vs_ps_test_bologna/configs/sbas/2023-09-01_2023-09-13/topsApp.xml
S1A_IW_SLC__1SDV_20230901T171455_20230901T171522_050137_0608B3_44BA,S1A_IW_SLC__1SDV_20230925T171456_20230925T171523_050487_06149F_9CC2,2023-09-01,2023-09-25,/mnt/data/sbas_vs_ps_test_bologna/data/safe/S1A_IW_SLC__1SDV_20230901T171455_20230901T171522_050137_0608B3_44BA.zip,/mnt/data/sbas_vs_ps_test_bologna/data/safe/S1A_IW_SLC__1SDV_20230925T171456_20230925T171523_050487_06149F_9CC2.zip,/mnt/data/sbas_vs_ps_test_bologna/configs/sbas/2023-09-01_2023-09-25/topsApp.xml
S1A_IW_SLC__1SDV_20230901T171455_20230901T171522_050137_0608B3_44BA,S1A_IW_SLC__1SDV_20231007T171456_20231007T171523_050662_061A9E_AA97,2023-09-01,2023-10-07,/mnt/data/sbas_vs_ps_test_bologna/data/safe/S1A_IW_SLC__1SDV_20230901T171455_20230901T171522_050137_0608B3_44BA.zip,/mnt/data/sbas_vs_ps_test_bologna/data/safe/S1A_IW_SLC__1SDV_20231007T171456_20231007T171523_050662_061A9E_AA97.zip,/mnt/data/sbas_vs_ps_test_bologna/configs/sbas/2023-09-01_2023-10-07/topsApp.xml
S1A_IW_SLC__1SDV_20230901T171455_20230901T171522_050137_0608B3_44BA,S1A_IW_SLC__1SDV_20231019T171456_20231019T171523_050837_062099_1804,2023-09-01,2023-10-19,/mnt/data/sbas_vs_ps_test_bologna/data/safe/S1A_IW_SLC__1SDV_20230901T171455_20230901T171522_050137_0608B3_44BA.zip,/mnt/data/sbas_vs_ps_test_bologna/data/safe/S1A_IW_SLC__1SDV_20231019T171456_20231019T171523_050837_062099_1804.zip,/mnt/data/sbas_vs_ps_test_bologna/configs/sbas/2023-09-01_2023-10-19/topsApp.xml
S1A_IW_SLC__1SDV_20230913T171456_20230913T171523_050312_060EAC_B7B9,S1A_IW_SLC__1SDV_20230925T171456_20230925T171523_050487_06149F_9CC2,2023-09-13,2023-09-25,/mnt/data/sbas_vs_ps_test_bologna/data/safe/S1A_IW_SLC__1SDV_20230913T171456_20230913T171523_050312_060EAC_B7B9.zip,/mnt/data/sbas_vs_ps_test_bologna/data/safe/S1A_IW_SLC__1SDV_20230925T171456_20230925T171523_050487_06149F_9CC2.zip,/mnt/data/sbas_vs_ps_test_bologna/configs/sbas/2023-09-13_2023-09-25/topsApp.xml
S1A_IW_SLC__1SDV_20230913T171456_20230913T171523_050312_060EAC_B7B9,S1A_IW_SLC__1SDV_20231007T171456_20231007T171523_050662_061A9E_AA97,2023-09-13,2023-10-07,/mnt/data/sbas_vs_ps_test_bologna/data/safe/S1A_IW_SLC__1SDV_20230913T171456_20230913T171523_050312_060EAC_B7B9.zip,/mnt/data/sbas_vs_ps_test_bologna/data/safe/S1A_IW_SLC__1SDV_20231007T171456_20231007T171523_050662_061A9E_AA97.zip,/mnt/data/sbas_vs_ps_test_bologna/configs/sbas/2023-09-13_2023-10-07/topsApp.xml
S1A_IW_SLC__1SDV_20230913T171456_20230913T171523_050312_060EAC_B7B9,S1A_IW_SLC__1SDV_20231019T171456_20231019T171523_050837_062099_1804,2023-09-13,2023-10-19,/mnt/data/sbas_vs_ps_test_bologna/data/safe/S1A_IW_SLC__1SDV_20230913T171456_20230913T171523_050312_060EAC_B7B9.zip,/mnt/data/sbas_vs_ps_test_bologna/data/safe/S1A_IW_SLC__1SDV_20231019T171456_20231019T171523_050837_062099_1804.zip,/mnt/data/sbas_vs_ps_test_bologna/configs/sbas/2023-09-13_2023-10-19/topsApp.xml
S1A_IW_SLC__1SDV_20230913T171456_20230913T171523_050312_060EAC_B7B9,S1A_IW_SLC__1SDV_20231031T171456_20231031T171523_051012_062696_9C7A,2023-09-13,2023-10-31,/mnt/data/sbas_vs_ps_test_bologna/data/safe/S1A_IW_SLC__1SDV_20230913T171456_20230913T171523_050312_060EAC_B7B9.zip,/mnt/data/sbas_vs_ps_test_bologna/data/safe/S1A_IW_SLC__1SDV_20231031T171456_20231031T171523_051012_062696_9C7A.zip,/mnt/data/sbas_vs_ps_test_bologna/configs/sbas/2023-09-13_2023-10-31/topsApp.xml
S1A_IW_SLC__1SDV_20230925T171456_20230925T171523_050487_06149F_9CC2,S1A_IW_SLC__1SDV_20231007T171456_20231007T171523_050662_061A9E_AA97,2023-09-25,2023-10-07,/mnt/data/sbas_vs_ps_test_bologna/data/safe/S1A_IW_SLC__1SDV_20230925T171456_20230925T171523_050487_06149F_9CC2.zip,/mnt/data/sbas_vs_ps_test_bologna/data/safe/S1A_IW_SLC__1SDV_20231007T171456_20231007T171523_050662_061A9E_AA97.zip,/mnt/data/sbas_vs_ps_test_bologna/configs/sbas/2023-09-25_2023-10-07/topsApp.xml
S1A_IW_SLC__1SDV_20230925T171456_20230925T171523_050487_06149F_9CC2,S1A_IW_SLC__1SDV_20231019T171456_20231019T171523_050837_062099_1804,2023-09-25,2023-10-19,/mnt/data/sbas_vs_ps_test_bologna/data/safe/S1A_IW_SLC__1SDV_20230925T171456_20230925T171523_050487_06149F_9CC2.zip,/mnt/data/sbas_vs_ps_test_bologna/data/safe/S1A_IW_SLC__1SDV_20231019T171456_20231019T171523_050837_062099_1804.zip,/mnt/data/sbas_vs_ps_test_bologna/configs/sbas/2023-09-25_2023-10-19/topsApp.xml
S1A_IW_SLC__1SDV_20230925T171456_20230925T171523_050487_06149F_9CC2,S1A_IW_SLC__1SDV_20231031T171456_20231031T171523_051012_062696_9C7A,2023-09-25,2023-10-31,/mnt/data/sbas_vs_ps_test_bologna/data/safe/S1A_IW_SLC__1SDV_20230925T171456_20230925T171523_050487_06149F_9CC2.zip,/mnt/data/sbas_vs_ps_test_bologna/data/safe/S1A_IW_SLC__1SDV_20231031T171456_20231031T171523_051012_062696_9C7A.zip,/mnt/data/sbas_vs_ps_test_bologna/configs/sbas/2023-09-25_2023-10-31/topsApp.xml
S1A_IW_SLC__1SDV_20230925T171456_20230925T171523_050487_06149F_9CC2,S1A_IW_SLC__1SDV_20231112T171456_20231112T171523_051187_062C9B_5D26,2023-09-25,2023-11-12,/mnt/data/sbas_vs_ps_test_bologna/data/safe/S1A_IW_SLC__1SDV_20230925T171456_20230925T171523_050487_06149F_9CC2.zip,/mnt/data/sbas_vs_ps_test_bologna/data/safe/S1A_IW_SLC__1SDV_20231112T171456_20231112T171523_051187_062C9B_5D26.zip,/mnt/data/sbas_vs_ps_test_bologna/configs/sbas/2023-09-25_2023-11-12/topsApp.xml
S1A_IW_SLC__1SDV_20231007T171456_20231007T171523_050662_061A9E_AA97,S1A_IW_SLC__1SDV_20231019T171456_20231019T171523_050837_062099_1804,2023-10-07,2023-10-19,/mnt/data/sbas_vs_ps_test_bologna/data/safe/S1A_IW_SLC__1SDV_20231007T171456_20231007T171523_050662_061A9E_AA97.zip,/mnt/data/sbas_vs_ps_test_bologna/data/safe/S1A_IW_SLC__1SDV_20231019T171456_20231019T171523_050837_062099_1804.zip,/mnt/data/sbas_vs_ps_test_bologna/configs/sbas/2023-10-07_2023-10-19/topsApp.xml
S1A_IW_SLC__1SDV_20231007T171456_20231007T171523_050662_061A9E_AA97,S1A_IW_SLC__1SDV_20231031T171456_20231031T171523_051012_062696_9C7A,2023-10-07,2023-10-31,/mnt/data/sbas_vs_ps_test_bologna/data/safe/S1A_IW_SLC__1SDV_20231007T171456_20231007T171523_050662_061A9E_AA97.zip,/mnt/data/sbas_vs_ps_test_bologna/data/safe/S1A_IW_SLC__1SDV_20231031T171456_20231031T171523_051012_062696_9C7A.zip,/mnt/data/sbas_vs_ps_test_bologna/configs/sbas/2023-10-07_2023-10-31/topsApp.xml
S1A_IW_SLC__1SDV_20231007T171456_20231007T171523_050662_061A9E_AA97,S1A_IW_SLC__1SDV_20231112T171456_20231112T171523_051187_062C9B_5D26,2023-10-07,2023-11-12,/mnt/data/sbas_vs_ps_test_bologna/data/safe/S1A_IW_SLC__1SDV_20231007T171456_20231007T171523_050662_061A9E_AA97.zip,/mnt/data/sbas_vs_ps_test_bologna/data/safe/S1A_IW_SLC__1SDV_20231112T171456_20231112T171523_051187_062C9B_5D26.zip,/mnt/data/sbas_vs_ps_test_bologna/configs/sbas/2023-10-07_2023-11-12/topsApp.xml
S1A_IW_SLC__1SDV_20231007T171456_20231007T171523_050662_061A9E_AA97,S1A_IW_SLC__1SDV_20231124T171454_20231124T171522_051362_0632A5_98BC,2023-10-07,2023-11-24,/mnt/data/sbas_vs_ps_test_bologna/data/safe/S1A_IW_SLC__1SDV_20231007T171456_20231007T171523_050662_061A9E_AA97.zip,/mnt/data/sbas_vs_ps_test_bologna/data/safe/S1A_IW_SLC__1SDV_20231124T171454_20231124T171522_051362_0632A5_98BC.zip,/mnt/data/sbas_vs_ps_test_bologna/configs/sbas/2023-10-07_2023-11-24/topsApp.xml
S1A_IW_SLC__1SDV_20231019T171456_20231019T171523_050837_062099_1804,S1A_IW_SLC__1SDV_20231031T171456_20231031T171523_051012_062696_9C7A,2023-10-19,2023-10-31,/mnt/data/sbas_vs_ps_test_bologna/data/safe/S1A_IW_SLC__1SDV_20231019T171456_20231019T171523_050837_062099_1804.zip,/mnt/data/sbas_vs_ps_test_bologna/data/safe/S1A_IW_SLC__1SDV_20231031T171456_20231031T171523_051012_062696_9C7A.zip,/mnt/data/sbas_vs_ps_test_bologna/configs/sbas/2023-10-19_2023-10-31/topsApp.xml
S1A_IW_SLC__1SDV_20231019T171456_20231019T171523_050837_062099_1804,S1A_IW_SLC__1SDV_20231112T171456_20231112T171523_051187_062C9B_5D26,2023-10-19,2023-11-12,/mnt/data/sbas_vs_ps_test_bologna/data/safe/S1A_IW_SLC__1SDV_20231019T171456_20231019T171523_050837_062099_1804.zip,/mnt/data/sbas_vs_ps_test_bologna/data/safe/S1A_IW_SLC__1SDV_20231112T171456_20231112T171523_051187_062C9B_5D26.zip,/mnt/data/sbas_vs_ps_test_bologna/configs/sbas/2023-10-19_2023-11-12/topsApp.xml
S1A_IW_SLC__1SDV_20231019T171456_20231019T171523_050837_062099_1804,S1A_IW_SLC__1SDV_20231124T171454_20231124T171522_051362_0632A5_98BC,2023-10-19,2023-11-24,/mnt/data/sbas_vs_ps_test_bologna/data/safe/S1A_IW_SLC__1SDV_20231019T171456_20231019T171523_050837_062099_1804.zip,/mnt/data/sbas_vs_ps_test_bologna/data/safe/S1A_IW_SLC__1SDV_20231124T171454_20231124T171522_051362_0632A5_98BC.zip,/mnt/data/sbas_vs_ps_test_bologna/configs/sbas/2023-10-19_2023-11-24/topsApp.xml
S1A_IW_SLC__1SDV_20231019T171456_20231019T171523_050837_062099_1804,S1A_IW_SLC__1SDV_20231206T171455_20231206T171522_051537_0638A9_2EBB,2023-10-19,2023-12-06,/mnt/data/sbas_vs_ps_test_bologna/data/safe/S1A_IW_SLC__1SDV_20231019T171456_20231019T171523_050837_062099_1804.zip,/mnt/data/sbas_vs_ps_test_bologna/data/safe/S1A_IW_SLC__1SDV_20231206T171455_20231206T171522_051537_0638A9_2EBB.zip,/mnt/data/sbas_vs_ps_test_bologna/configs/sbas/2023-10-19_2023-12-06/topsApp.xml
S1A_IW_SLC__1SDV_20231031T171456_20231031T171523_051012_062696_9C7A,S1A_IW_SLC__1SDV_20231112T171456_20231112T171523_051187_062C9B_5D26,2023-10-31,2023-11-12,/mnt/data/sbas_vs_ps_test_bologna/data/safe/S1A_IW_SLC__1SDV_20231031T171456_20231031T171523_051012_062696_9C7A.zip,/mnt/data/sbas_vs_ps_test_bologna/data/safe/S1A_IW_SLC__1SDV_20231112T171456_20231112T171523_051187_062C9B_5D26.zip,/mnt/data/sbas_vs_ps_test_bologna/configs/sbas/2023-10-31_2023-11-12/topsApp.xml
S1A_IW_SLC__1SDV_20231031T171456_20231031T171523_051012_062696_9C7A,S1A_IW_SLC__1SDV_20231124T171454_20231124T171522_051362_0632A5_98BC,2023-10-31,2023-11-24,/mnt/data/sbas_vs_ps_test_bologna/data/safe/S1A_IW_SLC__1SDV_20231031T171456_20231031T171523_051012_062696_9C7A.zip,/mnt/data/sbas_vs_ps_test_bologna/data/safe/S1A_IW_SLC__1SDV_20231124T171454_20231124T171522_051362_0632A5_98BC.zip,/mnt/data/sbas_vs_ps_test_bologna/configs/sbas/2023-10-31_2023-11-24/topsApp.xml
S1A_IW_SLC__1SDV_20231031T171456_20231031T171523_051012_062696_9C7A,S1A_IW_SLC__1SDV_20231206T171455_20231206T171522_051537_0638A9_2EBB,2023-10-31,2023-12-06,/mnt/data/sbas_vs_ps_test_bologna/data/safe/S1A_IW_SLC__1SDV_20231031T171456_20231031T171523_051012_062696_9C7A.zip,/mnt/data/sbas_vs_ps_test_bologna/data/safe/S1A_IW_SLC__1SDV_20231206T171455_20231206T171522_051537_0638A9_2EBB.zip,/mnt/data/sbas_vs_ps_test_bologna/configs/sbas/2023-10-31_2023-12-06/topsApp.xml
S1A_IW_SLC__1SDV_20231031T171456_20231031T171523_051012_062696_9C7A,S1A_IW_SLC__1SDV_20231218T171453_20231218T171521_051712_063EC9_F291,2023-10-31,2023-12-18,/mnt/data/sbas_vs_ps_test_bologna/data/safe/S1A_IW_SLC__1SDV_20231031T171456_20231031T171523_051012_062696_9C7A.zip,/mnt/data/sbas_vs_ps_test_bologna/data/safe/S1A_IW_SLC__1SDV_20231218T171453_20231218T171521_051712_063EC9_F291.zip,/mnt/data/sbas_vs_ps_test_bologna/configs/sbas/2023-10-31_2023-12-18/topsApp.xml
S1A_IW_SLC__1SDV_20231112T171456_20231112T171523_051187_062C9B_5D26,S1A_IW_SLC__1SDV_20231124T171454_20231124T171522_051362_0632A5_98BC,2023-11-12,2023-11-24,/mnt/data/sbas_vs_ps_test_bologna/data/safe/S1A_IW_SLC__1SDV_20231112T171456_20231112T171523_051187_062C9B_5D26.zip,/mnt/data/sbas_vs_ps_test_bologna/data/safe/S1A_IW_SLC__1SDV_20231124T171454_20231124T171522_051362_0632A5_98BC.zip,/mnt/data/sbas_vs_ps_test_bologna/configs/sbas/2023-11-12_2023-11-24/topsApp.xml
S1A_IW_SLC__1SDV_20231112T171456_20231112T171523_051187_062C9B_5D26,S1A_IW_SLC__1SDV_20231206T171455_20231206T171522_051537_0638A9_2EBB,2023-11-12,2023-12-06,/mnt/data/sbas_vs_ps_test_bologna/data/safe/S1A_IW_SLC__1SDV_20231112T171456_20231112T171523_051187_062C9B_5D26.zip,/mnt/data/sbas_vs_ps_test_bologna/data/safe/S1A_IW_SLC__1SDV_20231206T171455_20231206T171522_051537_0638A9_2EBB.zip,/mnt/data/sbas_vs_ps_test_bologna/configs/sbas/2023-11-12_2023-12-06/topsApp.xml
S1A_IW_SLC__1SDV_20231112T171456_20231112T171523_051187_062C9B_5D26,S1A_IW_SLC__1SDV_20231218T171453_20231218T171521_051712_063EC9_F291,2023-11-12,2023-12-18,/mnt/data/sbas_vs_ps_test_bologna/data/safe/S1A_IW_SLC__1SDV_20231112T171456_20231112T171523_051187_062C9B_5D26.zip,/mnt/data/sbas_vs_ps_test_bologna/data/safe/S1A_IW_SLC__1SDV_20231218T171453_20231218T171521_051712_063EC9_F291.zip,/mnt/data/sbas_vs_ps_test_bologna/configs/sbas/2023-11-12_2023-12-18/topsApp.xml
S1A_IW_SLC__1SDV_20231112T171456_20231112T171523_051187_062C9B_5D26,S1A_IW_SLC__1SDV_20231230T171453_20231230T171521_051887_0644CF_F2CD,2023-11-12,2023-12-30,/mnt/data/sbas_vs_ps_test_bologna/data/safe/S1A_IW_SLC__1SDV_20231112T171456_20231112T171523_051187_062C9B_5D26.zip,/mnt/data/sbas_vs_ps_test_bologna/data/safe/S1A_IW_SLC__1SDV_20231230T171453_20231230T171521_051887_0644CF_F2CD.zip,/mnt/data/sbas_vs_ps_test_bologna/configs/sbas/2023-11-12_2023-12-30/topsApp.xml
S1A_IW_SLC__1SDV_20231124T171454_20231124T171522_051362_0632A5_98BC,S1A_IW_SLC__1SDV_20231206T171455_20231206T171522_051537_0638A9_2EBB,2023-11-24,2023-12-06,/mnt/data/sbas_vs_ps_test_bologna/data/safe/S1A_IW_SLC__1SDV_20231124T171454_20231124T171522_051362_0632A5_98BC.zip,/mnt/data/sbas_vs_ps_test_bologna/data/safe/S1A_IW_SLC__1SDV_20231206T171455_20231206T171522_051537_0638A9_2EBB.zip,/mnt/data/sbas_vs_ps_test_bologna/configs/sbas/2023-11-24_2023-12-06/topsApp.xml
S1A_IW_SLC__1SDV_20231124T171454_20231124T171522_051362_0632A5_98BC,S1A_IW_SLC__1SDV_20231218T171453_20231218T171521_051712_063EC9_F291,2023-11-24,2023-12-18,/mnt/data/sbas_vs_ps_test_bologna/data/safe/S1A_IW_SLC__1SDV_20231124T171454_20231124T171522_051362_0632A5_98BC.zip,/mnt/data/sbas_vs_ps_test_bologna/data/safe/S1A_IW_SLC__1SDV_20231218T171453_20231218T171521_051712_063EC9_F291.zip,/mnt/data/sbas_vs_ps_test_bologna/configs/sbas/2023-11-24_2023-12-18/topsApp.xml
S1A_IW_SLC__1SDV_20231124T171454_20231124T171522_051362_0632A5_98BC,S1A_IW_SLC__1SDV_20231230T171453_20231230T171521_051887_0644CF_F2CD,2023-11-24,2023-12-30,/mnt/data/sbas_vs_ps_test_bologna/data/safe/S1A_IW_SLC__1SDV_20231124T171454_20231124T171522_051362_0632A5_98BC.zip,/mnt/data/sbas_vs_ps_test_bologna/data/safe/S1A_IW_SLC__1SDV_20231230T171453_20231230T171521_051887_0644CF_F2CD.zip,/mnt/data/sbas_vs_ps_test_bologna/configs/sbas/2023-11-24_2023-12-30/topsApp.xml
S1A_IW_SLC__1SDV_20231206T171455_20231206T171522_051537_0638A9_2EBB,S1A_IW_SLC__1SDV_20231218T171453_20231218T171521_051712_063EC9_F291,2023-12-06,2023-12-18,/mnt/data/sbas_vs_ps_test_bologna/data/safe/S1A_IW_SLC__1SDV_20231206T171455_20231206T171522_051537_0638A9_2EBB.zip,/mnt/data/sbas_vs_ps_test_bologna/data/safe/S1A_IW_SLC__1SDV_20231218T171453_20231218T171521_051712_063EC9_F291.zip,/mnt/data/sbas_vs_ps_test_bologna/configs/sbas/2023-12-06_2023-12-18/topsApp.xml
S1A_IW_SLC__1SDV_20231206T171455_20231206T171522_051537_0638A9_2EBB,S1A_IW_SLC__1SDV_20231230T171453_20231230T171521_051887_0644CF_F2CD,2023-12-06,2023-12-30,/mnt/data/sbas_vs_ps_test_bologna/data/safe/S1A_IW_SLC__1SDV_20231206T171455_20231206T171522_051537_0638A9_2EBB.zip,/mnt/data/sbas_vs_ps_test_bologna/data/safe/S1A_IW_SLC__1SDV_20231230T171453_20231230T171521_051887_0644CF_F2CD.zip,/mnt/data/sbas_vs_ps_test_bologna/configs/sbas/2023-12-06_2023-12-30/topsApp.xml
S1A_IW_SLC__1SDV_20231218T171453_20231218T171521_051712_063EC9_F291,S1A_IW_SLC__1SDV_20231230T171453_20231230T171521_051887_0644CF_F2CD,2023-12-18,2023-12-30,/mnt/data/sbas_vs_ps_test_bologna/data/safe/S1A_IW_SLC__1SDV_20231218T171453_20231218T171521_051712_063EC9_F291.zip,/mnt/data/sbas_vs_ps_test_bologna/data/safe/S1A_IW_SLC__1SDV_20231230T171453_20231230T171521_051887_0644CF_F2CD.zip,/mnt/data/sbas_vs_ps_test_bologna/configs/sbas/2023-12-18_2023-12-30/topsApp.xml
