id,url
3e45dead-85e4-41fa-983d-c26634bbfe95,https://d3gm2hf49xd6jj.cloudfront.net/3e45dead-85e4-41fa-983d-c26634bbfe95/S1C_IW_20250622T051839_DVR_RTC30_G_gpufem_4286.zip
974b4ed9-17fa-4ef0-8017-5e1a6588e426,https://d3gm2hf49xd6jj.cloudfront.net/974b4ed9-17fa-4ef0-8017-5e1a6588e426/S1A_IW_20250628T051938_DVR_RTC30_G_gpufem_649A.zip
d42d12a6-75c1-44af-87e1-6497f5497595,https://d3gm2hf49xd6jj.cloudfront.net/d42d12a6-75c1-44af-87e1-6497f5497595/S1A_IW_20250616T051939_DVP_RTC30_G_gpufem_1157.zip
bc72e52b-e4cc-4178-8bfe-a5e146e64e9f,https://d3gm2hf49xd6jj.cloudfront.net/bc72e52b-e4cc-4178-8bfe-a5e146e64e9f/S1A_IW_20250216T051940_DVP_RTC30_G_gpufem_A3D0.zip
46f0b9e3-be4a-4529-902c-457c743094cd,https://d3gm2hf49xd6jj.cloudfront.net/46f0b9e3-be4a-4529-902c-457c743094cd/S1A_IW_20250228T051940_DVP_RTC30_G_gpufem_390C.zip
e86a6a3f-819e-4bdf-88d4-2cb10da01c68,https://d3gm2hf49xd6jj.cloudfront.net/e86a6a3f-819e-4bdf-88d4-2cb10da01c68/S1C_IW_20250505T051835_DVP_RTC30_G_gpufem_9096.zip
a729d417-240a-4b58-9aa0-028f0228bfd7,https://d3gm2hf49xd6jj.cloudfront.net/a729d417-240a-4b58-9aa0-028f0228bfd7/S1A_IW_20250204T051941_DVP_RTC30_G_gpufem_FECA.zip
11bcc0dd-80df-4309-9b3a-7b9a870edee9,https://d3gm2hf49xd6jj.cloudfront.net/11bcc0dd-80df-4309-9b3a-7b9a870edee9/S1A_IW_20250324T051940_DVP_RTC30_G_gpufem_28E9.zip
936d20f7-e0e4-4e7f-b235-6795ae5b6fa8,https://d3gm2hf49xd6jj.cloudfront.net/936d20f7-e0e4-4e7f-b235-6795ae5b6fa8/S1C_IW_20250423T051836_DVP_RTC30_G_gpufem_C532.zip
8a6a156e-abbe-432e-b5f1-0ae9cb868ea4,https://d3gm2hf49xd6jj.cloudfront.net/8a6a156e-abbe-432e-b5f1-0ae9cb868ea4/S1A_IW_20250405T051941_DVP_RTC30_G_gpufem_5B4A.zip
0e610455-2be4-42f1-a1cb-e2b87e7cab8f,https://d3gm2hf49xd6jj.cloudfront.net/0e610455-2be4-42f1-a1cb-e2b87e7cab8f/S1A_IW_20250312T051940_DVP_RTC30_G_gpufem_AF73.zip
4d4d46c5-d2fd-4d60-b57c-0d40b6011ead,https://d3gm2hf49xd6jj.cloudfront.net/4d4d46c5-d2fd-4d60-b57c-0d40b6011ead/S1A_IW_20250523T051940_DVP_RTC30_G_gpufem_C246.zip
7477b264-e2f1-4e07-b6eb-a50c9167f680,https://d3gm2hf49xd6jj.cloudfront.net/7477b264-e2f1-4e07-b6eb-a50c9167f680/S1A_IW_20250123T051941_DVP_RTC30_G_gpufem_DFFA.zip
22528a08-7bbb-4255-8be1-46ed0d027834,https://d3gm2hf49xd6jj.cloudfront.net/22528a08-7bbb-4255-8be1-46ed0d027834/S1C_IW_20250529T051837_DVP_RTC30_G_gpufem_337C.zip
4680cb70-362c-41df-85b8-9f01271e888b,https://d3gm2hf49xd6jj.cloudfront.net/4680cb70-362c-41df-85b8-9f01271e888b/S1A_IW_20250511T051941_DVP_RTC30_G_gpufem_21F1.zip
97ce82ad-9fce-4166-987d-6d5a5d508b02,https://d3gm2hf49xd6jj.cloudfront.net/97ce82ad-9fce-4166-987d-6d5a5d508b02/S1C_IW_20250610T051838_DVP_RTC30_G_gpufem_0E2D.zip
7ca37b8f-840b-4914-9d3a-48f40867f8f5,https://d3gm2hf49xd6jj.cloudfront.net/7ca37b8f-840b-4914-9d3a-48f40867f8f5/S1C_IW_20250411T051835_DVP_RTC30_G_gpufem_140A.zip
734f292b-5a79-4a51-b487-9566aed8f112,https://d3gm2hf49xd6jj.cloudfront.net/734f292b-5a79-4a51-b487-9566aed8f112/S1A_IW_20250417T051941_DVP_RTC30_G_gpufem_7EC1.zip
0fb32519-8097-41a0-8622-8871b5dd3484,https://d3gm2hf49xd6jj.cloudfront.net/0fb32519-8097-41a0-8622-8871b5dd3484/S1A_IW_20250429T051941_DVP_RTC30_G_gpufem_C711.zip
fe780131-c455-449e-8393-5a54e62b8824,https://d3gm2hf49xd6jj.cloudfront.net/fe780131-c455-449e-8393-5a54e62b8824/S1A_IW_20250604T051940_DVP_RTC30_G_gpufem_F679.zip
581b2ec5-538e-4473-91f8-e1a48acd6a36,https://d3gm2hf49xd6jj.cloudfront.net/581b2ec5-538e-4473-91f8-e1a48acd6a36/S1A_IW_20250111T051942_DVP_RTC30_G_gpufem_4479.zip
4321ee3e-7ca5-4b37-970c-f5905ae70808,https://d3gm2hf49xd6jj.cloudfront.net/4321ee3e-7ca5-4b37-970c-f5905ae70808/S1C_IW_20250517T051835_DVP_RTC30_G_gpufem_1D83.zip
8358c9e5-9386-4c8a-8ed4-8f6e11fe3c26,https://d3gm2hf49xd6jj.cloudfront.net/8358c9e5-9386-4c8a-8ed4-8f6e11fe3c26/S1A_IW_20241230T051943_DVP_RTC30_G_gpufem_F29A.zip
91655dbc-d1a8-4763-8a3f-36dcaca373e6,https://d3gm2hf49xd6jj.cloudfront.net/91655dbc-d1a8-4763-8a3f-36dcaca373e6/S1A_IW_20240621T051947_DVP_RTC30_G_gpufem_B4A4.zip
b7304f8d-8bdb-4886-84e2-a97e22b48661,https://d3gm2hf49xd6jj.cloudfront.net/b7304f8d-8bdb-4886-84e2-a97e22b48661/S1A_IW_20240609T051948_DVP_RTC30_G_gpufem_55DE.zip
14a6c491-a8a2-4709-8d99-1494de2b4b62,https://d3gm2hf49xd6jj.cloudfront.net/14a6c491-a8a2-4709-8d99-1494de2b4b62/S1A_IW_20240528T051948_DVP_RTC30_G_gpufem_9B8D.zip
58f5dd8a-37ff-4a79-83fa-043fc9a03412,https://d3gm2hf49xd6jj.cloudfront.net/58f5dd8a-37ff-4a79-83fa-043fc9a03412/S1A_IW_20240703T051946_DVP_RTC30_G_gpufem_32A6.zip
07582526-c926-4ec0-b455-25d2cba80972,https://d3gm2hf49xd6jj.cloudfront.net/07582526-c926-4ec0-b455-25d2cba80972/S1A_IW_20241206T051945_DVP_RTC30_G_gpufem_3857.zip
50d550ba-8f1b-4728-b6c8-812b9bea09fa,https://d3gm2hf49xd6jj.cloudfront.net/50d550ba-8f1b-4728-b6c8-812b9bea09fa/S1A_IW_20240925T051947_DVP_RTC30_G_gpufem_4363.zip
962075ae-435f-4d2e-a7c6-325e27d5065f,https://d3gm2hf49xd6jj.cloudfront.net/962075ae-435f-4d2e-a7c6-325e27d5065f/S1A_IW_20240516T051948_DVP_RTC30_G_gpufem_BD65.zip
4f10eb46-5840-4d23-82d2-b3f526255cd3,https://d3gm2hf49xd6jj.cloudfront.net/4f10eb46-5840-4d23-82d2-b3f526255cd3/S1A_IW_20241031T051948_DVP_RTC30_G_gpufem_3018.zip
200b8471-c9fc-4af0-8cab-1c03ba22bde4,https://d3gm2hf49xd6jj.cloudfront.net/200b8471-c9fc-4af0-8cab-1c03ba22bde4/S1A_IW_20240715T051946_DVP_RTC30_G_gpufem_48AF.zip
6fe05207-032f-468d-ac61-ffd03fa59351,https://d3gm2hf49xd6jj.cloudfront.net/6fe05207-032f-468d-ac61-ffd03fa59351/S1A_IW_20241007T051948_DVP_RTC30_G_gpufem_DD8F.zip
572adbfc-91ac-44c7-bc90-438901a44513,https://d3gm2hf49xd6jj.cloudfront.net/572adbfc-91ac-44c7-bc90-438901a44513/S1A_IW_20240808T051946_DVP_RTC30_G_gpufem_94D3.zip
a08a219f-5576-4002-a521-87f7fe5c2ffc,https://d3gm2hf49xd6jj.cloudfront.net/a08a219f-5576-4002-a521-87f7fe5c2ffc/S1A_IW_20240820T051946_DVP_RTC30_G_gpufem_225B.zip
6d9dc863-b235-413b-a702-c1171997b98c,https://d3gm2hf49xd6jj.cloudfront.net/6d9dc863-b235-413b-a702-c1171997b98c/S1A_IW_20240913T051947_DVP_RTC30_G_gpufem_1949.zip
0eab61c4-fc22-46d7-a18e-7ebda9c643d1,https://d3gm2hf49xd6jj.cloudfront.net/0eab61c4-fc22-46d7-a18e-7ebda9c643d1/S1A_IW_20240727T051945_DVP_RTC30_G_gpufem_646A.zip
d70fa00d-3151-4871-b547-6c06daf6a7ed,https://d3gm2hf49xd6jj.cloudfront.net/d70fa00d-3151-4871-b547-6c06daf6a7ed/S1A_IW_20241019T051948_DVP_RTC30_G_gpufem_8EA2.zip
d4a6b406-20db-44cf-9e8e-cb7d39f27193,https://d3gm2hf49xd6jj.cloudfront.net/d4a6b406-20db-44cf-9e8e-cb7d39f27193/S1A_IW_20241112T051947_DVP_RTC30_G_gpufem_0BB5.zip
edb61801-cf05-44b6-8079-3be8b98ec14c,https://d3gm2hf49xd6jj.cloudfront.net/edb61801-cf05-44b6-8079-3be8b98ec14c/S1A_IW_20241124T051946_DVP_RTC30_G_gpufem_52B5.zip
18d30949-a4e4-434b-8b2d-a428ad5d1bf5,https://d3gm2hf49xd6jj.cloudfront.net/18d30949-a4e4-434b-8b2d-a428ad5d1bf5/S1A_IW_20241218T051944_DVP_RTC30_G_gpufem_02B5.zip
62ba2aab-6eac-4841-bb2c-355d137a52e9,https://d3gm2hf49xd6jj.cloudfront.net/62ba2aab-6eac-4841-bb2c-355d137a52e9/S1A_IW_20240129T051947_DVP_RTC30_G_gpufem_C538.zip
b26f9ce0-2fa1-4abb-844a-3c417d7725f4,https://d3gm2hf49xd6jj.cloudfront.net/b26f9ce0-2fa1-4abb-844a-3c417d7725f4/S1A_IW_20240410T051947_DVP_RTC30_G_gpufem_AD49.zip
7cf0d713-ad26-42a8-8735-77440424f52a,https://d3gm2hf49xd6jj.cloudfront.net/7cf0d713-ad26-42a8-8735-77440424f52a/S1A_IW_20240329T051948_DVP_RTC30_G_gpufem_813D.zip
55c472da-1fe7-4bef-9677-7b4d6f877bb0,https://d3gm2hf49xd6jj.cloudfront.net/55c472da-1fe7-4bef-9677-7b4d6f877bb0/S1A_IW_20230919T051951_DVP_RTC30_G_gpufem_0976.zip
e351aaf2-364f-4a1a-9a42-a01bc9ac7f06,https://d3gm2hf49xd6jj.cloudfront.net/e351aaf2-364f-4a1a-9a42-a01bc9ac7f06/S1A_IW_20240422T051948_DVP_RTC30_G_gpufem_EA76.zip
2f526dd5-2f40-4c2c-a88f-7ca35dec8955,https://d3gm2hf49xd6jj.cloudfront.net/2f526dd5-2f40-4c2c-a88f-7ca35dec8955/S1A_IW_20231013T051951_DVP_RTC30_G_gpufem_BF40.zip
2f660d86-992e-48a5-9d1b-4b05766882e6,https://d3gm2hf49xd6jj.cloudfront.net/2f660d86-992e-48a5-9d1b-4b05766882e6/S1A_IW_20231212T051950_DVP_RTC30_G_gpufem_61BF.zip
44bf0956-7fa6-4fb1-82c3-2ba6f5818037,https://d3gm2hf49xd6jj.cloudfront.net/44bf0956-7fa6-4fb1-82c3-2ba6f5818037/S1A_IW_20231025T051951_DVP_RTC30_G_gpufem_A5B4.zip
52ba73e6-f5a0-4624-b2d6-65e9f71103d6,https://d3gm2hf49xd6jj.cloudfront.net/52ba73e6-f5a0-4624-b2d6-65e9f71103d6/S1A_IW_20240210T051947_DVP_RTC30_G_gpufem_5600.zip
29f6257f-04d4-4cd5-9f8d-4c4d217e8fd3,https://d3gm2hf49xd6jj.cloudfront.net/29f6257f-04d4-4cd5-9f8d-4c4d217e8fd3/S1A_IW_20230907T051950_DVP_RTC30_G_gpufem_E7E3.zip
2973a3f2-49ba-4740-9efc-e13f7c40ba78,https://d3gm2hf49xd6jj.cloudfront.net/2973a3f2-49ba-4740-9efc-e13f7c40ba78/S1A_IW_20240317T051947_DVP_RTC30_G_gpufem_BE03.zip
884c79a8-9699-4587-be62-045a0dd8d2ec,https://d3gm2hf49xd6jj.cloudfront.net/884c79a8-9699-4587-be62-045a0dd8d2ec/S1A_IW_20240305T051947_DVP_RTC30_G_gpufem_2C80.zip
b615fc88-0fe4-4bf9-af0a-1a8284ba476c,https://d3gm2hf49xd6jj.cloudfront.net/b615fc88-0fe4-4bf9-af0a-1a8284ba476c/S1A_IW_20240105T051948_DVP_RTC30_G_gpufem_05E9.zip
026657a7-2d48-4960-8c42-2e78c5946a55,https://d3gm2hf49xd6jj.cloudfront.net/026657a7-2d48-4960-8c42-2e78c5946a55/S1A_IW_20231001T051951_DVP_RTC30_G_gpufem_BB21.zip
814bcdbe-1ad4-43aa-b1bf-a8b02c062e2e,https://d3gm2hf49xd6jj.cloudfront.net/814bcdbe-1ad4-43aa-b1bf-a8b02c062e2e/S1A_IW_20231130T051950_DVP_RTC30_G_gpufem_E614.zip
148f5e18-ac7b-43fe-bfc9-6444e6649eda,https://d3gm2hf49xd6jj.cloudfront.net/148f5e18-ac7b-43fe-bfc9-6444e6649eda/S1A_IW_20231224T051949_DVP_RTC30_G_gpufem_3640.zip
7106e5f9-2391-4c8f-a250-932c7f3528b6,https://d3gm2hf49xd6jj.cloudfront.net/7106e5f9-2391-4c8f-a250-932c7f3528b6/S1A_IW_20240117T051947_DVP_RTC30_G_gpufem_01A9.zip
3c24db4b-e2c9-4b78-9b3f-fd90d41214b2,https://d3gm2hf49xd6jj.cloudfront.net/3c24db4b-e2c9-4b78-9b3f-fd90d41214b2/S1A_IW_20231118T051951_DVP_RTC30_G_gpufem_DAAF.zip
e1871bb6-db6c-47f7-8523-4beea2145ff6,https://d3gm2hf49xd6jj.cloudfront.net/e1871bb6-db6c-47f7-8523-4beea2145ff6/S1A_IW_20230522T051944_DVP_RTC30_G_gpufem_B0BF.zip
b83caa2b-03d9-4d8d-8846-5e33d6648f7f,https://d3gm2hf49xd6jj.cloudfront.net/b83caa2b-03d9-4d8d-8846-5e33d6648f7f/S1A_IW_20230404T051942_DVP_RTC30_G_gpufem_517B.zip
107de174-6cf1-42ee-b656-71d9809f664b,https://d3gm2hf49xd6jj.cloudfront.net/107de174-6cf1-42ee-b656-71d9809f664b/S1A_IW_20230721T051948_DVP_RTC30_G_gpufem_4CA3.zip
89096713-8b25-4f7c-9f75-308205c0e80c,https://d3gm2hf49xd6jj.cloudfront.net/89096713-8b25-4f7c-9f75-308205c0e80c/S1A_IW_20230603T051945_DVP_RTC30_G_gpufem_0466.zip
c475930d-bbd1-4301-8db6-22819cf9d171,https://d3gm2hf49xd6jj.cloudfront.net/c475930d-bbd1-4301-8db6-22819cf9d171/S1A_IW_20230215T051942_DVP_RTC30_G_gpufem_7417.zip
25117975-92d5-4990-b11b-9deb9da6a80d,https://d3gm2hf49xd6jj.cloudfront.net/25117975-92d5-4990-b11b-9deb9da6a80d/S1A_IW_20230709T051947_DVP_RTC30_G_gpufem_7C87.zip
c7bbe87b-3d88-4e64-b893-8c16892b3c3a,https://d3gm2hf49xd6jj.cloudfront.net/c7bbe87b-3d88-4e64-b893-8c16892b3c3a/S1A_IW_20230311T051942_DVP_RTC30_G_gpufem_CEDD.zip
f37edf05-54d0-4619-8152-3960f8cfb27b,https://d3gm2hf49xd6jj.cloudfront.net/f37edf05-54d0-4619-8152-3960f8cfb27b/S1A_IW_20230510T051944_DVP_RTC30_G_gpufem_79A2.zip
6e138cf3-1585-4207-9657-e064a0f97202,https://d3gm2hf49xd6jj.cloudfront.net/6e138cf3-1585-4207-9657-e064a0f97202/S1A_IW_20230627T051946_DVP_RTC30_G_gpufem_EE13.zip
e5ee02aa-ed0c-4797-bca4-1e10bd2055b1,https://d3gm2hf49xd6jj.cloudfront.net/e5ee02aa-ed0c-4797-bca4-1e10bd2055b1/S1A_IW_20230615T051946_DVP_RTC30_G_gpufem_BC24.zip
124b7479-6062-4fbe-85f8-805346291ac3,https://d3gm2hf49xd6jj.cloudfront.net/124b7479-6062-4fbe-85f8-805346291ac3/S1A_IW_20230110T051943_DVP_RTC30_G_gpufem_6A90.zip
c4286658-f5e2-4ab0-be37-fcbc90b88e82,https://d3gm2hf49xd6jj.cloudfront.net/c4286658-f5e2-4ab0-be37-fcbc90b88e82/S1A_IW_20230814T051949_DVP_RTC30_G_gpufem_FDA0.zip
f0ca3d09-4c76-4f5f-948a-d1b1dac888fc,https://d3gm2hf49xd6jj.cloudfront.net/f0ca3d09-4c76-4f5f-948a-d1b1dac888fc/S1A_IW_20230802T051948_DVP_RTC30_G_gpufem_CEDE.zip
c4f1585f-5843-4f11-8b88-210b02f681f3,https://d3gm2hf49xd6jj.cloudfront.net/c4f1585f-5843-4f11-8b88-210b02f681f3/S1A_IW_20230416T051943_DVP_RTC30_G_gpufem_EFA6.zip
a0ab5cac-5646-4c99-b903-5f4d28344015,https://d3gm2hf49xd6jj.cloudfront.net/a0ab5cac-5646-4c99-b903-5f4d28344015/S1A_IW_20230428T051943_DVP_RTC30_G_gpufem_CDF5.zip
51ac3e25-a759-4d29-a8b9-eb1b6a97e13d,https://d3gm2hf49xd6jj.cloudfront.net/51ac3e25-a759-4d29-a8b9-eb1b6a97e13d/S1A_IW_20230826T051950_DVP_RTC30_G_gpufem_F08B.zip
378492c4-ff97-4577-9a1b-086dbe0e8527,https://d3gm2hf49xd6jj.cloudfront.net/378492c4-ff97-4577-9a1b-086dbe0e8527/S1A_IW_20230203T051942_DVP_RTC30_G_gpufem_37CB.zip
4ec8f94d-9439-4905-9b95-d955a0db6bd2,https://d3gm2hf49xd6jj.cloudfront.net/4ec8f94d-9439-4905-9b95-d955a0db6bd2/S1A_IW_20230122T051943_DVP_RTC30_G_gpufem_9DE5.zip
6caaca42-31dd-42b2-8797-d69df2ba768f,https://d3gm2hf49xd6jj.cloudfront.net/6caaca42-31dd-42b2-8797-d69df2ba768f/S1A_IW_20230227T051942_DVP_RTC30_G_gpufem_C062.zip
5d719cca-afdd-4da2-95a5-329a7e085f74,https://d3gm2hf49xd6jj.cloudfront.net/5d719cca-afdd-4da2-95a5-329a7e085f74/S1A_IW_20230323T051942_DVP_RTC30_G_gpufem_6BE4.zip
506362cb-f0cd-4cfe-aa6b-16b6733e5616,https://d3gm2hf49xd6jj.cloudfront.net/506362cb-f0cd-4cfe-aa6b-16b6733e5616/S1A_IW_20221123T051946_DVP_RTC30_G_gpufem_139B.zip
82206984-8509-4feb-b69f-a33159dc4368,https://d3gm2hf49xd6jj.cloudfront.net/82206984-8509-4feb-b69f-a33159dc4368/S1A_IW_20220714T051942_DVP_RTC30_G_gpufem_8323.zip
f6116ac6-5d43-43c1-b7c8-56f57a5436bf,https://d3gm2hf49xd6jj.cloudfront.net/f6116ac6-5d43-43c1-b7c8-56f57a5436bf/S1A_IW_20221111T051946_DVP_RTC30_G_gpufem_E953.zip
85cc6eed-1872-41f4-90d0-7b638cd02c0b,https://d3gm2hf49xd6jj.cloudfront.net/85cc6eed-1872-41f4-90d0-7b638cd02c0b/S1A_IW_20220527T051939_DVP_RTC30_G_gpufem_94F4.zip
3e6fae0f-ae98-466a-a8e7-11e95f5bb2c5,https://d3gm2hf49xd6jj.cloudfront.net/3e6fae0f-ae98-466a-a8e7-11e95f5bb2c5/S1A_IW_20220503T051937_DVP_RTC30_G_gpufem_20C4.zip
5ed6728b-962b-4754-9315-87f86ec5ed11,https://d3gm2hf49xd6jj.cloudfront.net/5ed6728b-962b-4754-9315-87f86ec5ed11/S1A_IW_20221006T051946_DVP_RTC30_G_gpufem_3422.zip
eb4d60e5-dcdc-4c98-b2ae-ca99987a860a,https://d3gm2hf49xd6jj.cloudfront.net/eb4d60e5-dcdc-4c98-b2ae-ca99987a860a/S1A_IW_20220912T051946_DVP_RTC30_G_gpufem_E0C6.zip
9bd8852e-c876-40f9-a164-8b3581236ebb,https://d3gm2hf49xd6jj.cloudfront.net/9bd8852e-c876-40f9-a164-8b3581236ebb/S1A_IW_20220702T051942_DVP_RTC30_G_gpufem_0A5E.zip
f8f5a776-ee9a-4031-9592-15245911a7d5,https://d3gm2hf49xd6jj.cloudfront.net/f8f5a776-ee9a-4031-9592-15245911a7d5/S1A_IW_20220421T051937_DVP_RTC30_G_gpufem_819D.zip
b13141da-d52c-46f6-9887-04dca5d1fb7d,https://d3gm2hf49xd6jj.cloudfront.net/b13141da-d52c-46f6-9887-04dca5d1fb7d/S1A_IW_20221030T051946_DVP_RTC30_G_gpufem_08A5.zip
2e663cad-1f96-4f4a-8368-198b423c66c6,https://d3gm2hf49xd6jj.cloudfront.net/2e663cad-1f96-4f4a-8368-198b423c66c6/S1A_IW_20220924T051945_DVP_RTC30_G_gpufem_2BDD.zip
16b5aa42-c588-46ce-b9e0-858ffd3c243d,https://d3gm2hf49xd6jj.cloudfront.net/16b5aa42-c588-46ce-b9e0-858ffd3c243d/S1A_IW_20220831T051945_DVP_RTC30_G_gpufem_0E40.zip
813a02f9-b266-4b7e-9227-44814c9c8570,https://d3gm2hf49xd6jj.cloudfront.net/813a02f9-b266-4b7e-9227-44814c9c8570/S1A_IW_20221217T051944_DVP_RTC30_G_gpufem_87B3.zip
2809499e-1825-4c06-8eef-2c90b2373825,https://d3gm2hf49xd6jj.cloudfront.net/2809499e-1825-4c06-8eef-2c90b2373825/S1A_IW_20220515T051939_DVP_RTC30_G_gpufem_9254.zip
9291c6f5-552c-4a22-9ab2-a2f0d3f8cc93,https://d3gm2hf49xd6jj.cloudfront.net/9291c6f5-552c-4a22-9ab2-a2f0d3f8cc93/S1A_IW_20220726T051943_DVP_RTC30_G_gpufem_1410.zip
7ada1227-7ea9-4096-b8e1-f041e1ad2627,https://d3gm2hf49xd6jj.cloudfront.net/7ada1227-7ea9-4096-b8e1-f041e1ad2627/S1A_IW_20220620T051941_DVP_RTC30_G_gpufem_2E24.zip
fa9233d4-f2d3-48cd-870a-cde0014dd666,https://d3gm2hf49xd6jj.cloudfront.net/fa9233d4-f2d3-48cd-870a-cde0014dd666/S1A_IW_20221229T051944_DVP_RTC30_G_gpufem_CF21.zip
f5d437c8-9a1d-47dc-a8af-2b2008461d72,https://d3gm2hf49xd6jj.cloudfront.net/f5d437c8-9a1d-47dc-a8af-2b2008461d72/S1A_IW_20221018T051946_DVP_RTC30_G_gpufem_5883.zip
ea52614f-c881-489f-94ed-e26e3acb3e85,https://d3gm2hf49xd6jj.cloudfront.net/ea52614f-c881-489f-94ed-e26e3acb3e85/S1A_IW_20221205T051945_DVP_RTC30_G_gpufem_ABA6.zip
6ba60a0b-5f73-4334-b339-428269e0e5e9,https://d3gm2hf49xd6jj.cloudfront.net/6ba60a0b-5f73-4334-b339-428269e0e5e9/S1B_IW_20211110T051858_DVP_RTC30_G_gpufem_2AC2.zip
4f49d2bc-599d-4332-895c-62b75fcbc8d7,https://d3gm2hf49xd6jj.cloudfront.net/4f49d2bc-599d-4332-895c-62b75fcbc8d7/S1B_IW_20211122T051910_DVP_RTC30_G_gpufem_A508.zip
1ea68ae3-4fec-45e2-9c46-408acfae07de,https://d3gm2hf49xd6jj.cloudfront.net/1ea68ae3-4fec-45e2-9c46-408acfae07de/S1A_IW_20220220T051936_DVP_RTC30_G_gpufem_802F.zip
584518cf-1d5c-4847-bf42-4adc685f25ef,https://d3gm2hf49xd6jj.cloudfront.net/584518cf-1d5c-4847-bf42-4adc685f25ef/S1B_IW_20211204T051844_DVP_RTC30_G_gpufem_43EE.zip
a0c15e91-bcd1-435d-af72-feba74f2285c,https://d3gm2hf49xd6jj.cloudfront.net/a0c15e91-bcd1-435d-af72-feba74f2285c/S1A_IW_20220409T051937_DVP_RTC30_G_gpufem_8703.zip
59d267c2-3503-4de0-9f8e-f4cbcc34d2b2,https://d3gm2hf49xd6jj.cloudfront.net/59d267c2-3503-4de0-9f8e-f4cbcc34d2b2/S1B_IW_20211204T051909_DVP_RTC30_G_gpufem_9CB6.zip
bf35b386-fc19-4aa8-873d-9f5ee0726ba1,https://d3gm2hf49xd6jj.cloudfront.net/bf35b386-fc19-4aa8-873d-9f5ee0726ba1/S1A_IW_20211210T051939_DVP_RTC30_G_gpufem_F51F.zip
d935cfb4-a664-4da0-ac37-6b10417f6745,https://d3gm2hf49xd6jj.cloudfront.net/d935cfb4-a664-4da0-ac37-6b10417f6745/S1A_IW_20211116T051940_DVP_RTC30_G_gpufem_E36F.zip
3933d630-8adc-4105-97a9-bfc8e1e43a11,https://d3gm2hf49xd6jj.cloudfront.net/3933d630-8adc-4105-97a9-bfc8e1e43a11/S1A_IW_20211222T051938_DVP_RTC30_G_gpufem_C443.zip
afefcf4d-e030-47ab-9ebb-2d4fac7180f7,https://d3gm2hf49xd6jj.cloudfront.net/afefcf4d-e030-47ab-9ebb-2d4fac7180f7/S1A_IW_20220127T051937_DVP_RTC30_G_gpufem_FFBC.zip
681ca05a-ad67-4244-a625-d567beb7f556,https://d3gm2hf49xd6jj.cloudfront.net/681ca05a-ad67-4244-a625-d567beb7f556/S1B_IW_20211122T051844_DVP_RTC30_G_gpufem_BD30.zip
af453723-5aa3-4e3f-afae-fc82801355cc,https://d3gm2hf49xd6jj.cloudfront.net/af453723-5aa3-4e3f-afae-fc82801355cc/S1A_IW_20220328T051937_DVP_RTC30_G_gpufem_C13C.zip
501ba865-9658-4a37-81d0-0a48a8126c2d,https://d3gm2hf49xd6jj.cloudfront.net/501ba865-9658-4a37-81d0-0a48a8126c2d/S1A_IW_20211128T051939_DVP_RTC30_G_gpufem_F33C.zip
2169a0aa-b351-4f02-b255-101ab7ddbfa2,https://d3gm2hf49xd6jj.cloudfront.net/2169a0aa-b351-4f02-b255-101ab7ddbfa2/S1B_IW_20211216T051843_DVP_RTC30_G_gpufem_DABD.zip
492e1a51-9b33-40b5-ab4f-df51b9b5364c,https://d3gm2hf49xd6jj.cloudfront.net/492e1a51-9b33-40b5-ab4f-df51b9b5364c/S1B_IW_20211216T051909_DVP_RTC30_G_gpufem_C506.zip
5ebf41e6-d8c1-4ef2-bc3f-adbdc78213e5,https://d3gm2hf49xd6jj.cloudfront.net/5ebf41e6-d8c1-4ef2-bc3f-adbdc78213e5/S1A_IW_20220304T051936_DVP_RTC30_G_gpufem_BD1A.zip
b0877d38-e90d-4cf4-980e-6359e0827db5,https://d3gm2hf49xd6jj.cloudfront.net/b0877d38-e90d-4cf4-980e-6359e0827db5/S1A_IW_20220316T051936_DVP_RTC30_G_gpufem_972D.zip
3a109698-8703-40eb-acbf-5e6fff05dc47,https://d3gm2hf49xd6jj.cloudfront.net/3a109698-8703-40eb-acbf-5e6fff05dc47/S1A_IW_20220103T051938_DVP_RTC30_G_gpufem_D3FF.zip
e7bb263d-cbd2-4b6e-9bbe-07e799c66542,https://d3gm2hf49xd6jj.cloudfront.net/e7bb263d-cbd2-4b6e-9bbe-07e799c66542/S1A_IW_20220208T051936_DVP_RTC30_G_gpufem_5CA1.zip
5e757e84-a349-4fc4-a71f-825edcae7e03,https://d3gm2hf49xd6jj.cloudfront.net/5e757e84-a349-4fc4-a71f-825edcae7e03/S1B_IW_20210818T051856_DVP_RTC30_G_gpufem_7E56.zip
f1624751-4e9b-491c-9a6f-c08fae1174b7,https://d3gm2hf49xd6jj.cloudfront.net/f1624751-4e9b-491c-9a6f-c08fae1174b7/S1B_IW_20211029T051858_DVP_RTC30_G_gpufem_6335.zip
9a20d9b0-0def-4a7d-86c9-ce13f84ae7de,https://d3gm2hf49xd6jj.cloudfront.net/9a20d9b0-0def-4a7d-86c9-ce13f84ae7de/S1A_IW_20210719T051937_DVP_RTC30_G_gpufem_E669.zip
3948e4c9-aa08-43c6-a342-8e41e0ed4c8b,https://d3gm2hf49xd6jj.cloudfront.net/3948e4c9-aa08-43c6-a342-8e41e0ed4c8b/S1B_IW_20210911T051858_DVP_RTC30_G_gpufem_7BF2.zip
66e69bd3-1769-469e-a487-47a32c0a80a9,https://d3gm2hf49xd6jj.cloudfront.net/66e69bd3-1769-469e-a487-47a32c0a80a9/S1B_IW_20210725T051855_DVP_RTC30_G_gpufem_490D.zip
1c3e3cea-c2c1-4b5e-856d-e1c57752ff5f,https://d3gm2hf49xd6jj.cloudfront.net/1c3e3cea-c2c1-4b5e-856d-e1c57752ff5f/S1B_IW_20210713T051854_DVP_RTC30_G_gpufem_AB00.zip
ed980353-add5-41bb-87c8-35cbf38bdc1f,https://d3gm2hf49xd6jj.cloudfront.net/ed980353-add5-41bb-87c8-35cbf38bdc1f/S1A_IW_20210929T051940_DVP_RTC30_G_gpufem_CDAC.zip
a246c346-1a72-4d7c-9b40-ff2823d77d6c,https://d3gm2hf49xd6jj.cloudfront.net/a246c346-1a72-4d7c-9b40-ff2823d77d6c/S1A_IW_20210824T051939_DVP_RTC30_G_gpufem_5E7A.zip
76d4f76c-c00f-47db-bebb-bb3b74725f48,https://d3gm2hf49xd6jj.cloudfront.net/76d4f76c-c00f-47db-bebb-bb3b74725f48/S1A_IW_20211023T051940_DVP_RTC30_G_gpufem_7375.zip
9628742c-e9dc-49db-8b70-7b0142e6da12,https://d3gm2hf49xd6jj.cloudfront.net/9628742c-e9dc-49db-8b70-7b0142e6da12/S1A_IW_20210917T051940_DVP_RTC30_G_gpufem_DF2D.zip
565c7e40-85a8-42dc-80d4-894c494cbbfd,https://d3gm2hf49xd6jj.cloudfront.net/565c7e40-85a8-42dc-80d4-894c494cbbfd/S1A_IW_20211104T051940_DVP_RTC30_G_gpufem_E45E.zip
59856b9a-36e9-4b7d-a8d9-596145e04b3b,https://d3gm2hf49xd6jj.cloudfront.net/59856b9a-36e9-4b7d-a8d9-596145e04b3b/S1B_IW_20210923T051858_DVP_RTC30_G_gpufem_ED5E.zip
6c67c588-96e6-46fc-9302-0e21366242c2,https://d3gm2hf49xd6jj.cloudfront.net/6c67c588-96e6-46fc-9302-0e21366242c2/S1B_IW_20210806T051856_DVP_RTC30_G_gpufem_07F9.zip
e56c81c6-74c4-4add-9978-7e8686f2eadd,https://d3gm2hf49xd6jj.cloudfront.net/e56c81c6-74c4-4add-9978-7e8686f2eadd/S1A_IW_20210812T051938_DVP_RTC30_G_gpufem_2B32.zip
36fb566a-f07b-4e59-8bf3-363a162c856b,https://d3gm2hf49xd6jj.cloudfront.net/36fb566a-f07b-4e59-8bf3-363a162c856b/S1A_IW_20210731T051937_DVP_RTC30_G_gpufem_1D65.zip
744935da-b616-4b6e-a066-53e7c638b390,https://d3gm2hf49xd6jj.cloudfront.net/744935da-b616-4b6e-a066-53e7c638b390/S1B_IW_20210830T051857_DVP_RTC30_G_gpufem_FBEC.zip
a4f3841b-7b51-4988-b343-b078cdf413da,https://d3gm2hf49xd6jj.cloudfront.net/a4f3841b-7b51-4988-b343-b078cdf413da/S1A_IW_20210905T051939_DVP_RTC30_G_gpufem_CC0F.zip
93dc4cc7-9e49-48f7-a1cb-772328ea6829,https://d3gm2hf49xd6jj.cloudfront.net/93dc4cc7-9e49-48f7-a1cb-772328ea6829/S1A_IW_20210707T051936_DVP_RTC30_G_gpufem_D08F.zip
c52f06e2-bc10-4b87-9ba5-a47475528ebc,https://d3gm2hf49xd6jj.cloudfront.net/c52f06e2-bc10-4b87-9ba5-a47475528ebc/S1A_IW_20210601T051934_DVP_RTC30_G_gpufem_CED0.zip
f8bfebbf-cb9c-4142-b204-0005d7e90544,https://d3gm2hf49xd6jj.cloudfront.net/f8bfebbf-cb9c-4142-b204-0005d7e90544/S1B_IW_20210502T051836_DVP_RTC30_G_gpufem_DD7B.zip
a0e662ab-71e8-4c0a-b4e5-bbf77c334605,https://d3gm2hf49xd6jj.cloudfront.net/a0e662ab-71e8-4c0a-b4e5-bbf77c334605/S1A_IW_20210508T051932_DVP_RTC30_G_gpufem_6283.zip
dbb3e48d-83f5-4cf2-9496-a845a06db948,https://d3gm2hf49xd6jj.cloudfront.net/dbb3e48d-83f5-4cf2-9496-a845a06db948/S1B_IW_20210514T051903_DVP_RTC30_G_gpufem_EE6B.zip
244a5894-7a03-4b02-aaf7-69ddd963be0e,https://d3gm2hf49xd6jj.cloudfront.net/244a5894-7a03-4b02-aaf7-69ddd963be0e/S1A_IW_20210414T051931_DVP_RTC30_G_gpufem_BECA.zip
86c0c3cc-744c-47d0-840f-b3c4cea45a8d,https://d3gm2hf49xd6jj.cloudfront.net/86c0c3cc-744c-47d0-840f-b3c4cea45a8d/S1B_IW_20210607T051852_DVP_RTC30_G_gpufem_E70F.zip
613eec58-7a69-4195-a185-4c59c309d2d0,https://d3gm2hf49xd6jj.cloudfront.net/613eec58-7a69-4195-a185-4c59c309d2d0/S1A_IW_20210520T051933_DVP_RTC30_G_gpufem_403F.zip
2773b62d-e141-465f-98bd-7e9d2d20d01d,https://d3gm2hf49xd6jj.cloudfront.net/2773b62d-e141-465f-98bd-7e9d2d20d01d/S1B_IW_20210327T051835_DVP_RTC30_G_gpufem_4A18.zip
cd492e01-36f9-4199-bc4c-8b1003da6bfc,https://d3gm2hf49xd6jj.cloudfront.net/cd492e01-36f9-4199-bc4c-8b1003da6bfc/S1A_IW_20210402T051931_DVP_RTC30_G_gpufem_3FD9.zip
22411ece-37a4-4c1c-b684-ff9489b403e4,https://d3gm2hf49xd6jj.cloudfront.net/22411ece-37a4-4c1c-b684-ff9489b403e4/S1B_IW_20210420T051836_DVP_RTC30_G_gpufem_1B31.zip
9b27252f-dcc4-4f63-bc64-2087e86f14dd,https://d3gm2hf49xd6jj.cloudfront.net/9b27252f-dcc4-4f63-bc64-2087e86f14dd/S1B_IW_20210514T051837_DVP_RTC30_G_gpufem_E91E.zip
78befe36-fef4-46c0-9d66-49cc3e52528a,https://d3gm2hf49xd6jj.cloudfront.net/78befe36-fef4-46c0-9d66-49cc3e52528a/S1B_IW_20210526T051851_DVP_RTC30_G_gpufem_3102.zip
36b3deea-5151-45a9-a8d4-3bab123d57f0,https://d3gm2hf49xd6jj.cloudfront.net/36b3deea-5151-45a9-a8d4-3bab123d57f0/S1A_IW_20210426T051932_DVP_RTC30_G_gpufem_B9AA.zip
000abfc5-5af9-4752-a4e3-0cf607af7cf0,https://d3gm2hf49xd6jj.cloudfront.net/000abfc5-5af9-4752-a4e3-0cf607af7cf0/S1B_IW_20210701T051854_DVP_RTC30_G_gpufem_170E.zip
a737500c-9d61-496e-b5c2-c6a9acd657b0,https://d3gm2hf49xd6jj.cloudfront.net/a737500c-9d61-496e-b5c2-c6a9acd657b0/S1A_IW_20210625T051935_DVP_RTC30_G_gpufem_FD40.zip
232624dd-8ba6-4b5b-ba67-6ac213853f51,https://d3gm2hf49xd6jj.cloudfront.net/232624dd-8ba6-4b5b-ba67-6ac213853f51/S1B_IW_20210502T051902_DVP_RTC30_G_gpufem_E65C.zip
81b6d40f-d695-4e85-9e95-f640e3f819f4,https://d3gm2hf49xd6jj.cloudfront.net/81b6d40f-d695-4e85-9e95-f640e3f819f4/S1B_IW_20210619T051853_DVP_RTC30_G_gpufem_A1B9.zip
f786866a-fc0f-4ee4-922b-4c281f05b2cc,https://d3gm2hf49xd6jj.cloudfront.net/f786866a-fc0f-4ee4-922b-4c281f05b2cc/S1A_IW_20210225T051930_DVP_RTC30_G_gpufem_DD03.zip
5dfe51bb-52fc-4866-a0ac-ab08853a6e83,https://d3gm2hf49xd6jj.cloudfront.net/5dfe51bb-52fc-4866-a0ac-ab08853a6e83/S1B_IW_20210303T051900_DVP_RTC30_G_gpufem_6F73.zip
ba02390e-a5e3-4bd8-bd7c-71c9a3c9fc9b,https://d3gm2hf49xd6jj.cloudfront.net/ba02390e-a5e3-4bd8-bd7c-71c9a3c9fc9b/S1B_IW_20210207T051901_DVP_RTC30_G_gpufem_4D89.zip
0d484c43-cbfb-4a89-a42b-7ef2df145bd7,https://d3gm2hf49xd6jj.cloudfront.net/0d484c43-cbfb-4a89-a42b-7ef2df145bd7/S1A_IW_20210108T051932_DVP_RTC30_G_gpufem_9ED9.zip
cf50c7e2-d603-4242-84cb-91a41173302e,https://d3gm2hf49xd6jj.cloudfront.net/cf50c7e2-d603-4242-84cb-91a41173302e/S1B_IW_20210102T051902_DVP_RTC30_G_gpufem_14BB.zip
268a18fb-9c01-4fb0-9791-5e7148a4a00c,https://d3gm2hf49xd6jj.cloudfront.net/268a18fb-9c01-4fb0-9791-5e7148a4a00c/S1A_IW_20210321T051931_DVP_RTC30_G_gpufem_A76D.zip
fe9ab2d8-c1d0-4944-941f-c4efad617f19,https://d3gm2hf49xd6jj.cloudfront.net/fe9ab2d8-c1d0-4944-941f-c4efad617f19/S1A_IW_20210201T051931_DVP_RTC30_G_gpufem_F549.zip
2f6c183f-a83c-4208-af2e-54dc20214c99,https://d3gm2hf49xd6jj.cloudfront.net/2f6c183f-a83c-4208-af2e-54dc20214c99/S1B_IW_20210114T051902_DVP_RTC30_G_gpufem_E804.zip
7171146c-af8f-4ef3-a464-aa749616f284,https://d3gm2hf49xd6jj.cloudfront.net/7171146c-af8f-4ef3-a464-aa749616f284/S1B_IW_20210126T051901_DVP_RTC30_G_gpufem_6078.zip
db02fdfd-9eeb-414a-8a26-e7bb66b94642,https://d3gm2hf49xd6jj.cloudfront.net/db02fdfd-9eeb-414a-8a26-e7bb66b94642/S1B_IW_20210219T051835_DVP_RTC30_G_gpufem_FC31.zip
97a7919a-5d1b-4341-8bd7-b2a9a2ce02ed,https://d3gm2hf49xd6jj.cloudfront.net/97a7919a-5d1b-4341-8bd7-b2a9a2ce02ed/S1B_IW_20210114T051836_DVP_RTC30_G_gpufem_4F87.zip
71980203-2e6d-4326-a984-0f5d6c847792,https://d3gm2hf49xd6jj.cloudfront.net/71980203-2e6d-4326-a984-0f5d6c847792/S1B_IW_20210315T051901_DVP_RTC30_G_gpufem_BCAD.zip
6249bde1-640f-4b4c-b549-f4bd1e61bd94,https://d3gm2hf49xd6jj.cloudfront.net/6249bde1-640f-4b4c-b549-f4bd1e61bd94/S1B_IW_20210126T051836_DVP_RTC30_G_gpufem_73C3.zip
0fc683f7-8420-480d-9e45-619f194f0777,https://d3gm2hf49xd6jj.cloudfront.net/0fc683f7-8420-480d-9e45-619f194f0777/S1B_IW_20210315T051835_DVP_RTC30_G_gpufem_3D36.zip
7f674e09-21e6-4db5-941c-e432940e5ba0,https://d3gm2hf49xd6jj.cloudfront.net/7f674e09-21e6-4db5-941c-e432940e5ba0/S1B_IW_20210327T051901_DVP_RTC30_G_gpufem_5F30.zip
27af515a-94a8-46ba-9482-ead597cdda0e,https://d3gm2hf49xd6jj.cloudfront.net/27af515a-94a8-46ba-9482-ead597cdda0e/S1B_IW_20210219T051901_DVP_RTC30_G_gpufem_A948.zip
2aecfef3-d41b-4b1b-a2d3-69b657905ba5,https://d3gm2hf49xd6jj.cloudfront.net/2aecfef3-d41b-4b1b-a2d3-69b657905ba5/S1B_IW_20201221T051837_DVP_RTC30_G_gpufem_B431.zip
5d865388-f7ef-48b3-8faa-981d1363e66c,https://d3gm2hf49xd6jj.cloudfront.net/5d865388-f7ef-48b3-8faa-981d1363e66c/S1A_IW_20201227T051933_DVP_RTC30_G_gpufem_01B6.zip
af93f2cf-e83a-473d-a3d1-52f77e66476c,https://d3gm2hf49xd6jj.cloudfront.net/af93f2cf-e83a-473d-a3d1-52f77e66476c/S1A_IW_20201016T051935_DVP_RTC30_G_gpufem_18E6.zip
407895ad-7c5a-4c55-932d-636ab4c00c82,https://d3gm2hf49xd6jj.cloudfront.net/407895ad-7c5a-4c55-932d-636ab4c00c82/S1B_IW_20201209T051903_DVP_RTC30_G_gpufem_A6BF.zip
ae4b4af3-ebe0-49b0-af41-48f1c1a0a2c6,https://d3gm2hf49xd6jj.cloudfront.net/ae4b4af3-ebe0-49b0-af41-48f1c1a0a2c6/S1B_IW_20201022T051852_DVP_RTC30_G_gpufem_541A.zip
73c21ae3-3b19-4a4a-b9ba-bad40d34d8dd,https://d3gm2hf49xd6jj.cloudfront.net/73c21ae3-3b19-4a4a-b9ba-bad40d34d8dd/S1B_IW_20201127T051904_DVP_RTC30_G_gpufem_3D75.zip
dc244205-8ec1-4b83-adca-0b6f7922129c,https://d3gm2hf49xd6jj.cloudfront.net/dc244205-8ec1-4b83-adca-0b6f7922129c/S1B_IW_20201209T051838_DVP_RTC30_G_gpufem_DEB7.zip
09646633-b467-4402-9676-9a59a55f5653,https://d3gm2hf49xd6jj.cloudfront.net/09646633-b467-4402-9676-9a59a55f5653/S1B_IW_20201221T051903_DVP_RTC30_G_gpufem_A735.zip
f4611a82-628a-4851-9cb8-5cb81c5c18a3,https://d3gm2hf49xd6jj.cloudfront.net/f4611a82-628a-4851-9cb8-5cb81c5c18a3/S1A_IW_20201215T051933_DVP_RTC30_G_gpufem_2299.zip
4c890f36-1003-49ee-933b-2132e852a9a5,https://d3gm2hf49xd6jj.cloudfront.net/4c890f36-1003-49ee-933b-2132e852a9a5/S1A_IW_20200922T051934_DVP_RTC30_G_gpufem_695A.zip
b7a000e9-b8b3-4377-9d99-5704484e850e,https://d3gm2hf49xd6jj.cloudfront.net/b7a000e9-b8b3-4377-9d99-5704484e850e/S1A_IW_20201109T051934_DVP_RTC30_G_gpufem_83DA.zip
dad595f4-7ff9-4aa8-b0ff-6fb89ee4c7da,https://d3gm2hf49xd6jj.cloudfront.net/dad595f4-7ff9-4aa8-b0ff-6fb89ee4c7da/S1A_IW_20201203T051934_DVP_RTC30_G_gpufem_1B1B.zip
19df7654-864f-4f04-8c0f-1a15d6dd1796,https://d3gm2hf49xd6jj.cloudfront.net/19df7654-864f-4f04-8c0f-1a15d6dd1796/S1B_IW_20200928T051852_DVP_RTC30_G_gpufem_BC96.zip
fd6c8343-7d0e-4ed4-a6d3-b2c35a77066f,https://d3gm2hf49xd6jj.cloudfront.net/fd6c8343-7d0e-4ed4-a6d3-b2c35a77066f/S1B_IW_20201010T051852_DVP_RTC30_G_gpufem_75D3.zip
459d3c41-80e4-4b9b-bf42-87941f0a5f1a,https://d3gm2hf49xd6jj.cloudfront.net/459d3c41-80e4-4b9b-bf42-87941f0a5f1a/S1B_IW_20201127T051838_DVP_RTC30_G_gpufem_CA3B.zip
409c3a31-9739-49f4-b747-ddbc2a08a404,https://d3gm2hf49xd6jj.cloudfront.net/409c3a31-9739-49f4-b747-ddbc2a08a404/S1A_IW_20201004T051934_DVP_RTC30_G_gpufem_A33B.zip
bf478c4d-ad2c-4acb-91ee-a2b80f1aeb32,https://d3gm2hf49xd6jj.cloudfront.net/bf478c4d-ad2c-4acb-91ee-a2b80f1aeb32/S1A_IW_20201028T051935_DVP_RTC30_G_gpufem_1CC3.zip
77129165-2e71-4f90-bd19-a83b2ae15589,https://d3gm2hf49xd6jj.cloudfront.net/77129165-2e71-4f90-bd19-a83b2ae15589/S1B_IW_20200706T051848_DVP_RTC30_G_gpufem_BDE5.zip
261f983e-94a7-4a5f-bd51-6e0e59e57700,https://d3gm2hf49xd6jj.cloudfront.net/261f983e-94a7-4a5f-bd51-6e0e59e57700/S1B_IW_20200904T051852_DVP_RTC30_G_gpufem_FCB9.zip
fe535017-c896-4f04-9d3a-4f8539ac7344,https://d3gm2hf49xd6jj.cloudfront.net/fe535017-c896-4f04-9d3a-4f8539ac7344/S1B_IW_20200718T051849_DVP_RTC30_G_gpufem_888A.zip
c38d4b15-e806-458d-a4f2-831209b540e9,https://d3gm2hf49xd6jj.cloudfront.net/c38d4b15-e806-458d-a4f2-831209b540e9/S1B_IW_20200730T051850_DVP_RTC30_G_gpufem_8D0F.zip
d0ce924e-f332-4673-983a-b52d04723385,https://d3gm2hf49xd6jj.cloudfront.net/d0ce924e-f332-4673-983a-b52d04723385/S1A_IW_20200817T051932_DVP_RTC30_G_gpufem_5452.zip
b947a71c-4fe2-4b9d-8749-b6691ca6f299,https://d3gm2hf49xd6jj.cloudfront.net/b947a71c-4fe2-4b9d-8749-b6691ca6f299/S1A_IW_20200805T051932_DVP_RTC30_G_gpufem_6B63.zip
ea37624c-33b2-404b-a01b-e98dc5e00cf2,https://d3gm2hf49xd6jj.cloudfront.net/ea37624c-33b2-404b-a01b-e98dc5e00cf2/S1A_IW_20200724T051931_DVP_RTC30_G_gpufem_AE5F.zip
aece4814-573f-4389-9b6e-091f1ff94be3,https://d3gm2hf49xd6jj.cloudfront.net/aece4814-573f-4389-9b6e-091f1ff94be3/S1B_IW_20200612T051847_DVP_RTC30_G_gpufem_AA3C.zip
5953cc40-2a47-42b1-b3db-aa78fe63dd65,https://d3gm2hf49xd6jj.cloudfront.net/5953cc40-2a47-42b1-b3db-aa78fe63dd65/S1B_IW_20200624T051847_DVP_RTC30_G_gpufem_EFA3.zip
1aab45fb-b8c9-494f-aa1a-32cbb7c49013,https://d3gm2hf49xd6jj.cloudfront.net/1aab45fb-b8c9-494f-aa1a-32cbb7c49013/S1A_IW_20200525T051928_DVP_RTC30_G_gpufem_45FE.zip
26e13bab-fcc2-4445-8aee-b5dc9d042e48,https://d3gm2hf49xd6jj.cloudfront.net/26e13bab-fcc2-4445-8aee-b5dc9d042e48/S1A_IW_20200712T051930_DVP_RTC30_G_gpufem_F481.zip
dc8e4a77-1c90-4726-aa5d-8ac56b41450f,https://d3gm2hf49xd6jj.cloudfront.net/dc8e4a77-1c90-4726-aa5d-8ac56b41450f/S1B_IW_20200811T051850_DVP_RTC30_G_gpufem_9695.zip
84ca64ca-f6d6-4565-b3fb-b70668b6e434,https://d3gm2hf49xd6jj.cloudfront.net/84ca64ca-f6d6-4565-b3fb-b70668b6e434/S1B_IW_20200916T051852_DVP_RTC30_G_gpufem_7C3B.zip
3e1715b5-d426-4c5d-bb5d-69dc463f5ad5,https://d3gm2hf49xd6jj.cloudfront.net/3e1715b5-d426-4c5d-bb5d-69dc463f5ad5/S1A_IW_20200606T051928_DVP_RTC30_G_gpufem_AB9D.zip
f677a59f-741a-4d64-a69f-2d578d504a75,https://d3gm2hf49xd6jj.cloudfront.net/f677a59f-741a-4d64-a69f-2d578d504a75/S1B_IW_20200531T051846_DVP_RTC30_G_gpufem_DFAC.zip
cd704f34-f185-4133-9ba3-efd5c68b4185,https://d3gm2hf49xd6jj.cloudfront.net/cd704f34-f185-4133-9ba3-efd5c68b4185/S1A_IW_20200630T051929_DVP_RTC30_G_gpufem_5823.zip
87b03780-29bb-450b-884a-aad3ba56a185,https://d3gm2hf49xd6jj.cloudfront.net/87b03780-29bb-450b-884a-aad3ba56a185/S1A_IW_20200829T051933_DVP_RTC30_G_gpufem_18C1.zip
7c97cc2d-cc1d-447d-b243-69df9caaa193,https://d3gm2hf49xd6jj.cloudfront.net/7c97cc2d-cc1d-447d-b243-69df9caaa193/S1A_IW_20200910T051934_DVP_RTC30_G_gpufem_4C3A.zip
101fd8d9-4849-479f-ab77-42038e7e310a,https://d3gm2hf49xd6jj.cloudfront.net/101fd8d9-4849-479f-ab77-42038e7e310a/S1B_IW_20200823T051851_DVP_RTC30_G_gpufem_F8EC.zip
a29fea07-e826-4d86-9b7a-092246991aed,https://d3gm2hf49xd6jj.cloudfront.net/a29fea07-e826-4d86-9b7a-092246991aed/S1B_IW_20200425T051845_DVP_RTC30_G_gpufem_4B42.zip
39f108a9-6ef7-4293-9598-1946d2ef16ff,https://d3gm2hf49xd6jj.cloudfront.net/39f108a9-6ef7-4293-9598-1946d2ef16ff/S1A_IW_20200501T051926_DVP_RTC30_G_gpufem_182D.zip
30de1c7f-9e7b-4d24-8384-e919a7a9ea73,https://d3gm2hf49xd6jj.cloudfront.net/30de1c7f-9e7b-4d24-8384-e919a7a9ea73/S1B_IW_20200201T051835_DVP_RTC30_G_gpufem_467A.zip
cc033a9c-4450-4505-8d5f-5a0dccc06e18,https://d3gm2hf49xd6jj.cloudfront.net/cc033a9c-4450-4505-8d5f-5a0dccc06e18/S1B_IW_20200213T051835_DVP_RTC30_G_gpufem_1BC9.zip
ba848552-fd24-4ede-af63-34de101d010a,https://d3gm2hf49xd6jj.cloudfront.net/ba848552-fd24-4ede-af63-34de101d010a/S1B_IW_20200507T051845_DVP_RTC30_G_gpufem_DF72.zip
2413ea3f-e0d3-47c3-ae7d-edcd0424b1fe,https://d3gm2hf49xd6jj.cloudfront.net/2413ea3f-e0d3-47c3-ae7d-edcd0424b1fe/S1A_IW_20200513T051927_DVP_RTC30_G_gpufem_F1F5.zip
3381165e-49dc-4716-b196-aac9f3bff46b,https://d3gm2hf49xd6jj.cloudfront.net/3381165e-49dc-4716-b196-aac9f3bff46b/S1A_IW_20200407T051925_DVP_RTC30_G_gpufem_963B.zip
d15c7dc7-db33-44c6-b5e2-1e422c1f91a0,https://d3gm2hf49xd6jj.cloudfront.net/d15c7dc7-db33-44c6-b5e2-1e422c1f91a0/S1A_IW_20200219T051925_DVP_RTC30_G_gpufem_D17D.zip
5bdb8d56-cf88-4047-bc09-f781d7046a4b,https://d3gm2hf49xd6jj.cloudfront.net/5bdb8d56-cf88-4047-bc09-f781d7046a4b/S1B_IW_20200413T051835_DVP_RTC30_G_gpufem_043E.zip
5b3c8127-123d-472a-982d-66de31526648,https://d3gm2hf49xd6jj.cloudfront.net/5b3c8127-123d-472a-982d-66de31526648/S1A_IW_20200207T051925_DVP_RTC30_G_gpufem_4556.zip
71577e5c-2ed4-4af7-8343-b3717b353716,https://d3gm2hf49xd6jj.cloudfront.net/71577e5c-2ed4-4af7-8343-b3717b353716/S1B_IW_20200519T051845_DVP_RTC30_G_gpufem_B099.zip
3cf6ae5d-0edf-4865-901e-fda7937de79c,https://d3gm2hf49xd6jj.cloudfront.net/3cf6ae5d-0edf-4865-901e-fda7937de79c/S1B_IW_20200401T051835_DVP_RTC30_G_gpufem_C9CF.zip
90665520-d373-4e7b-a0c1-3fe32a6374d6,https://d3gm2hf49xd6jj.cloudfront.net/90665520-d373-4e7b-a0c1-3fe32a6374d6/S1B_IW_20200225T051834_DVP_RTC30_G_gpufem_8335.zip
36e8143a-5e83-4f5c-940c-03f748b3dd4d,https://d3gm2hf49xd6jj.cloudfront.net/36e8143a-5e83-4f5c-940c-03f748b3dd4d/S1A_IW_20200314T051925_DVP_RTC30_G_gpufem_7AA8.zip
59799415-589b-4866-885e-c35af6ac5ca4,https://d3gm2hf49xd6jj.cloudfront.net/59799415-589b-4866-885e-c35af6ac5ca4/S1B_IW_20200120T051835_DVP_RTC30_G_gpufem_AA79.zip
a6de6436-3d17-48ac-8881-451a16853226,https://d3gm2hf49xd6jj.cloudfront.net/a6de6436-3d17-48ac-8881-451a16853226/S1B_IW_20200320T051835_DVP_RTC30_G_gpufem_6CD6.zip
775a70ca-6d6f-477d-985f-5f3375dcbb37,https://d3gm2hf49xd6jj.cloudfront.net/775a70ca-6d6f-477d-985f-5f3375dcbb37/S1B_IW_20200308T051834_DVP_RTC30_G_gpufem_EAFB.zip
8a76981d-27ac-4243-a174-9b19fb84235d,https://d3gm2hf49xd6jj.cloudfront.net/8a76981d-27ac-4243-a174-9b19fb84235d/S1B_IW_20200108T051836_DVP_RTC30_G_gpufem_C72E.zip
a4faa0e7-395b-49cd-85e0-ed5c1d1c22f2,https://d3gm2hf49xd6jj.cloudfront.net/a4faa0e7-395b-49cd-85e0-ed5c1d1c22f2/S1A_IW_20200126T051925_DVP_RTC30_G_gpufem_1B3E.zip
b8f3bba3-e02c-47df-a39e-b752ce8b4e3c,https://d3gm2hf49xd6jj.cloudfront.net/b8f3bba3-e02c-47df-a39e-b752ce8b4e3c/S1A_IW_20191022T051928_DVP_RTC30_G_gpufem_028B.zip
2e88737f-e724-4d7e-b117-7f7d78eb8712,https://d3gm2hf49xd6jj.cloudfront.net/2e88737f-e724-4d7e-b117-7f7d78eb8712/S1B_IW_20191203T051837_DVP_RTC30_G_gpufem_81BF.zip
d1c5caa1-d3fe-46dd-95c7-dbc9fecf6d6e,https://d3gm2hf49xd6jj.cloudfront.net/d1c5caa1-d3fe-46dd-95c7-dbc9fecf6d6e/S1B_IW_20191016T051846_DVP_RTC30_G_gpufem_BEA4.zip
cf03feec-86d0-4a55-b691-9a5aa7cfb6a4,https://d3gm2hf49xd6jj.cloudfront.net/cf03feec-86d0-4a55-b691-9a5aa7cfb6a4/S1A_IW_20200102T051926_DVP_RTC30_G_gpufem_A3F5.zip
78423566-46af-45a8-99ba-49f3c568a971,https://d3gm2hf49xd6jj.cloudfront.net/78423566-46af-45a8-99ba-49f3c568a971/S1B_IW_20191004T051846_DVP_RTC30_G_gpufem_F194.zip
105c3f96-f194-49d6-a477-a0dc4422bfcf,https://d3gm2hf49xd6jj.cloudfront.net/105c3f96-f194-49d6-a477-a0dc4422bfcf/S1A_IW_20191103T051928_DVP_RTC30_G_gpufem_E490.zip
0ddf404a-036a-49dc-a436-6cc2bd055182,https://d3gm2hf49xd6jj.cloudfront.net/0ddf404a-036a-49dc-a436-6cc2bd055182/S1B_IW_20191109T051838_DVP_RTC30_G_gpufem_CF2B.zip
09e617dd-8d5f-4a82-9f33-e2acb3f1ad56,https://d3gm2hf49xd6jj.cloudfront.net/09e617dd-8d5f-4a82-9f33-e2acb3f1ad56/S1B_IW_20191121T051838_DVP_RTC30_G_gpufem_FC8D.zip
818edf5c-bd08-4297-9090-622eb923d334,https://d3gm2hf49xd6jj.cloudfront.net/818edf5c-bd08-4297-9090-622eb923d334/S1A_IW_20191115T051928_DVP_RTC30_G_gpufem_7007.zip
0ce465df-86a9-4e48-85e7-c485bce44498,https://d3gm2hf49xd6jj.cloudfront.net/0ce465df-86a9-4e48-85e7-c485bce44498/S1A_IW_20190928T051928_DVP_RTC30_G_gpufem_89CA.zip
7ddcac61-d1cd-4d12-bb34-0e05a47740f4,https://d3gm2hf49xd6jj.cloudfront.net/7ddcac61-d1cd-4d12-bb34-0e05a47740f4/S1B_IW_20191227T051836_DVP_RTC30_G_gpufem_DC27.zip
4fc039a1-2c42-4704-b73b-4240c1311790,https://d3gm2hf49xd6jj.cloudfront.net/4fc039a1-2c42-4704-b73b-4240c1311790/S1B_IW_20191028T051846_DVP_RTC30_G_gpufem_B299.zip
93742c36-af86-4169-9cfa-b862b14e73d3,https://d3gm2hf49xd6jj.cloudfront.net/93742c36-af86-4169-9cfa-b862b14e73d3/S1A_IW_20191127T051928_DVP_RTC30_G_gpufem_6511.zip
346c3faa-aa96-44d3-91e0-deaa814b657f,https://d3gm2hf49xd6jj.cloudfront.net/346c3faa-aa96-44d3-91e0-deaa814b657f/S1B_IW_20190922T051846_DVP_RTC30_G_gpufem_0853.zip
2aea8306-fa6b-4ad6-b7fc-7fafaff79718,https://d3gm2hf49xd6jj.cloudfront.net/2aea8306-fa6b-4ad6-b7fc-7fafaff79718/S1A_IW_20191010T051928_DVP_RTC30_G_gpufem_6D37.zip
3bca11d1-8873-4102-872c-5ade0167f116,https://d3gm2hf49xd6jj.cloudfront.net/3bca11d1-8873-4102-872c-5ade0167f116/S1B_IW_20191215T051837_DVP_RTC30_G_gpufem_A6D1.zip
deae948a-885a-47fb-b2bf-98341073d699,https://d3gm2hf49xd6jj.cloudfront.net/deae948a-885a-47fb-b2bf-98341073d699/S1B_IW_20190817T051844_DVP_RTC30_G_gpufem_ED4B.zip
cd35d9e9-1533-44fa-85fe-d913cab9bd14,https://d3gm2hf49xd6jj.cloudfront.net/cd35d9e9-1533-44fa-85fe-d913cab9bd14/S1B_IW_20190513T051845_DVP_RTC30_G_gpufem_6A38.zip
d84757c2-8f77-4629-a4ae-ef169d35e90b,https://d3gm2hf49xd6jj.cloudfront.net/d84757c2-8f77-4629-a4ae-ef169d35e90b/S1B_IW_20190712T051842_DVP_RTC30_G_gpufem_4515.zip
3cdc1bff-af53-497a-81b8-55f0c8ce9200,https://d3gm2hf49xd6jj.cloudfront.net/3cdc1bff-af53-497a-81b8-55f0c8ce9200/S1A_IW_20190904T051927_DVP_RTC30_G_gpufem_0AB4.zip
19dd935a-26ee-4ae4-8f96-33a5c7949e62,https://d3gm2hf49xd6jj.cloudfront.net/19dd935a-26ee-4ae4-8f96-33a5c7949e62/S1A_IW_20190531T051921_DVP_RTC30_G_gpufem_5E31.zip
b6adb849-c66b-4899-8e53-05b70d9c43cd,https://d3gm2hf49xd6jj.cloudfront.net/b6adb849-c66b-4899-8e53-05b70d9c43cd/S1A_IW_20190811T051926_DVP_RTC30_G_gpufem_28CD.zip
1530cb18-f306-4313-b055-028fe2ee410c,https://d3gm2hf49xd6jj.cloudfront.net/1530cb18-f306-4313-b055-028fe2ee410c/S1B_IW_20190618T051841_DVP_RTC30_G_gpufem_F742.zip
7f2f4957-230d-47ff-9f80-ba676fd1523f,https://d3gm2hf49xd6jj.cloudfront.net/7f2f4957-230d-47ff-9f80-ba676fd1523f/S1A_IW_20190519T051921_DVP_RTC30_G_gpufem_9BB4.zip
c15780ee-7226-4daa-ba95-9d8d8b6b2fec,https://d3gm2hf49xd6jj.cloudfront.net/c15780ee-7226-4daa-ba95-9d8d8b6b2fec/S1A_IW_20190730T051925_DVP_RTC30_G_gpufem_FF77.zip
5c8e0237-d2ef-4a4d-b65d-16c195c94692,https://d3gm2hf49xd6jj.cloudfront.net/5c8e0237-d2ef-4a4d-b65d-16c195c94692/S1A_IW_20190612T051922_DVP_RTC30_G_gpufem_14E5.zip
ca12fece-9f95-483f-a5c3-d558501b52cb,https://d3gm2hf49xd6jj.cloudfront.net/ca12fece-9f95-483f-a5c3-d558501b52cb/S1A_IW_20190624T051922_DVP_RTC30_G_gpufem_36B3.zip
e491e55d-d240-4e57-baa9-c58dbf36ef07,https://d3gm2hf49xd6jj.cloudfront.net/e491e55d-d240-4e57-baa9-c58dbf36ef07/S1B_IW_20190606T051840_DVP_RTC30_G_gpufem_BE1A.zip
5cb0f16a-88e4-417b-8b64-4b2dc4379251,https://d3gm2hf49xd6jj.cloudfront.net/5cb0f16a-88e4-417b-8b64-4b2dc4379251/S1A_IW_20190718T051924_DVP_RTC30_G_gpufem_7A9F.zip
0d822d03-561d-450d-9f42-60538b37fdd4,https://d3gm2hf49xd6jj.cloudfront.net/0d822d03-561d-450d-9f42-60538b37fdd4/S1B_IW_20190805T051843_DVP_RTC30_G_gpufem_4AE5.zip
139863ad-eaad-4cec-bd3a-0a1390f1871c,https://d3gm2hf49xd6jj.cloudfront.net/139863ad-eaad-4cec-bd3a-0a1390f1871c/S1A_IW_20190706T051923_DVP_RTC30_G_gpufem_8894.zip
fdacfc24-e0d6-453e-bdca-08fdb86f93c9,https://d3gm2hf49xd6jj.cloudfront.net/fdacfc24-e0d6-453e-bdca-08fdb86f93c9/S1A_IW_20190212T051918_DVP_RTC30_G_gpufem_82CC.zip
a27e22bb-59c6-4619-9956-50a6af137d08,https://d3gm2hf49xd6jj.cloudfront.net/a27e22bb-59c6-4619-9956-50a6af137d08/S1A_IW_20190425T051920_DVP_RTC30_G_gpufem_E65F.zip
500dc945-6dd3-47b7-bc2a-b958bd9c4e47,https://d3gm2hf49xd6jj.cloudfront.net/500dc945-6dd3-47b7-bc2a-b958bd9c4e47/S1A_IW_20190413T051919_DVP_RTC30_G_gpufem_5E0F.zip
7f8ba0fa-81eb-435f-998b-467e453cda96,https://d3gm2hf49xd6jj.cloudfront.net/7f8ba0fa-81eb-435f-998b-467e453cda96/S1B_IW_20190302T051843_DVP_RTC30_G_gpufem_A5E8.zip
c0519786-0c13-4782-8d14-0ed0ba39eb32,https://d3gm2hf49xd6jj.cloudfront.net/c0519786-0c13-4782-8d14-0ed0ba39eb32/S1A_IW_20190320T051918_DVP_RTC30_G_gpufem_D630.zip
113382e9-a9f5-47a8-8724-11c558c82823,https://d3gm2hf49xd6jj.cloudfront.net/113382e9-a9f5-47a8-8724-11c558c82823/S1B_IW_20190407T051844_DVP_RTC30_G_gpufem_194B.zip
0fa65171-8727-4aa9-abc9-f27678e8adc2,https://d3gm2hf49xd6jj.cloudfront.net/0fa65171-8727-4aa9-abc9-f27678e8adc2/S1B_IW_20190326T051843_DVP_RTC30_G_gpufem_6163.zip
5d67dec0-f79d-49b2-a7be-1dc4283d44cb,https://d3gm2hf49xd6jj.cloudfront.net/5d67dec0-f79d-49b2-a7be-1dc4283d44cb/S1A_IW_20190224T051918_DVP_RTC30_G_gpufem_8D3C.zip
7c14a9fe-fbdb-4699-8849-47d2506feba9,https://d3gm2hf49xd6jj.cloudfront.net/7c14a9fe-fbdb-4699-8849-47d2506feba9/S1B_IW_20190218T051843_DVP_RTC30_G_gpufem_141A.zip
1790f771-f636-4070-b869-8d714fb89881,https://d3gm2hf49xd6jj.cloudfront.net/1790f771-f636-4070-b869-8d714fb89881/S1B_IW_20190113T051844_DVP_RTC30_G_gpufem_C703.zip
834e1373-8a13-441e-b4bf-39674ae5d102,https://d3gm2hf49xd6jj.cloudfront.net/834e1373-8a13-441e-b4bf-39674ae5d102/S1A_IW_20190131T051919_DVP_RTC30_G_gpufem_49ED.zip
96640958-92c2-423b-9dd1-5dd8a5c780ab,https://d3gm2hf49xd6jj.cloudfront.net/96640958-92c2-423b-9dd1-5dd8a5c780ab/S1A_IW_20190308T051918_DVP_RTC30_G_gpufem_C0D2.zip
728c2725-e8c8-4397-837f-e9d2ec7a4d45,https://d3gm2hf49xd6jj.cloudfront.net/728c2725-e8c8-4397-837f-e9d2ec7a4d45/S1B_IW_20190419T051844_DVP_RTC30_G_gpufem_0A3C.zip
152fb0d8-91ee-4f2d-92c6-08f1d77c76d0,https://d3gm2hf49xd6jj.cloudfront.net/152fb0d8-91ee-4f2d-92c6-08f1d77c76d0/S1A_IW_20190401T051919_DVP_RTC30_G_gpufem_D7F6.zip
054a70df-5ec1-41a8-80ba-f7c60bc2e90e,https://d3gm2hf49xd6jj.cloudfront.net/054a70df-5ec1-41a8-80ba-f7c60bc2e90e/S1B_IW_20190314T051843_DVP_RTC30_G_gpufem_3383.zip
b133bd45-e4bf-4b92-8915-10ba197ae018,https://d3gm2hf49xd6jj.cloudfront.net/b133bd45-e4bf-4b92-8915-10ba197ae018/S1A_IW_20190507T051920_DVP_RTC30_G_gpufem_92B0.zip
77b55c02-f186-4c65-ac5c-c85ea9cd96fc,https://d3gm2hf49xd6jj.cloudfront.net/77b55c02-f186-4c65-ac5c-c85ea9cd96fc/S1A_IW_20190119T051919_DVP_RTC30_G_gpufem_9DB0.zip
54e5589f-dfee-4676-a34d-1eef6783bc8e,https://d3gm2hf49xd6jj.cloudfront.net/54e5589f-dfee-4676-a34d-1eef6783bc8e/S1B_IW_20181220T051845_DVP_RTC30_G_gpufem_AD7D.zip
094f7f2f-708f-4b53-873d-11876cc7b938,https://d3gm2hf49xd6jj.cloudfront.net/094f7f2f-708f-4b53-873d-11876cc7b938/S1A_IW_20190107T051919_DVP_RTC30_G_gpufem_AC0C.zip
075968f6-2b58-43dc-ab03-bd0395851831,https://d3gm2hf49xd6jj.cloudfront.net/075968f6-2b58-43dc-ab03-bd0395851831/S1B_IW_20181021T051840_DVP_RTC30_G_gpufem_2A64.zip
0071e3b8-c4a5-4d79-8829-76d1de06099c,https://d3gm2hf49xd6jj.cloudfront.net/0071e3b8-c4a5-4d79-8829-76d1de06099c/S1A_IW_20181120T051921_DVP_RTC30_G_gpufem_D730.zip
193ebfbd-00c7-4276-b82c-6179b9c9c9e6,https://d3gm2hf49xd6jj.cloudfront.net/193ebfbd-00c7-4276-b82c-6179b9c9c9e6/S1B_IW_20181114T051840_DVP_RTC30_G_gpufem_AD24.zip
7b41cd72-d523-4e3e-af99-499a44bd5dd6,https://d3gm2hf49xd6jj.cloudfront.net/7b41cd72-d523-4e3e-af99-499a44bd5dd6/S1A_IW_20180909T051921_DVP_RTC30_G_gpufem_40DE.zip
624f6d61-5623-49b0-a161-6f64a97b77ce,https://d3gm2hf49xd6jj.cloudfront.net/624f6d61-5623-49b0-a161-6f64a97b77ce/S1A_IW_20181214T051920_DVP_RTC30_G_gpufem_0322.zip
f78b1704-1dd6-477b-9398-8b359dba2bd3,https://d3gm2hf49xd6jj.cloudfront.net/f78b1704-1dd6-477b-9398-8b359dba2bd3/S1A_IW_20181015T051922_DVP_RTC30_G_gpufem_A92D.zip
669ce3d4-341f-4e2d-9d00-43d9727ca241,https://d3gm2hf49xd6jj.cloudfront.net/669ce3d4-341f-4e2d-9d00-43d9727ca241/S1B_IW_20181102T051840_DVP_RTC30_G_gpufem_439C.zip
e9d06934-6478-493f-bcca-50556caa707d,https://d3gm2hf49xd6jj.cloudfront.net/e9d06934-6478-493f-bcca-50556caa707d/S1A_IW_20180921T051921_DVP_RTC30_G_gpufem_6D7F.zip
92dc1ea9-277a-42b0-8cdb-df104755a499,https://d3gm2hf49xd6jj.cloudfront.net/92dc1ea9-277a-42b0-8cdb-df104755a499/S1B_IW_20180927T051845_DVP_RTC30_G_gpufem_E170.zip
08761eda-8bce-412f-b534-51ba0e7c68dc,https://d3gm2hf49xd6jj.cloudfront.net/08761eda-8bce-412f-b534-51ba0e7c68dc/S1B_IW_20180915T051839_DVP_RTC30_G_gpufem_1A1E.zip
6a5fe5be-4481-4b7f-9830-f7e5e8adb7d0,https://d3gm2hf49xd6jj.cloudfront.net/6a5fe5be-4481-4b7f-9830-f7e5e8adb7d0/S1A_IW_20181108T051922_DVP_RTC30_G_gpufem_2184.zip
3e04414f-b2f4-4797-bd01-36d03000a5ac,https://d3gm2hf49xd6jj.cloudfront.net/3e04414f-b2f4-4797-bd01-36d03000a5ac/S1B_IW_20181009T051839_DVP_RTC30_G_gpufem_8054.zip
98574fff-78fa-43da-a1b6-7c5fa1104458,https://d3gm2hf49xd6jj.cloudfront.net/98574fff-78fa-43da-a1b6-7c5fa1104458/S1A_IW_20181226T051920_DVP_RTC30_G_gpufem_AAA0.zip
beb336c9-ceb2-4342-9bf2-5a4aab988464,https://d3gm2hf49xd6jj.cloudfront.net/beb336c9-ceb2-4342-9bf2-5a4aab988464/S1B_IW_20190101T051845_DVP_RTC30_G_gpufem_3C38.zip
305cb8b5-3f63-4387-8ab1-616301d66a97,https://d3gm2hf49xd6jj.cloudfront.net/305cb8b5-3f63-4387-8ab1-616301d66a97/S1A_IW_20181202T051921_DVP_RTC30_G_gpufem_3B09.zip
60caa61d-f1f4-4fd6-8c26-795b990526fc,https://d3gm2hf49xd6jj.cloudfront.net/60caa61d-f1f4-4fd6-8c26-795b990526fc/S1A_IW_20181027T051922_DVP_RTC30_G_gpufem_A3FA.zip
6ebf93f7-1aaf-4fc3-ae0d-57076233195d,https://d3gm2hf49xd6jj.cloudfront.net/6ebf93f7-1aaf-4fc3-ae0d-57076233195d/S1B_IW_20181208T051845_DVP_RTC30_G_gpufem_2C21.zip
6e53903a-c666-460e-91a5-18b4163cf906,https://d3gm2hf49xd6jj.cloudfront.net/6e53903a-c666-460e-91a5-18b4163cf906/S1B_IW_20180518T051839_DVP_RTC30_G_gpufem_6CDA.zip
15552d1f-eb14-44da-b9bc-885191f67085,https://d3gm2hf49xd6jj.cloudfront.net/15552d1f-eb14-44da-b9bc-885191f67085/S1A_IW_20180605T051915_DVP_RTC30_G_gpufem_25D8.zip
1a1e54ed-e37e-4ba2-b26b-cf07fb1c22cc,https://d3gm2hf49xd6jj.cloudfront.net/1a1e54ed-e37e-4ba2-b26b-cf07fb1c22cc/S1B_IW_20180611T051839_DVP_RTC30_G_gpufem_913C.zip
69182541-ff84-4d3b-8a5d-9368a9a4ce8a,https://d3gm2hf49xd6jj.cloudfront.net/69182541-ff84-4d3b-8a5d-9368a9a4ce8a/S1B_IW_20180623T051840_DVP_RTC30_G_gpufem_D573.zip
abf6f45f-a8e4-4d1f-a47e-69050950419f,https://d3gm2hf49xd6jj.cloudfront.net/abf6f45f-a8e4-4d1f-a47e-69050950419f/S1A_IW_20180524T051915_DVP_RTC30_G_gpufem_DE3B.zip
6c4ff031-7480-4fa7-8c14-06f2d6b5bd76,https://d3gm2hf49xd6jj.cloudfront.net/6c4ff031-7480-4fa7-8c14-06f2d6b5bd76/S1B_IW_20180530T051838_DVP_RTC30_G_gpufem_0504.zip
13bae55c-5fd4-49ea-af03-c549107ed094,https://d3gm2hf49xd6jj.cloudfront.net/13bae55c-5fd4-49ea-af03-c549107ed094/S1A_IW_20180512T051914_DVP_RTC30_G_gpufem_9C9D.zip
f99c9dbf-f171-4309-8016-d1cb423ad545,https://d3gm2hf49xd6jj.cloudfront.net/f99c9dbf-f171-4309-8016-d1cb423ad545/S1A_IW_20180617T051916_DVP_RTC30_G_gpufem_352E.zip
ef97b94c-cc6d-4937-a51b-427c2f0dfea2,https://d3gm2hf49xd6jj.cloudfront.net/ef97b94c-cc6d-4937-a51b-427c2f0dfea2/S1B_IW_20180717T051836_DVP_RTC30_G_gpufem_A0BD.zip
0dce042d-bdaf-403b-a29e-fd2ed65819a1,https://d3gm2hf49xd6jj.cloudfront.net/0dce042d-bdaf-403b-a29e-fd2ed65819a1/S1A_IW_20180816T051920_DVP_RTC30_G_gpufem_2BDF.zip
b38ef78b-d483-4a37-af1c-0d761f832b85,https://d3gm2hf49xd6jj.cloudfront.net/b38ef78b-d483-4a37-af1c-0d761f832b85/S1A_IW_20180711T051917_DVP_RTC30_G_gpufem_89B4.zip
a5ec56ef-80eb-4ee3-a962-50f2146f967e,https://d3gm2hf49xd6jj.cloudfront.net/a5ec56ef-80eb-4ee3-a962-50f2146f967e/S1B_IW_20180822T051838_DVP_RTC30_G_gpufem_5399.zip
6a5c66ff-c632-4f91-8fb0-61c8e9a2b63f,https://d3gm2hf49xd6jj.cloudfront.net/6a5c66ff-c632-4f91-8fb0-61c8e9a2b63f/S1A_IW_20180723T051918_DVP_RTC30_G_gpufem_D04A.zip
adac76e4-6c83-4a5d-9f88-97cb23a9a194,https://d3gm2hf49xd6jj.cloudfront.net/adac76e4-6c83-4a5d-9f88-97cb23a9a194/S1A_IW_20180629T051917_DVP_RTC30_G_gpufem_C8F1.zip
cad52d20-23bc-4ac2-bf78-c71694264e13,https://d3gm2hf49xd6jj.cloudfront.net/cad52d20-23bc-4ac2-bf78-c71694264e13/S1A_IW_20180828T051920_DVP_RTC30_G_gpufem_E23D.zip
c1864ded-42e9-470b-911a-532ea6ba3bc6,https://d3gm2hf49xd6jj.cloudfront.net/c1864ded-42e9-470b-911a-532ea6ba3bc6/S1B_IW_20180810T051837_DVP_RTC30_G_gpufem_8843.zip
7bff27a3-f2a8-4e3c-b893-12b7989cf735,https://d3gm2hf49xd6jj.cloudfront.net/7bff27a3-f2a8-4e3c-b893-12b7989cf735/S1B_IW_20180903T051839_DVP_RTC30_G_gpufem_7ABC.zip
cb17195d-3ec6-468f-821b-6f35417dcf25,https://d3gm2hf49xd6jj.cloudfront.net/cb17195d-3ec6-468f-821b-6f35417dcf25/S1B_IW_20180729T051837_DVP_RTC30_G_gpufem_53E5.zip
c0e16bd0-1864-4594-88d8-1097a2908ba1,https://d3gm2hf49xd6jj.cloudfront.net/c0e16bd0-1864-4594-88d8-1097a2908ba1/S1B_IW_20180705T051827_DVP_RTC30_G_gpufem_FB78.zip
e8a658c7-78f6-412d-b522-d68ed9bb1a69,https://d3gm2hf49xd6jj.cloudfront.net/e8a658c7-78f6-412d-b522-d68ed9bb1a69/S1A_IW_20180804T051919_DVP_RTC30_G_gpufem_8B3E.zip
5fbce4c5-d8b3-4f65-841d-af5d0b879aa9,https://d3gm2hf49xd6jj.cloudfront.net/5fbce4c5-d8b3-4f65-841d-af5d0b879aa9/S1A_IW_20180112T051913_DVP_RTC30_G_gpufem_11F8.zip
755cc9c5-3335-4fb8-8a5e-8cba784a3ce7,https://d3gm2hf49xd6jj.cloudfront.net/755cc9c5-3335-4fb8-8a5e-8cba784a3ce7/S1A_IW_20180313T051912_DVP_RTC30_G_gpufem_7C20.zip
98abf605-6afb-4a33-86d4-538935ebe051,https://d3gm2hf49xd6jj.cloudfront.net/98abf605-6afb-4a33-86d4-538935ebe051/S1A_IW_20180124T051912_DVP_RTC30_G_gpufem_8838.zip
a2216078-6f05-4acc-93b3-ca28c7f50564,https://d3gm2hf49xd6jj.cloudfront.net/a2216078-6f05-4acc-93b3-ca28c7f50564/S1A_IW_20180301T051912_DVP_RTC30_G_gpufem_90E7.zip
a91ae78e-d544-4a5e-a0a2-38c001bcfeea,https://d3gm2hf49xd6jj.cloudfront.net/a91ae78e-d544-4a5e-a0a2-38c001bcfeea/S1A_IW_20180406T051912_DVP_RTC30_G_gpufem_877A.zip
bcea2c3b-8be0-4170-a3ef-8bb36c55e086,https://d3gm2hf49xd6jj.cloudfront.net/bcea2c3b-8be0-4170-a3ef-8bb36c55e086/S1B_IW_20180506T051838_DVP_RTC30_G_gpufem_40D7.zip
aee5f2d5-e491-48a3-95db-545b6d6640ff,https://d3gm2hf49xd6jj.cloudfront.net/aee5f2d5-e491-48a3-95db-545b6d6640ff/S1B_IW_20180223T051836_DVP_RTC30_G_gpufem_DC3B.zip
2073c188-e1ac-48ea-9fd9-427e0daa6ebf,https://d3gm2hf49xd6jj.cloudfront.net/2073c188-e1ac-48ea-9fd9-427e0daa6ebf/S1A_IW_20180325T051912_DVP_RTC30_G_gpufem_405A.zip
8e324377-7c0a-431a-b713-538a96fd0e8e,https://d3gm2hf49xd6jj.cloudfront.net/8e324377-7c0a-431a-b713-538a96fd0e8e/S1B_IW_20180424T051837_DVP_RTC30_G_gpufem_B74A.zip
0f93ff3d-aad0-403f-8017-31dd669166bc,https://d3gm2hf49xd6jj.cloudfront.net/0f93ff3d-aad0-403f-8017-31dd669166bc/S1B_IW_20180331T051837_DVP_RTC30_G_gpufem_2E06.zip
fb42bbae-d1e5-46d6-bb51-0460112c519b,https://d3gm2hf49xd6jj.cloudfront.net/fb42bbae-d1e5-46d6-bb51-0460112c519b/S1B_IW_20180307T051836_DVP_RTC30_G_gpufem_0E7C.zip
b9c6c836-65f0-4677-a5e0-a6e85ab2855f,https://d3gm2hf49xd6jj.cloudfront.net/b9c6c836-65f0-4677-a5e0-a6e85ab2855f/S1A_IW_20180217T051912_DVP_RTC30_G_gpufem_C876.zip
eb7a7f77-7814-4546-9245-f2aac7c1915d,https://d3gm2hf49xd6jj.cloudfront.net/eb7a7f77-7814-4546-9245-f2aac7c1915d/S1B_IW_20180118T051837_DVP_RTC30_G_gpufem_7ADA.zip
15ef2132-30ec-4db4-b835-87c14ef30d0c,https://d3gm2hf49xd6jj.cloudfront.net/15ef2132-30ec-4db4-b835-87c14ef30d0c/S1A_IW_20180430T051913_DVP_RTC30_G_gpufem_F6B7.zip
5841b022-14e0-47f5-870d-22dbba9d953e,https://d3gm2hf49xd6jj.cloudfront.net/5841b022-14e0-47f5-870d-22dbba9d953e/S1A_IW_20180418T051913_DVP_RTC30_G_gpufem_3360.zip
c7e8faa5-e676-4786-a38e-51d3facd7d3c,https://d3gm2hf49xd6jj.cloudfront.net/c7e8faa5-e676-4786-a38e-51d3facd7d3c/S1B_IW_20180130T051837_DVP_RTC30_G_gpufem_4B48.zip
ab75b574-8c69-468a-9e6c-f134d757f412,https://d3gm2hf49xd6jj.cloudfront.net/ab75b574-8c69-468a-9e6c-f134d757f412/S1B_IW_20180412T051837_DVP_RTC30_G_gpufem_AEF8.zip
108a2e55-5c9f-43ee-8096-bc13758ec593,https://d3gm2hf49xd6jj.cloudfront.net/108a2e55-5c9f-43ee-8096-bc13758ec593/S1B_IW_20180319T051836_DVP_RTC30_G_gpufem_CCF6.zip
308b2966-397a-472d-9892-738dadebe1f8,https://d3gm2hf49xd6jj.cloudfront.net/308b2966-397a-472d-9892-738dadebe1f8/S1A_IW_20180205T051912_DVP_RTC30_G_gpufem_4479.zip
0a6aae92-4eea-4116-80be-701b81c15bf1,https://d3gm2hf49xd6jj.cloudfront.net/0a6aae92-4eea-4116-80be-701b81c15bf1/S1B_IW_20180211T051837_DVP_RTC30_G_gpufem_FE5E.zip
239dceb5-5ac3-4c18-91aa-6956582431c4,https://d3gm2hf49xd6jj.cloudfront.net/239dceb5-5ac3-4c18-91aa-6956582431c4/S1A_IW_20170914T051914_DVP_RTC30_G_gpufem_19D3.zip
ba80ba33-a880-4cc3-88a4-fa15ec1d6db7,https://d3gm2hf49xd6jj.cloudfront.net/ba80ba33-a880-4cc3-88a4-fa15ec1d6db7/S1B_IW_20170920T051838_DVP_RTC30_G_gpufem_7A2A.zip
35677b37-ce03-44e4-b24c-afa312bca433,https://d3gm2hf49xd6jj.cloudfront.net/35677b37-ce03-44e4-b24c-afa312bca433/S1A_IW_20170926T051915_DVP_RTC30_G_gpufem_4FAE.zip
a01d8ae8-0af9-436d-b24e-4dc3bff8ec6c,https://d3gm2hf49xd6jj.cloudfront.net/a01d8ae8-0af9-436d-b24e-4dc3bff8ec6c/S1B_IW_20171107T051838_DVP_RTC30_G_gpufem_145D.zip
a1d3fb32-0790-4add-9bb3-8eb0320ff54e,https://d3gm2hf49xd6jj.cloudfront.net/a1d3fb32-0790-4add-9bb3-8eb0320ff54e/S1B_IW_20171201T051839_DVP_RTC30_G_gpufem_5F0C.zip
d5aa5d37-1664-4c85-95f7-590d476e8edb,https://d3gm2hf49xd6jj.cloudfront.net/d5aa5d37-1664-4c85-95f7-590d476e8edb/S1B_IW_20171225T051838_DVP_RTC30_G_gpufem_7E5F.zip
676495c7-58e3-4c06-b19b-091ea193d06f,https://d3gm2hf49xd6jj.cloudfront.net/676495c7-58e3-4c06-b19b-091ea193d06f/S1A_IW_20171231T051913_DVP_RTC30_G_gpufem_3317.zip
e79a3e5f-ffdb-43f0-81a9-ef0863f2190f,https://d3gm2hf49xd6jj.cloudfront.net/e79a3e5f-ffdb-43f0-81a9-ef0863f2190f/S1A_IW_20171113T051915_DVP_RTC30_G_gpufem_B8C8.zip
025009df-c790-4970-9dd6-8e46cf0e6a14,https://d3gm2hf49xd6jj.cloudfront.net/025009df-c790-4970-9dd6-8e46cf0e6a14/S1B_IW_20170908T051838_DVP_RTC30_G_gpufem_9A46.zip
9d35697e-f1e1-45c0-b74b-66a1649ac8f0,https://d3gm2hf49xd6jj.cloudfront.net/9d35697e-f1e1-45c0-b74b-66a1649ac8f0/S1A_IW_20171219T051914_DVP_RTC30_G_gpufem_2D36.zip
2b605fe7-eb85-474f-b09b-7a23b43a7d1a,https://d3gm2hf49xd6jj.cloudfront.net/2b605fe7-eb85-474f-b09b-7a23b43a7d1a/S1A_IW_20171125T051915_DVP_RTC30_G_gpufem_1BDA.zip
b28658fa-b294-431a-858d-164b7a84e948,https://d3gm2hf49xd6jj.cloudfront.net/b28658fa-b294-431a-858d-164b7a84e948/S1B_IW_20171213T051839_DVP_RTC30_G_gpufem_7A95.zip
da4265c3-4505-4a24-bb05-6d0dd401692b,https://d3gm2hf49xd6jj.cloudfront.net/da4265c3-4505-4a24-bb05-6d0dd401692b/S1B_IW_20171002T051838_DVP_RTC30_G_gpufem_4FE0.zip
49a1a7c8-bb66-41aa-82d4-1faacbaf9cde,https://d3gm2hf49xd6jj.cloudfront.net/49a1a7c8-bb66-41aa-82d4-1faacbaf9cde/S1A_IW_20171008T051915_DVP_RTC30_G_gpufem_46E0.zip
f71c4961-5767-4719-a617-fa1912697515,https://d3gm2hf49xd6jj.cloudfront.net/f71c4961-5767-4719-a617-fa1912697515/S1A_IW_20171101T051915_DVP_RTC30_G_gpufem_1438.zip
2cb81021-bcfa-4bea-9b71-f015953c42c9,https://d3gm2hf49xd6jj.cloudfront.net/2cb81021-bcfa-4bea-9b71-f015953c42c9/S1A_IW_20171020T051915_DVP_RTC30_G_gpufem_C0D4.zip
2d9c9fe5-bf5a-46a8-bcba-208d8a82ef9e,https://d3gm2hf49xd6jj.cloudfront.net/2d9c9fe5-bf5a-46a8-bcba-208d8a82ef9e/S1B_IW_20171026T051839_DVP_RTC30_G_gpufem_329C.zip
b9b95461-e2ef-4643-bb8e-84e7cc6b0942,https://d3gm2hf49xd6jj.cloudfront.net/b9b95461-e2ef-4643-bb8e-84e7cc6b0942/S1A_IW_20171207T051914_DVP_RTC30_G_gpufem_87D1.zip
57439f66-8b3c-4d5a-9206-49c6de064ea0,https://d3gm2hf49xd6jj.cloudfront.net/57439f66-8b3c-4d5a-9206-49c6de064ea0/S1B_IW_20180106T051838_DVP_RTC30_G_gpufem_39EF.zip
4430a707-de48-4af8-abf2-19b5355779bc,https://d3gm2hf49xd6jj.cloudfront.net/4430a707-de48-4af8-abf2-19b5355779bc/S1B_IW_20171014T051839_DVP_RTC30_G_gpufem_06AA.zip
ef31c01c-611a-40fb-be50-3a79a231bb86,https://d3gm2hf49xd6jj.cloudfront.net/ef31c01c-611a-40fb-be50-3a79a231bb86/S1B_IW_20170803T051836_DVP_RTC30_G_gpufem_0B60.zip
d7643dfc-5f6a-4364-aae3-3a39ff2c3dfd,https://d3gm2hf49xd6jj.cloudfront.net/d7643dfc-5f6a-4364-aae3-3a39ff2c3dfd/S1A_IW_20170728T051912_DVP_RTC30_G_gpufem_4EEE.zip
a60a151e-4e37-4ebe-b209-a188155d4de2,https://d3gm2hf49xd6jj.cloudfront.net/a60a151e-4e37-4ebe-b209-a188155d4de2/S1A_IW_20170902T051914_DVP_RTC30_G_gpufem_142A.zip
0fedef25-bddf-4202-828f-f0421b034626,https://d3gm2hf49xd6jj.cloudfront.net/0fedef25-bddf-4202-828f-f0421b034626/S1B_IW_20170710T051835_DVP_RTC30_G_gpufem_D815.zip
6fec6696-9115-4e0b-8e44-5845f4860632,https://d3gm2hf49xd6jj.cloudfront.net/6fec6696-9115-4e0b-8e44-5845f4860632/S1B_IW_20170604T051832_DVP_RTC30_G_gpufem_653F.zip
a66e7e9e-e5ba-421f-a700-621eb1cd9b29,https://d3gm2hf49xd6jj.cloudfront.net/a66e7e9e-e5ba-421f-a700-621eb1cd9b29/S1A_IW_20170610T051909_DVP_RTC30_G_gpufem_421D.zip
191cd752-8958-4e3a-b680-76f3d998e1d0,https://d3gm2hf49xd6jj.cloudfront.net/191cd752-8958-4e3a-b680-76f3d998e1d0/S1B_IW_20170511T051831_DVP_RTC30_G_gpufem_B8B7.zip
8b90d228-8ee3-43f1-bd6f-f1fb19ce05fd,https://d3gm2hf49xd6jj.cloudfront.net/8b90d228-8ee3-43f1-bd6f-f1fb19ce05fd/S1B_IW_20170815T051837_DVP_RTC30_G_gpufem_B6E4.zip
c5b8ef54-e2a0-4ced-afe5-870467c6561e,https://d3gm2hf49xd6jj.cloudfront.net/c5b8ef54-e2a0-4ced-afe5-870467c6561e/S1B_IW_20170628T051834_DVP_RTC30_G_gpufem_F6EE.zip
eeacc0e3-0536-4b49-9a48-78e11efc39c9,https://d3gm2hf49xd6jj.cloudfront.net/eeacc0e3-0536-4b49-9a48-78e11efc39c9/S1B_IW_20170722T051835_DVP_RTC30_G_gpufem_F9FF.zip
8677b759-67e1-4c12-af55-1f2b995b409b,https://d3gm2hf49xd6jj.cloudfront.net/8677b759-67e1-4c12-af55-1f2b995b409b/S1A_IW_20170821T051913_DVP_RTC30_G_gpufem_E105.zip
ba49b7f7-bd74-4650-a73b-9bfb616628ca,https://d3gm2hf49xd6jj.cloudfront.net/ba49b7f7-bd74-4650-a73b-9bfb616628ca/S1A_IW_20170704T051911_DVP_RTC30_G_gpufem_608D.zip
b9d741bf-8680-43de-b1c1-7ab0996e108c,https://d3gm2hf49xd6jj.cloudfront.net/b9d741bf-8680-43de-b1c1-7ab0996e108c/S1B_IW_20170616T051833_DVP_RTC30_G_gpufem_E28E.zip
e0932876-9fda-4d68-87aa-c907de70f740,https://d3gm2hf49xd6jj.cloudfront.net/e0932876-9fda-4d68-87aa-c907de70f740/S1B_IW_20170827T051837_DVP_RTC30_G_gpufem_EA0F.zip
a7fb66d5-3164-418f-bae6-32d575a45eaa,https://d3gm2hf49xd6jj.cloudfront.net/a7fb66d5-3164-418f-bae6-32d575a45eaa/S1A_IW_20170622T051910_DVP_RTC30_G_gpufem_4B82.zip
6135925b-71a3-4e6f-912e-1d78472ca95a,https://d3gm2hf49xd6jj.cloudfront.net/6135925b-71a3-4e6f-912e-1d78472ca95a/S1B_IW_20170523T051832_DVP_RTC30_G_gpufem_3253.zip
b3b3a740-84c7-40d7-9f79-3ba91287a38c,https://d3gm2hf49xd6jj.cloudfront.net/b3b3a740-84c7-40d7-9f79-3ba91287a38c/S1A_IW_20170716T051911_DVP_RTC30_G_gpufem_2A46.zip
44312c5d-b50f-425d-bf5e-76d7c50dc6df,https://d3gm2hf49xd6jj.cloudfront.net/44312c5d-b50f-425d-bf5e-76d7c50dc6df/S1A_IW_20170809T051913_DVP_RTC30_G_gpufem_EF07.zip
83e4fb6d-09bd-4912-a5e1-06d0fdf333a4,https://d3gm2hf49xd6jj.cloudfront.net/83e4fb6d-09bd-4912-a5e1-06d0fdf333a4/S1A_IW_20170517T051857_DVP_RTC30_G_gpufem_DF39.zip
9c9ac652-59c7-4b94-838a-5b61628e9b5d,https://d3gm2hf49xd6jj.cloudfront.net/9c9ac652-59c7-4b94-838a-5b61628e9b5d/S1A_IW_20170529T051909_DVP_RTC30_G_gpufem_3A61.zip
4f242bb9-fe59-4d98-90b1-8fa07c949e1e,https://d3gm2hf49xd6jj.cloudfront.net/4f242bb9-fe59-4d98-90b1-8fa07c949e1e/S1A_IW_20170222T051854_DVP_RTC30_G_gpufem_24BB.zip
9c7fec4a-d661-4477-af47-cee555b2a6f2,https://d3gm2hf49xd6jj.cloudfront.net/9c7fec4a-d661-4477-af47-cee555b2a6f2/S1A_IW_20170306T051854_DVP_RTC30_G_gpufem_B853.zip
2aff1ed5-0471-4843-b114-ddd3014418e8,https://d3gm2hf49xd6jj.cloudfront.net/2aff1ed5-0471-4843-b114-ddd3014418e8/S1A_IW_20170505T051856_DVP_RTC30_G_gpufem_3ABE.zip
56b5ef6a-4d6f-41d7-ab9c-944ce026ba08,https://d3gm2hf49xd6jj.cloudfront.net/56b5ef6a-4d6f-41d7-ab9c-944ce026ba08/S1B_IW_20170429T051832_DVP_RTC30_G_gpufem_996B.zip
073a2657-c552-44a5-9cea-77c36e3d2332,https://d3gm2hf49xd6jj.cloudfront.net/073a2657-c552-44a5-9cea-77c36e3d2332/S1B_IW_20170405T051831_DVP_RTC30_G_gpufem_1147.zip
6669dfe9-6422-468e-a978-4216ebbced3d,https://d3gm2hf49xd6jj.cloudfront.net/6669dfe9-6422-468e-a978-4216ebbced3d/S1B_IW_20170324T051830_DVP_RTC30_G_gpufem_CD14.zip
d4176334-c9a6-4e4f-9ffc-eb21e64b8313,https://d3gm2hf49xd6jj.cloudfront.net/d4176334-c9a6-4e4f-9ffc-eb21e64b8313/S1A_IW_20170210T051854_DVP_RTC30_G_gpufem_9492.zip
08aa9c87-67d6-4cb4-a709-603a3c0927c2,https://d3gm2hf49xd6jj.cloudfront.net/08aa9c87-67d6-4cb4-a709-603a3c0927c2/S1B_IW_20170216T051829_DVP_RTC30_G_gpufem_B9F1.zip
9bab3e95-680e-448d-88b8-f4289d5de184,https://d3gm2hf49xd6jj.cloudfront.net/9bab3e95-680e-448d-88b8-f4289d5de184/S1A_IW_20170318T051854_DVP_RTC30_G_gpufem_B705.zip
7659076a-08c5-4a17-8d02-c925e81c7251,https://d3gm2hf49xd6jj.cloudfront.net/7659076a-08c5-4a17-8d02-c925e81c7251/S1A_IW_20170129T051855_DVP_RTC30_G_gpufem_FDE8.zip
03a9a82a-1094-4d14-880a-ed117dceaaf5,https://d3gm2hf49xd6jj.cloudfront.net/03a9a82a-1094-4d14-880a-ed117dceaaf5/S1A_IW_20170105T051855_DVP_RTC30_G_gpufem_5E59.zip
8a7b1273-66a5-4112-9afb-adf2285739de,https://d3gm2hf49xd6jj.cloudfront.net/8a7b1273-66a5-4112-9afb-adf2285739de/S1B_IW_20170417T051831_DVP_RTC30_G_gpufem_16DA.zip
efa5a001-81e0-42da-90eb-46ed42698303,https://d3gm2hf49xd6jj.cloudfront.net/efa5a001-81e0-42da-90eb-46ed42698303/S1B_IW_20170204T051830_DVP_RTC30_G_gpufem_5F0D.zip
af282d4c-8c8f-4d80-9b29-f2bb9fe005f6,https://d3gm2hf49xd6jj.cloudfront.net/af282d4c-8c8f-4d80-9b29-f2bb9fe005f6/S1B_IW_20170228T051830_DVP_RTC30_G_gpufem_E88E.zip
ba768dae-773a-4abf-b740-09d9a1b93f8e,https://d3gm2hf49xd6jj.cloudfront.net/ba768dae-773a-4abf-b740-09d9a1b93f8e/S1A_IW_20170411T051855_DVP_RTC30_G_gpufem_68A7.zip
f7d1832d-81f0-4a52-ba3a-12fbec800c60,https://d3gm2hf49xd6jj.cloudfront.net/f7d1832d-81f0-4a52-ba3a-12fbec800c60/S1B_IW_20170123T051830_DVP_RTC30_G_gpufem_58E1.zip
6f368c7a-c3f7-4bf9-8f90-82261242a310,https://d3gm2hf49xd6jj.cloudfront.net/6f368c7a-c3f7-4bf9-8f90-82261242a310/S1B_IW_20170312T051829_DVP_RTC30_G_gpufem_4A88.zip
30322e45-059f-4571-9ac9-f52d2670ce0f,https://d3gm2hf49xd6jj.cloudfront.net/30322e45-059f-4571-9ac9-f52d2670ce0f/S1A_IW_20170330T051855_DVP_RTC30_G_gpufem_25C7.zip
bb972854-fbf4-445c-adf9-6cdb06edc6ad,https://d3gm2hf49xd6jj.cloudfront.net/bb972854-fbf4-445c-adf9-6cdb06edc6ad/S1A_IW_20170423T051856_DVP_RTC30_G_gpufem_683B.zip
abe639f0-a081-43f1-892b-d76d46d04f8d,https://d3gm2hf49xd6jj.cloudfront.net/abe639f0-a081-43f1-892b-d76d46d04f8d/S1B_IW_20170111T051831_DVP_RTC30_G_gpufem_BDE6.zip